OrderID,CustomerID,OrderTier,Hub,Age_Years,Latency_Minutes
ORD00001,C0001,1,Hub A,25,19.0
ORD00002,C0002,2,Hub A,32,19.0
ORD00003,C0003,3,Hub A,39,19.0
ORD00004,C0004,1,Hub A,46,19.0
ORD00005,C0005,2,Hub A,53,19.0
ORD00006,C0006,3,Hub A,60,19.0
ORD00007,C0007,1,Hub A,67,19.0
ORD00008,C0008,2,Hub A,74,19.0
ORD00009,C0009,3,Hub A,21,19.0
ORD00010,C0010,1,Hub A,28,19.0
ORD00011,C0011,2,Hub A,35,19.0
ORD00012,C0012,3,Hub A,42,19.0
ORD00013,C0013,1,Hub A,49,19.0
ORD00014,C0014,2,Hub A,56,19.0
ORD00015,C0015,3,Hub A,63,19.0
ORD00016,C0016,1,Hub A,70,19.0
ORD00017,C0017,2,Hub A,77,19.0
ORD00018,C0018,3,Hub A,24,19.0
ORD00019,C0019,1,Hub A,31,19.0
ORD00020,C0020,2,Hub A,38,19.0
ORD00021,C0021,3,Hub A,45,19.0
ORD00022,C0022,1,Hub A,52,19.0
ORD00023,C0023,2,Hub A,59,19.0
ORD00024,C0024,3,Hub A,66,19.0
ORD00025,C0025,1,Hub A,73,19.0
ORD00026,C0026,2,Hub A,20,19.0
ORD00027,C0027,3,Hub A,27,19.0
ORD00028,C0028,1,Hub A,34,19.0
ORD00029,C0029,2,Hub A,41,19.0
ORD00030,C0030,3,Hub A,48,19.0
ORD00031,C0031,1,Hub A,55,19.0
ORD00032,C0032,2,Hub A,62,19.0
ORD00033,C0033,3,Hub A,69,19.0
ORD00034,C0034,1,Hub A,76,19.0
ORD00035,C0035,2,Hub A,23,19.0
ORD00036,C0036,3,Hub A,30,19.0
ORD00037,C0037,1,Hub A,37,19.0
ORD00038,C0038,2,Hub A,44,19.0
ORD00039,C0039,3,Hub A,51,19.0
ORD00040,C0040,1,Hub A,58,19.0
ORD00041,C0041,2,Hub A,65,19.0
ORD00042,C0042,3,Hub A,72,19.0
ORD00043,C0043,1,Hub A,19,19.0
ORD00044,C0044,2,Hub A,26,19.0
ORD00045,C0045,3,Hub A,33,19.0
ORD00046,C0046,1,Hub A,40,19.0
ORD00047,C0047,2,Hub A,47,19.0
ORD00048,C0048,3,Hub A,54,19.0
ORD00049,C0049,1,Hub A,61,19.0
ORD00050,C0050,2,Hub A,68,19.0
ORD00051,C0051,3,Hub A,75,19.0
ORD00052,C0052,1,Hub A,22,19.0
ORD00053,C0053,2,Hub A,29,19.0
ORD00054,C0054,3,Hub A,36,19.0
ORD00055,C0055,1,Hub A,43,19.0
ORD00056,C0056,2,Hub A,50,19.0
ORD00057,C0057,3,Hub A,57,19.0
ORD00058,C0058,1,Hub A,64,19.0
ORD00059,C0059,2,Hub A,71,19.0
ORD00060,C0060,3,Hub A,18,19.0
ORD00061,C0061,1,Hub A,25,19.0
ORD00062,C0062,2,Hub A,32,19.0
ORD00063,C0063,3,Hub A,39,19.0
ORD00064,C0064,1,Hub A,46,19.0
ORD00065,C0065,2,Hub A,53,19.0
ORD00066,C0066,3,Hub A,60,19.0
ORD00067,C0067,1,Hub A,67,19.0
ORD00068,C0068,2,Hub A,74,19.0
ORD00069,C0069,3,Hub A,21,19.0
ORD00070,C0070,1,Hub A,28,19.0
ORD00071,C0071,2,Hub A,35,19.0
ORD00072,C0072,3,Hub A,42,19.0
ORD00073,C0073,1,Hub A,49,19.0
ORD00074,C0074,2,Hub A,56,19.0
ORD00075,C0075,3,Hub A,63,19.0
ORD00076,C0076,1,Hub A,70,19.0
ORD00077,C0077,2,Hub A,77,19.0
ORD00078,C0078,3,Hub A,24,19.0
ORD00079,C0079,1,Hub A,31,19.0
ORD00080,C0080,2,Hub A,38,19.0
ORD00081,C0081,3,Hub A,45,19.0
ORD00082,C0082,1,Hub A,52,19.0
ORD00083,C0083,2,Hub A,59,19.0
ORD00084,C0084,3,Hub A,66,19.0
ORD00085,C0085,1,Hub A,73,19.0
ORD00086,C0086,2,Hub A,20,19.0
ORD00087,C0087,3,Hub A,27,19.0
ORD00088,C0088,1,Hub A,34,19.0
ORD00089,C0089,2,Hub A,41,19.0
ORD00090,C0090,3,Hub A,48,19.0
ORD00091,C0091,1,Hub A,55,19.0
ORD00092,C0092,2,Hub A,62,19.0
ORD00093,C0093,3,Hub A,69,19.0
ORD00094,C0094,1,Hub A,76,19.0
ORD00095,C0095,2,Hub A,23,19.0
ORD00096,C0096,3,Hub A,30,19.0
ORD00097,C0097,1,Hub A,37,19.0
ORD00098,C0098,2,Hub A,44,19.0
ORD00099,C0099,3,Hub A,51,19.0
ORD00100,C0100,1,Hub A,58,19.0
ORD00101,C0101,2,Hub A,65,19.0
ORD00102,C0102,3,Hub A,72,19.0
ORD00103,C0103,1,Hub A,19,19.0
ORD00104,C0104,2,Hub A,26,19.0
ORD00105,C0105,3,Hub A,33,19.0
ORD00106,C0106,1,Hub A,40,19.0
ORD00107,C0107,2,Hub A,47,19.0
ORD00108,C0108,3,Hub A,54,19.0
ORD00109,C0109,1,Hub A,61,19.0
ORD00110,C0110,2,Hub A,68,19.0
ORD00111,C0111,3,Hub A,75,19.0
ORD00112,C0112,1,Hub A,22,19.0
ORD00113,C0113,2,Hub A,29,19.0
ORD00114,C0114,3,Hub A,36,19.0
ORD00115,C0115,1,Hub A,43,19.0
ORD00116,C0116,2,Hub A,50,19.0
ORD00117,C0117,3,Hub A,57,19.0
ORD00118,C0118,1,Hub A,64,19.0
ORD00119,C0119,2,Hub A,71,19.0
ORD00120,C0120,3,Hub A,18,19.0
ORD00121,C0121,1,Hub A,25,19.0
ORD00122,C0122,2,Hub A,32,19.0
ORD00123,C0123,3,Hub A,39,19.0
ORD00124,C0124,1,Hub A,46,19.0
ORD00125,C0125,2,Hub A,53,19.0
ORD00126,C0126,3,Hub A,60,19.0
ORD00127,C0127,1,Hub A,67,19.0
ORD00128,C0128,2,Hub A,74,19.0
ORD00129,C0129,3,Hub A,21,19.0
ORD00130,C0130,1,Hub A,28,19.0
ORD00131,C0131,2,Hub A,35,19.0
ORD00132,C0132,3,Hub A,42,19.0
ORD00133,C0133,1,Hub A,49,19.0
ORD00134,C0134,2,Hub A,56,19.0
ORD00135,C0135,3,Hub A,63,19.0
ORD00136,C0136,1,Hub A,70,19.0
ORD00137,C0137,2,Hub A,77,19.0
ORD00138,C0138,3,Hub A,24,19.0
ORD00139,C0139,1,Hub A,31,19.0
ORD00140,C0140,2,Hub A,38,19.0
ORD00141,C0141,3,Hub A,45,19.0
ORD00142,C0142,1,Hub A,52,19.0
ORD00143,C0143,2,Hub A,59,19.0
ORD00144,C0144,3,Hub A,66,19.0
ORD00145,C0145,1,Hub A,73,19.0
ORD00146,C0146,2,Hub A,20,19.0
ORD00147,C0147,3,Hub A,27,19.0
ORD00148,C0148,1,Hub A,34,19.0
ORD00149,C0149,2,Hub A,41,19.0
ORD00150,C0150,3,Hub A,48,19.0
ORD00151,C0151,1,Hub A,55,19.0
ORD00152,C0152,2,Hub A,62,19.0
ORD00153,C0153,3,Hub A,69,19.0
ORD00154,C0154,1,Hub A,76,19.0
ORD00155,C0155,2,Hub A,23,19.0
ORD00156,C0156,3,Hub A,30,19.0
ORD00157,C0157,1,Hub A,37,19.0
ORD00158,C0158,2,Hub A,44,19.0
ORD00159,C0159,3,Hub A,51,19.0
ORD00160,C0160,1,Hub A,58,19.0
ORD00161,C0161,2,Hub A,65,19.0
ORD00162,C0162,3,Hub A,72,19.0
ORD00163,C0163,1,Hub A,19,19.0
ORD00164,C0164,2,Hub A,26,19.0
ORD00165,C0165,3,Hub A,33,19.0
ORD00166,C0166,1,Hub A,40,19.0
ORD00167,C0167,2,Hub A,47,19.0
ORD00168,C0168,3,Hub A,54,19.0
ORD00169,C0169,1,Hub A,61,19.0
ORD00170,C0170,2,Hub A,68,19.0
ORD00171,C0171,3,Hub A,75,19.0
ORD00172,C0172,1,Hub A,22,19.0
ORD00173,C0173,2,Hub A,29,19.0
ORD00174,C0174,3,Hub A,36,19.0
ORD00175,C0175,1,Hub A,43,19.0
ORD00176,C0176,2,Hub A,50,19.0
ORD00177,C0177,3,Hub A,57,19.0
ORD00178,C0178,1,Hub A,64,19.0
ORD00179,C0179,2,Hub A,71,19.0
ORD00180,C0180,3,Hub A,18,19.0
ORD00181,C0181,1,Hub A,25,19.0
ORD00182,C0182,2,Hub A,32,19.0
ORD00183,C0183,3,Hub A,39,19.0
ORD00184,C0184,1,Hub A,46,19.0
ORD00185,C0185,2,Hub A,53,19.0
ORD00186,C0186,3,Hub A,60,19.0
ORD00187,C0187,1,Hub A,67,19.0
ORD00188,C0188,2,Hub A,74,19.0
ORD00189,C0189,3,Hub A,21,19.0
ORD00190,C0190,1,Hub A,28,19.0
ORD00191,C0191,2,Hub A,35,19.0
ORD00192,C0192,3,Hub A,42,19.0
ORD00193,C0193,1,Hub A,49,19.0
ORD00194,C0194,2,Hub A,56,19.0
ORD00195,C0195,3,Hub A,63,19.0
ORD00196,C0196,1,Hub A,70,19.0
ORD00197,C0197,2,Hub A,77,19.0
ORD00198,C0198,3,Hub A,24,19.0
ORD00199,C0199,1,Hub A,31,19.0
ORD00200,C0200,2,Hub A,38,19.0
ORD00201,C0201,3,Hub A,45,19.0
ORD00202,C0202,1,Hub A,52,19.0
ORD00203,C0203,2,Hub A,59,19.0
ORD00204,C0204,3,Hub A,66,19.0
ORD00205,C0205,1,Hub A,73,19.0
ORD00206,C0206,2,Hub A,20,19.0
ORD00207,C0207,3,Hub A,27,19.0
ORD00208,C0208,1,Hub A,34,19.0
ORD00209,C0209,2,Hub A,41,19.0
ORD00210,C0210,3,Hub A,48,19.0
ORD00211,C0211,1,Hub A,55,19.0
ORD00212,C0212,2,Hub A,62,19.0
ORD00213,C0213,3,Hub A,69,19.0
ORD00214,C0214,1,Hub A,76,19.0
ORD00215,C0215,2,Hub A,23,19.0
ORD00216,C0216,3,Hub A,30,19.0
ORD00217,C0217,1,Hub A,37,19.0
ORD00218,C0218,2,Hub A,44,19.0
ORD00219,C0219,3,Hub A,51,19.0
ORD00220,C0220,1,Hub A,58,19.0
ORD00221,C0221,2,Hub A,65,19.0
ORD00222,C0222,3,Hub A,72,19.0
ORD00223,C0223,1,Hub A,19,19.0
ORD00224,C0224,2,Hub A,26,19.0
ORD00225,C0225,3,Hub A,33,19.0
ORD00226,C0226,1,Hub A,40,19.0
ORD00227,C0227,2,Hub A,47,19.0
ORD00228,C0228,3,Hub A,54,19.0
ORD00229,C0229,1,Hub A,61,19.0
ORD00230,C0230,2,Hub A,68,19.0
ORD00231,C0231,3,Hub A,75,19.0
ORD00232,C0232,1,Hub A,22,19.0
ORD00233,C0233,2,Hub A,29,19.0
ORD00234,C0234,3,Hub A,36,19.0
ORD00235,C0235,1,Hub A,43,19.0
ORD00236,C0236,2,Hub A,50,19.0
ORD00237,C0237,3,Hub A,57,19.0
ORD00238,C0238,1,Hub A,64,19.0
ORD00239,C0239,2,Hub A,71,19.0
ORD00240,C0240,3,Hub A,18,19.0
ORD00241,C0241,1,Hub A,25,19.0
ORD00242,C0242,2,Hub A,32,19.0
ORD00243,C0243,3,Hub A,39,19.0
ORD00244,C0244,1,Hub A,46,19.0
ORD00245,C0245,2,Hub A,53,19.0
ORD00246,C0246,3,Hub A,60,19.0
ORD00247,C0247,1,Hub A,67,19.0
ORD00248,C0248,2,Hub A,74,19.0
ORD00249,C0249,3,Hub A,21,19.0
ORD00250,C0250,1,Hub A,28,19.0
ORD00251,C0251,2,Hub A,35,19.0
ORD00252,C0252,3,Hub A,42,19.0
ORD00253,C0253,1,Hub A,49,19.0
ORD00254,C0254,2,Hub A,56,19.0
ORD00255,C0255,3,Hub A,63,19.0
ORD00256,C0256,1,Hub A,70,19.0
ORD00257,C0257,2,Hub A,77,19.0
ORD00258,C0258,3,Hub A,24,19.0
ORD00259,C0259,1,Hub A,31,19.0
ORD00260,C0260,2,Hub A,38,19.0
ORD00261,C0261,3,Hub A,45,19.0
ORD00262,C0262,1,Hub A,52,19.0
ORD00263,C0263,2,Hub A,59,19.0
ORD00264,C0264,3,Hub A,66,19.0
ORD00265,C0265,1,Hub A,73,19.0
ORD00266,C0266,2,Hub A,20,19.0
ORD00267,C0267,3,Hub A,27,19.0
ORD00268,C0268,1,Hub A,34,19.0
ORD00269,C0269,2,Hub A,41,19.0
ORD00270,C0270,3,Hub A,48,19.0
ORD00271,C0271,1,Hub A,55,19.0
ORD00272,C0272,2,Hub A,62,19.0
ORD00273,C0273,3,Hub A,69,19.0
ORD00274,C0274,1,Hub A,76,19.0
ORD00275,C0275,2,Hub A,23,19.0
ORD00276,C0276,3,Hub A,30,19.0
ORD00277,C0277,1,Hub A,37,19.0
ORD00278,C0278,2,Hub A,44,19.0
ORD00279,C0279,3,Hub A,51,19.0
ORD00280,C0280,1,Hub A,58,19.0
ORD00281,C0281,2,Hub A,65,19.0
ORD00282,C0282,3,Hub A,72,19.0
ORD00283,C0283,1,Hub A,19,19.0
ORD00284,C0284,2,Hub A,26,19.0
ORD00285,C0285,3,Hub A,33,19.0
ORD00286,C0286,1,Hub A,40,19.0
ORD00287,C0287,2,Hub A,47,19.0
ORD00288,C0288,3,Hub A,54,19.0
ORD00289,C0289,1,Hub A,61,19.0
ORD00290,C0290,2,Hub A,68,19.0
ORD00291,C0291,3,Hub A,75,19.0
ORD00292,C0292,1,Hub A,22,19.0
ORD00293,C0293,2,Hub A,29,19.0
ORD00294,C0294,3,Hub A,36,19.0
ORD00295,C0295,1,Hub A,43,19.0
ORD00296,C0296,2,Hub A,50,19.0
ORD00297,C0297,3,Hub A,57,19.0
ORD00298,C0298,1,Hub A,64,19.0
ORD00299,C0299,2,Hub A,71,19.0
ORD00300,C0300,3,Hub A,18,19.0
ORD00301,C0301,1,Hub A,25,19.0
ORD00302,C0302,2,Hub A,32,19.0
ORD00303,C0303,3,Hub A,39,19.0
ORD00304,C0304,1,Hub A,46,19.0
ORD00305,C0305,2,Hub A,53,19.0
ORD00306,C0306,3,Hub A,60,19.0
ORD00307,C0307,1,Hub A,67,19.0
ORD00308,C0308,2,Hub A,74,19.0
ORD00309,C0309,3,Hub A,21,19.0
ORD00310,C0310,1,Hub A,28,19.0
ORD00311,C0311,2,Hub A,35,19.0
ORD00312,C0312,3,Hub A,42,19.0
ORD00313,C0313,1,Hub A,49,19.0
ORD00314,C0314,2,Hub A,56,19.0
ORD00315,C0315,3,Hub A,63,19.0
ORD00316,C0316,1,Hub A,70,19.0
ORD00317,C0317,2,Hub A,77,19.0
ORD00318,C0318,3,Hub A,24,19.0
ORD00319,C0319,1,Hub A,31,19.0
ORD00320,C0320,2,Hub A,38,19.0
ORD00321,C0321,3,Hub A,45,19.0
ORD00322,C0322,1,Hub A,52,19.0
ORD00323,C0323,2,Hub A,59,19.0
ORD00324,C0324,3,Hub A,66,19.0
ORD00325,C0325,1,Hub A,73,19.0
ORD00326,C0326,2,Hub A,20,19.0
ORD00327,C0327,3,Hub A,27,19.0
ORD00328,C0328,1,Hub A,34,19.0
ORD00329,C0329,2,Hub A,41,19.0
ORD00330,C0330,3,Hub A,48,19.0
ORD00331,C0331,1,Hub A,55,19.0
ORD00332,C0332,2,Hub A,62,19.0
ORD00333,C0333,3,Hub A,69,19.0
ORD00334,C0334,1,Hub A,76,19.0
ORD00335,C0335,2,Hub A,23,19.0
ORD00336,C0336,3,Hub A,30,19.0
ORD00337,C0337,1,Hub A,37,19.0
ORD00338,C0338,2,Hub A,44,19.0
ORD00339,C0339,3,Hub A,51,19.0
ORD00340,C0340,1,Hub A,58,19.0
ORD00341,C0341,2,Hub A,65,19.0
ORD00342,C0342,3,Hub A,72,19.0
ORD00343,C0343,1,Hub A,19,19.0
ORD00344,C0344,2,Hub A,26,19.0
ORD00345,C0345,3,Hub A,33,19.0
ORD00346,C0346,1,Hub A,40,19.0
ORD00347,C0347,2,Hub A,47,19.0
ORD00348,C0348,3,Hub A,54,19.0
ORD00349,C0349,1,Hub A,61,19.0
ORD00350,C0350,2,Hub A,68,19.0
ORD00351,C0351,3,Hub A,75,19.0
ORD00352,C0352,1,Hub A,22,19.0
ORD00353,C0353,2,Hub A,29,19.0
ORD00354,C0354,3,Hub A,36,19.0
ORD00355,C0355,1,Hub A,43,19.0
ORD00356,C0356,2,Hub A,50,19.0
ORD00357,C0357,3,Hub A,57,19.0
ORD00358,C0358,1,Hub A,64,19.0
ORD00359,C0359,2,Hub A,71,19.0
ORD00360,C0360,3,Hub A,18,19.0
ORD00361,C0361,1,Hub A,25,19.0
ORD00362,C0362,2,Hub A,32,19.0
ORD00363,C0363,3,Hub A,39,19.0
ORD00364,C0364,1,Hub A,46,19.0
ORD00365,C0365,2,Hub A,53,19.0
ORD00366,C0366,3,Hub A,60,19.0
ORD00367,C0367,1,Hub A,67,19.0
ORD00368,C0368,2,Hub A,74,19.0
ORD00369,C0369,3,Hub A,21,19.0
ORD00370,C0370,1,Hub A,28,19.0
ORD00371,C0371,2,Hub A,35,19.0
ORD00372,C0372,3,Hub A,42,19.0
ORD00373,C0373,1,Hub A,49,19.0
ORD00374,C0374,2,Hub A,56,19.0
ORD00375,C0375,3,Hub A,63,19.0
ORD00376,C0376,1,Hub A,70,19.0
ORD00377,C0377,2,Hub A,77,19.0
ORD00378,C0378,3,Hub A,24,19.0
ORD00379,C0379,1,Hub A,31,19.0
ORD00380,C0380,2,Hub A,38,19.0
ORD00381,C0381,3,Hub A,45,19.0
ORD00382,C0382,1,Hub A,52,19.0
ORD00383,C0383,2,Hub A,59,19.0
ORD00384,C0384,3,Hub A,66,19.0
ORD00385,C0385,1,Hub A,73,19.0
ORD00386,C0386,2,Hub A,20,19.0
ORD00387,C0387,3,Hub A,27,19.0
ORD00388,C0388,1,Hub A,34,19.0
ORD00389,C0389,2,Hub A,41,19.0
ORD00390,C0390,3,Hub A,48,19.0
ORD00391,C0391,1,Hub A,55,19.0
ORD00392,C0392,2,Hub A,62,19.0
ORD00393,C0393,3,Hub A,69,19.0
ORD00394,C0394,1,Hub A,76,19.0
ORD00395,C0395,2,Hub A,23,19.0
ORD00396,C0396,3,Hub A,30,19.0
ORD00397,C0397,1,Hub A,37,19.0
ORD00398,C0398,2,Hub A,44,19.0
ORD00399,C0399,3,Hub A,51,19.0
ORD00400,C0400,1,Hub A,58,19.0
ORD00401,C0401,2,Hub A,65,19.0
ORD00402,C0402,3,Hub A,72,19.0
ORD00403,C0403,1,Hub A,19,19.0
ORD00404,C0404,2,Hub A,26,19.0
ORD00405,C0405,3,Hub A,33,19.0
ORD00406,C0406,1,Hub A,40,19.0
ORD00407,C0407,2,Hub A,47,19.0
ORD00408,C0408,3,Hub A,54,19.0
ORD00409,C0409,1,Hub A,61,19.0
ORD00410,C0410,2,Hub A,68,19.0
ORD00411,C0411,3,Hub A,75,19.0
ORD00412,C0412,1,Hub A,22,19.0
ORD00413,C0413,2,Hub A,29,19.0
ORD00414,C0414,3,Hub A,36,19.0
ORD00415,C0415,1,Hub A,43,19.0
ORD00416,C0416,2,Hub A,50,19.0
ORD00417,C0417,3,Hub A,57,19.0
ORD00418,C0418,1,Hub A,64,19.0
ORD00419,C0419,2,Hub A,71,19.0
ORD00420,C0420,3,Hub A,18,19.0
ORD00421,C0421,1,Hub A,25,19.0
ORD00422,C0422,2,Hub A,32,19.0
ORD00423,C0423,3,Hub A,39,19.0
ORD00424,C0424,1,Hub A,46,19.0
ORD00425,C0425,2,Hub A,53,19.0
ORD00426,C0426,3,Hub A,60,19.0
ORD00427,C0427,1,Hub A,67,19.0
ORD00428,C0428,2,Hub A,74,19.0
ORD00429,C0429,3,Hub A,21,19.0
ORD00430,C0430,1,Hub A,28,19.0
ORD00431,C0431,2,Hub A,35,19.0
ORD00432,C0432,3,Hub A,42,19.0
ORD00433,C0433,1,Hub A,49,19.0
ORD00434,C0434,2,Hub A,56,19.0
ORD00435,C0435,3,Hub A,63,19.0
ORD00436,C0436,1,Hub A,70,19.0
ORD00437,C0437,2,Hub A,77,19.0
ORD00438,C0438,3,Hub A,24,19.0
ORD00439,C0439,1,Hub A,31,19.0
ORD00440,C0440,2,Hub A,38,19.0
ORD00441,C0441,3,Hub A,45,19.0
ORD00442,C0442,1,Hub A,52,19.0
ORD00443,C0443,2,Hub A,59,19.0
ORD00444,C0444,3,Hub A,66,19.0
ORD00445,C0445,1,Hub A,73,19.0
ORD00446,C0446,2,Hub A,20,19.0
ORD00447,C0447,3,Hub A,27,19.0
ORD00448,C0448,1,Hub A,34,19.0
ORD00449,C0449,2,Hub A,41,19.0
ORD00450,C0450,3,Hub A,48,19.0
ORD00451,C0451,1,Hub A,55,19.0
ORD00452,C0452,2,Hub A,62,19.0
ORD00453,C0453,3,Hub A,69,19.0
ORD00454,C0454,1,Hub A,76,19.0
ORD00455,C0455,2,Hub A,23,19.0
ORD00456,C0456,3,Hub A,30,19.0
ORD00457,C0457,1,Hub A,37,19.0
ORD00458,C0458,2,Hub A,44,19.0
ORD00459,C0459,3,Hub A,51,19.0
ORD00460,C0460,1,Hub A,58,19.0
ORD00461,C0461,2,Hub A,65,19.0
ORD00462,C0462,3,Hub A,72,19.0
ORD00463,C0463,1,Hub A,19,19.0
ORD00464,C0464,2,Hub A,26,19.0
ORD00465,C0465,3,Hub A,33,19.0
ORD00466,C0466,1,Hub A,40,19.0
ORD00467,C0467,2,Hub A,47,19.0
ORD00468,C0468,3,Hub A,54,19.0
ORD00469,C0469,1,Hub A,61,19.0
ORD00470,C0470,2,Hub A,68,19.0
ORD00471,C0471,3,Hub A,75,19.0
ORD00472,C0472,1,Hub A,22,19.0
ORD00473,C0473,2,Hub A,29,19.0
ORD00474,C0474,3,Hub A,36,19.0
ORD00475,C0475,1,Hub A,43,19.0
ORD00476,C0476,2,Hub A,50,19.0
ORD00477,C0477,3,Hub A,57,19.0
ORD00478,C0478,1,Hub A,64,19.0
ORD00479,C0479,2,Hub A,71,19.0
ORD00480,C0480,3,Hub A,18,19.0
ORD00481,C0481,1,Hub A,25,19.0
ORD00482,C0482,2,Hub A,32,19.0
ORD00483,C0483,3,Hub A,39,19.0
ORD00484,C0484,1,Hub A,46,19.0
ORD00485,C0485,2,Hub A,53,19.0
ORD00486,C0486,3,Hub A,60,19.0
ORD00487,C0487,1,Hub A,67,19.0
ORD00488,C0488,2,Hub A,74,19.0
ORD00489,C0489,3,Hub A,21,19.0
ORD00490,C0490,1,Hub A,28,19.0
ORD00491,C0491,2,Hub A,35,19.0
ORD00492,C0492,3,Hub A,42,19.0
ORD00493,C0493,1,Hub A,49,19.0
ORD00494,C0494,2,Hub A,56,19.0
ORD00495,C0495,3,Hub A,63,19.0
ORD00496,C0496,1,Hub A,70,19.0
ORD00497,C0497,2,Hub A,77,19.0
ORD00498,C0498,3,Hub A,24,19.0
ORD00499,C0499,1,Hub A,31,19.0
ORD00500,C0500,2,Hub A,38,19.0
ORD00501,C0501,3,Hub A,45,19.0
ORD00502,C0502,1,Hub A,52,19.0
ORD00503,C0503,2,Hub A,59,19.0
ORD00504,C0504,3,Hub A,66,19.0
ORD00505,C0505,1,Hub A,73,19.0
ORD00506,C0506,2,Hub A,20,19.0
ORD00507,C0507,3,Hub A,27,19.0
ORD00508,C0508,1,Hub A,34,19.0
ORD00509,C0509,2,Hub A,41,19.0
ORD00510,C0510,3,Hub A,48,19.0
ORD00511,C0511,1,Hub A,55,19.0
ORD00512,C0512,2,Hub A,62,19.0
ORD00513,C0513,3,Hub A,69,19.0
ORD00514,C0514,1,Hub A,76,19.0
ORD00515,C0515,2,Hub A,23,19.0
ORD00516,C0516,3,Hub A,30,19.0
ORD00517,C0517,1,Hub A,37,19.0
ORD00518,C0518,2,Hub A,44,19.0
ORD00519,C0519,3,Hub A,51,19.0
ORD00520,C0520,1,Hub A,58,19.0
ORD00521,C0521,2,Hub A,65,19.0
ORD00522,C0522,3,Hub A,72,19.0
ORD00523,C0523,1,Hub A,19,19.0
ORD00524,C0524,2,Hub A,26,19.0
ORD00525,C0525,3,Hub A,33,19.0
ORD00526,C0526,1,Hub A,40,19.0
ORD00527,C0527,2,Hub A,47,19.0
ORD00528,C0528,3,Hub A,54,19.0
ORD00529,C0529,1,Hub A,61,19.0
ORD00530,C0530,2,Hub A,68,19.0
ORD00531,C0531,3,Hub A,75,19.0
ORD00532,C0532,1,Hub A,22,19.0
ORD00533,C0533,2,Hub A,29,19.0
ORD00534,C0534,3,Hub A,36,19.0
ORD00535,C0535,1,Hub A,43,19.0
ORD00536,C0536,2,Hub A,50,19.0
ORD00537,C0537,3,Hub A,57,19.0
ORD00538,C0538,1,Hub A,64,19.0
ORD00539,C0539,2,Hub A,71,19.0
ORD00540,C0540,3,Hub A,18,19.0
ORD00541,C0541,1,Hub A,25,19.0
ORD00542,C0542,2,Hub A,32,19.0
ORD00543,C0543,3,Hub A,39,19.0
ORD00544,C0544,1,Hub A,46,19.0
ORD00545,C0545,2,Hub A,53,19.0
ORD00546,C0546,3,Hub A,60,19.0
ORD00547,C0547,1,Hub A,67,19.0
ORD00548,C0548,2,Hub A,74,19.0
ORD00549,C0549,3,Hub A,21,19.0
ORD00550,C0550,1,Hub A,28,19.0
ORD00551,C0551,2,Hub A,35,19.0
ORD00552,C0552,3,Hub A,42,19.0
ORD00553,C0553,1,Hub A,49,19.0
ORD00554,C0554,2,Hub A,56,19.0
ORD00555,C0555,3,Hub A,63,19.0
ORD00556,C0556,1,Hub A,70,19.0
ORD00557,C0557,2,Hub A,77,19.0
ORD00558,C0558,3,Hub A,24,19.0
ORD00559,C0559,1,Hub A,31,19.0
ORD00560,C0560,2,Hub A,38,19.0
ORD00561,C0561,3,Hub A,45,19.0
ORD00562,C0562,1,Hub A,52,19.0
ORD00563,C0563,2,Hub A,59,19.0
ORD00564,C0564,3,Hub A,66,19.0
ORD00565,C0565,1,Hub A,73,19.0
ORD00566,C0566,2,Hub A,20,19.0
ORD00567,C0567,3,Hub A,27,19.0
ORD00568,C0568,1,Hub A,34,19.0
ORD00569,C0569,2,Hub A,41,19.0
ORD00570,C0570,3,Hub A,48,19.0
ORD00571,C0571,1,Hub A,55,19.0
ORD00572,C0572,2,Hub A,62,19.0
ORD00573,C0573,3,Hub A,69,19.0
ORD00574,C0574,1,Hub A,76,19.0
ORD00575,C0575,2,Hub A,23,19.0
ORD00576,C0576,3,Hub A,30,19.0
ORD00577,C0577,1,Hub A,37,19.0
ORD00578,C0578,2,Hub A,44,19.0
ORD00579,C0579,3,Hub A,51,19.0
ORD00580,C0580,1,Hub A,58,19.0
ORD00581,C0581,2,Hub A,65,19.0
ORD00582,C0582,3,Hub A,72,19.0
ORD00583,C0583,1,Hub A,19,19.0
ORD00584,C0584,2,Hub A,26,19.0
ORD00585,C0585,3,Hub A,33,19.0
ORD00586,C0586,1,Hub A,40,19.0
ORD00587,C0587,2,Hub A,47,19.0
ORD00588,C0588,3,Hub A,54,19.0
ORD00589,C0589,1,Hub A,61,19.0
ORD00590,C0590,2,Hub A,68,19.0
ORD00591,C0591,3,Hub A,75,19.0
ORD00592,C0592,1,Hub A,22,19.0
ORD00593,C0593,2,Hub A,29,19.0
ORD00594,C0594,3,Hub A,36,19.0
ORD00595,C0595,1,Hub A,43,19.0
ORD00596,C0596,2,Hub A,50,19.0
ORD00597,C0597,3,Hub A,57,19.0
ORD00598,C0598,1,Hub A,64,19.0
ORD00599,C0599,2,Hub A,71,19.0
ORD00600,C0600,3,Hub A,18,19.0
ORD00601,C0601,1,Hub A,25,19.0
ORD00602,C0602,2,Hub A,32,19.0
ORD00603,C0603,3,Hub A,39,19.0
ORD00604,C0604,1,Hub A,46,19.0
ORD00605,C0605,2,Hub A,53,19.0
ORD00606,C0606,3,Hub A,60,19.0
ORD00607,C0607,1,Hub A,67,19.0
ORD00608,C0608,2,Hub A,74,19.0
ORD00609,C0609,3,Hub A,21,19.0
ORD00610,C0610,1,Hub A,28,19.0
ORD00611,C0611,2,Hub A,35,19.0
ORD00612,C0612,3,Hub A,42,19.0
ORD00613,C0613,1,Hub A,49,19.0
ORD00614,C0614,2,Hub A,56,19.0
ORD00615,C0615,3,Hub A,63,19.0
ORD00616,C0616,1,Hub A,70,19.0
ORD00617,C0617,2,Hub A,77,19.0
ORD00618,C0618,3,Hub A,24,19.0
ORD00619,C0619,1,Hub A,31,19.0
ORD00620,C0620,2,Hub A,38,19.0
ORD00621,C0621,3,Hub A,45,19.0
ORD00622,C0622,1,Hub A,52,19.0
ORD00623,C0623,2,Hub A,59,19.0
ORD00624,C0624,3,Hub A,66,19.0
ORD00625,C0625,1,Hub A,73,19.0
ORD00626,C0626,2,Hub A,20,19.0
ORD00627,C0627,3,Hub A,27,19.0
ORD00628,C0628,1,Hub A,34,19.0
ORD00629,C0629,2,Hub A,41,19.0
ORD00630,C0630,3,Hub A,48,19.0
ORD00631,C0631,1,Hub A,55,19.0
ORD00632,C0632,2,Hub A,62,19.0
ORD00633,C0633,3,Hub A,69,19.0
ORD00634,C0634,1,Hub A,76,19.0
ORD00635,C0635,2,Hub A,23,19.0
ORD00636,C0636,3,Hub A,30,19.0
ORD00637,C0637,1,Hub A,37,19.0
ORD00638,C0638,2,Hub A,44,19.0
ORD00639,C0639,3,Hub A,51,19.0
ORD00640,C0640,1,Hub A,58,19.0
ORD00641,C0641,2,Hub A,65,19.0
ORD00642,C0642,3,Hub A,72,19.0
ORD00643,C0643,1,Hub A,19,19.0
ORD00644,C0644,2,Hub A,26,19.0
ORD00645,C0645,3,Hub A,33,19.0
ORD00646,C0646,1,Hub A,40,19.0
ORD00647,C0647,2,Hub A,47,19.0
ORD00648,C0648,3,Hub A,54,19.0
ORD00649,C0649,1,Hub A,61,19.0
ORD00650,C0650,2,Hub A,68,19.0
ORD00651,C0651,3,Hub A,75,19.0
ORD00652,C0652,1,Hub A,22,19.0
ORD00653,C0653,2,Hub A,29,19.0
ORD00654,C0654,3,Hub A,36,19.0
ORD00655,C0655,1,Hub A,43,19.0
ORD00656,C0656,2,Hub A,50,19.0
ORD00657,C0657,3,Hub A,57,19.0
ORD00658,C0658,1,Hub A,64,19.0
ORD00659,C0659,2,Hub A,71,19.0
ORD00660,C0660,3,Hub A,18,19.0
ORD00661,C0661,1,Hub A,25,19.0
ORD00662,C0662,2,Hub A,32,19.0
ORD00663,C0663,3,Hub A,39,19.0
ORD00664,C0664,1,Hub A,46,19.0
ORD00665,C0665,2,Hub A,53,19.0
ORD00666,C0666,3,Hub A,60,19.0
ORD00667,C0667,1,Hub A,67,19.0
ORD00668,C0668,2,Hub A,74,19.0
ORD00669,C0669,3,Hub A,21,19.0
ORD00670,C0670,1,Hub A,28,19.0
ORD00671,C0671,2,Hub A,35,19.0
ORD00672,C0672,3,Hub A,42,19.0
ORD00673,C0673,1,Hub A,49,19.0
ORD00674,C0674,2,Hub A,56,19.0
ORD00675,C0675,3,Hub A,63,19.0
ORD00676,C0676,1,Hub A,70,19.0
ORD00677,C0677,2,Hub A,77,19.0
ORD00678,C0678,3,Hub A,24,19.0
ORD00679,C0679,1,Hub A,31,19.0
ORD00680,C0680,2,Hub A,38,19.0
ORD00681,C0681,3,Hub A,45,19.0
ORD00682,C0682,1,Hub A,52,19.0
ORD00683,C0683,2,Hub A,59,19.0
ORD00684,C0684,3,Hub A,66,19.0
ORD00685,C0685,1,Hub A,73,19.0
ORD00686,C0686,2,Hub A,20,19.0
ORD00687,C0687,3,Hub A,27,19.0
ORD00688,C0688,1,Hub A,34,19.0
ORD00689,C0689,2,Hub A,41,19.0
ORD00690,C0690,3,Hub A,48,19.0
ORD00691,C0691,1,Hub A,55,19.0
ORD00692,C0692,2,Hub A,62,19.0
ORD00693,C0693,3,Hub A,69,19.0
ORD00694,C0694,1,Hub A,76,19.0
ORD00695,C0695,2,Hub A,23,19.0
ORD00696,C0696,3,Hub A,30,19.0
ORD00697,C0697,1,Hub A,37,19.0
ORD00698,C0698,2,Hub A,44,19.0
ORD00699,C0699,3,Hub A,51,19.0
ORD00700,C0700,1,Hub A,58,19.0
ORD00701,C0701,2,Hub A,65,19.0
ORD00702,C0702,3,Hub A,72,19.0
ORD00703,C0703,1,Hub A,19,19.0
ORD00704,C0704,2,Hub A,26,19.0
ORD00705,C0705,3,Hub A,33,19.0
ORD00706,C0706,1,Hub A,40,19.0
ORD00707,C0707,2,Hub A,47,19.0
ORD00708,C0708,3,Hub A,54,19.0
ORD00709,C0709,1,Hub A,61,19.0
ORD00710,C0710,2,Hub A,68,19.0
ORD00711,C0711,3,Hub A,75,19.0
ORD00712,C0712,1,Hub A,22,19.0
ORD00713,C0713,2,Hub A,29,19.0
ORD00714,C0714,3,Hub A,36,19.0
ORD00715,C0715,1,Hub A,43,19.0
ORD00716,C0716,2,Hub A,50,19.0
ORD00717,C0717,3,Hub A,57,19.0
ORD00718,C0718,1,Hub A,64,19.0
ORD00719,C0719,2,Hub A,71,19.0
ORD00720,C0720,3,Hub A,18,19.0
ORD00721,C0721,1,Hub A,25,19.0
ORD00722,C0722,2,Hub A,32,19.0
ORD00723,C0723,3,Hub A,39,19.0
ORD00724,C0724,1,Hub A,46,19.0
ORD00725,C0725,2,Hub A,53,19.0
ORD00726,C0726,3,Hub A,60,19.0
ORD00727,C0727,1,Hub A,67,19.0
ORD00728,C0728,2,Hub A,74,19.0
ORD00729,C0729,3,Hub A,21,19.0
ORD00730,C0730,1,Hub A,28,19.0
ORD00731,C0731,2,Hub A,35,19.0
ORD00732,C0732,3,Hub A,42,19.0
ORD00733,C0733,1,Hub A,49,19.0
ORD00734,C0734,2,Hub A,56,19.0
ORD00735,C0735,3,Hub A,63,19.0
ORD00736,C0736,1,Hub A,70,19.0
ORD00737,C0737,2,Hub A,77,19.0
ORD00738,C0738,3,Hub A,24,19.0
ORD00739,C0739,1,Hub A,31,19.0
ORD00740,C0740,2,Hub A,38,19.0
ORD00741,C0741,3,Hub A,45,19.0
ORD00742,C0742,1,Hub A,52,19.0
ORD00743,C0743,2,Hub A,59,19.0
ORD00744,C0744,3,Hub A,66,19.0
ORD00745,C0745,1,Hub A,73,19.0
ORD00746,C0746,2,Hub A,20,19.0
ORD00747,C0747,3,Hub A,27,19.0
ORD00748,C0748,1,Hub A,34,19.0
ORD00749,C0749,2,Hub A,41,19.0
ORD00750,C0750,3,Hub A,48,19.0
ORD00751,C0751,1,Hub A,55,19.0
ORD00752,C0752,2,Hub A,62,19.0
ORD00753,C0753,3,Hub A,69,19.0
ORD00754,C0754,1,Hub A,76,19.0
ORD00755,C0755,2,Hub A,23,19.0
ORD00756,C0756,3,Hub A,30,19.0
ORD00757,C0757,1,Hub A,37,19.0
ORD00758,C0758,2,Hub A,44,19.0
ORD00759,C0759,3,Hub A,51,19.0
ORD00760,C0760,1,Hub A,58,19.0
ORD00761,C0761,2,Hub A,65,19.0
ORD00762,C0762,3,Hub A,72,19.0
ORD00763,C0763,1,Hub A,19,19.0
ORD00764,C0764,2,Hub A,26,19.0
ORD00765,C0765,3,Hub A,33,19.0
ORD00766,C0766,1,Hub A,40,19.0
ORD00767,C0767,2,Hub A,47,19.0
ORD00768,C0768,3,Hub A,54,19.0
ORD00769,C0769,1,Hub A,61,19.0
ORD00770,C0770,2,Hub A,68,19.0
ORD00771,C0771,3,Hub A,75,19.0
ORD00772,C0772,1,Hub A,22,19.0
ORD00773,C0773,2,Hub A,29,19.0
ORD00774,C0774,3,Hub A,36,19.0
ORD00775,C0775,1,Hub A,43,19.0
ORD00776,C0776,2,Hub A,50,19.0
ORD00777,C0777,3,Hub A,57,19.0
ORD00778,C0778,1,Hub A,64,19.0
ORD00779,C0779,2,Hub A,71,19.0
ORD00780,C0780,3,Hub A,18,19.0
ORD00781,C0781,1,Hub A,25,19.0
ORD00782,C0782,2,Hub A,32,19.0
ORD00783,C0783,3,Hub A,39,19.0
ORD00784,C0784,1,Hub A,46,19.0
ORD00785,C0785,2,Hub A,53,19.0
ORD00786,C0786,3,Hub A,60,19.0
ORD00787,C0787,1,Hub A,67,19.0
ORD00788,C0788,2,Hub A,74,19.0
ORD00789,C0789,3,Hub A,21,19.0
ORD00790,C0790,1,Hub A,28,19.0
ORD00791,C0791,2,Hub A,35,19.0
ORD00792,C0792,3,Hub A,42,19.0
ORD00793,C0793,1,Hub A,49,19.0
ORD00794,C0794,2,Hub A,56,19.0
ORD00795,C0795,3,Hub A,63,19.0
ORD00796,C0796,1,Hub A,70,19.0
ORD00797,C0797,2,Hub A,77,19.0
ORD00798,C0798,3,Hub A,24,19.0
ORD00799,C0799,1,Hub A,31,19.0
ORD00800,C0800,2,Hub A,38,19.0
ORD00801,C0801,3,Hub A,45,19.0
ORD00802,C0802,1,Hub A,52,19.0
ORD00803,C0803,2,Hub A,59,19.0
ORD00804,C0804,3,Hub A,66,19.0
ORD00805,C0805,1,Hub A,73,19.0
ORD00806,C0806,2,Hub A,20,19.0
ORD00807,C0807,3,Hub A,27,19.0
ORD00808,C0808,1,Hub A,34,19.0
ORD00809,C0809,2,Hub A,41,19.0
ORD00810,C0810,3,Hub A,48,19.0
ORD00811,C0811,1,Hub A,55,19.0
ORD00812,C0812,2,Hub A,62,19.0
ORD00813,C0813,3,Hub A,69,19.0
ORD00814,C0814,1,Hub A,76,19.0
ORD00815,C0815,2,Hub A,23,19.0
ORD00816,C0816,3,Hub A,30,19.0
ORD00817,C0817,1,Hub A,37,19.0
ORD00818,C0818,2,Hub A,44,19.0
ORD00819,C0819,3,Hub A,51,19.0
ORD00820,C0820,1,Hub A,58,19.0
ORD00821,C0821,2,Hub A,65,19.0
ORD00822,C0822,3,Hub A,72,19.0
ORD00823,C0823,1,Hub A,19,19.0
ORD00824,C0824,2,Hub A,26,19.0
ORD00825,C0825,3,Hub A,33,19.0
ORD00826,C0826,1,Hub A,40,19.0
ORD00827,C0827,2,Hub A,47,19.0
ORD00828,C0828,3,Hub A,54,19.0
ORD00829,C0829,1,Hub A,61,19.0
ORD00830,C0830,2,Hub A,68,19.0
ORD00831,C0831,3,Hub A,75,22.0
ORD00832,C0832,1,Hub A,22,22.0
ORD00833,C0833,2,Hub A,29,22.0
ORD00834,C0834,3,Hub A,36,22.0
ORD00835,C0835,1,Hub A,43,22.0
ORD00836,C0836,2,Hub A,50,22.0
ORD00837,C0837,3,Hub A,57,22.0
ORD00838,C0838,1,Hub A,64,22.0
ORD00839,C0839,2,Hub A,71,22.0
ORD00840,C0840,3,Hub A,18,22.0
ORD00841,C0841,1,Hub A,25,22.0
ORD00842,C0842,2,Hub A,32,22.0
ORD00843,C0843,3,Hub A,39,22.0
ORD00844,C0844,1,Hub A,46,22.0
ORD00845,C0845,2,Hub A,53,22.0
ORD00846,C0846,3,Hub A,60,22.0
ORD00847,C0847,1,Hub A,67,22.0
ORD00848,C0848,2,Hub A,74,22.0
ORD00849,C0849,3,Hub A,21,22.0
ORD00850,C0850,1,Hub A,28,22.0
ORD00851,C0851,2,Hub A,35,22.0
ORD00852,C0852,3,Hub A,42,22.0
ORD00853,C0853,1,Hub A,49,22.0
ORD00854,C0854,2,Hub A,56,22.0
ORD00855,C0855,3,Hub A,63,22.0
ORD00856,C0856,1,Hub A,70,22.0
ORD00857,C0857,2,Hub A,77,22.0
ORD00858,C0858,3,Hub A,24,22.0
ORD00859,C0859,1,Hub A,31,22.0
ORD00860,C0860,2,Hub A,38,22.0
ORD00861,C0861,3,Hub A,45,22.0
ORD00862,C0862,1,Hub A,52,22.0
ORD00863,C0863,2,Hub A,59,22.0
ORD00864,C0864,3,Hub A,66,22.0
ORD00865,C0865,1,Hub A,73,22.0
ORD00866,C0866,2,Hub A,20,22.0
ORD00867,C0867,3,Hub A,27,22.0
ORD00868,C0868,1,Hub A,34,22.0
ORD00869,C0869,2,Hub A,41,22.0
ORD00870,C0870,3,Hub A,48,22.0
ORD00871,C0871,1,Hub A,55,22.0
ORD00872,C0872,2,Hub A,62,22.0
ORD00873,C0873,3,Hub A,69,22.0
ORD00874,C0874,1,Hub A,76,22.0
ORD00875,C0875,2,Hub A,23,22.0
ORD00876,C0876,3,Hub A,30,22.0
ORD00877,C0877,1,Hub A,37,22.0
ORD00878,C0878,2,Hub A,44,22.0
ORD00879,C0879,3,Hub A,51,22.0
ORD00880,C0880,1,Hub A,58,22.0
ORD00881,C0881,2,Hub A,65,22.0
ORD00882,C0882,3,Hub A,72,22.0
ORD00883,C0883,1,Hub A,19,22.0
ORD00884,C0884,2,Hub A,26,22.0
ORD00885,C0885,3,Hub A,33,22.0
ORD00886,C0886,1,Hub A,40,22.0
ORD00887,C0887,2,Hub A,47,22.0
ORD00888,C0888,3,Hub A,54,22.0
ORD00889,C0889,1,Hub A,61,22.0
ORD00890,C0890,2,Hub A,68,22.0
ORD00891,C0891,3,Hub A,75,22.0
ORD00892,C0892,1,Hub A,22,22.0
ORD00893,C0893,2,Hub A,29,22.0
ORD00894,C0894,3,Hub A,36,22.0
ORD00895,C0895,1,Hub A,43,22.0
ORD00896,C0896,2,Hub A,50,22.0
ORD00897,C0897,3,Hub A,57,22.0
ORD00898,C0898,1,Hub A,64,22.0
ORD00899,C0899,2,Hub A,71,22.0
ORD00900,C0900,3,Hub A,18,22.0
ORD00901,C0901,1,Hub A,25,22.0
ORD00902,C0902,2,Hub A,32,22.0
ORD00903,C0903,3,Hub A,39,22.0
ORD00904,C0904,1,Hub A,46,22.0
ORD00905,C0905,2,Hub A,53,22.0
ORD00906,C0906,3,Hub A,60,22.0
ORD00907,C0907,1,Hub A,67,22.0
ORD00908,C0908,2,Hub A,74,22.0
ORD00909,C0909,3,Hub A,21,22.0
ORD00910,C0910,1,Hub A,28,22.0
ORD00911,C0911,2,Hub A,35,22.0
ORD00912,C0912,3,Hub A,42,22.0
ORD00913,C0913,1,Hub A,49,22.0
ORD00914,C0914,2,Hub A,56,22.0
ORD00915,C0915,3,Hub A,63,22.0
ORD00916,C0916,1,Hub A,70,22.0
ORD00917,C0917,2,Hub A,77,22.0
ORD00918,C0918,3,Hub A,24,22.0
ORD00919,C0919,1,Hub A,31,22.0
ORD00920,C0920,2,Hub A,38,22.0
ORD00921,C0921,3,Hub A,45,22.0
ORD00922,C0922,1,Hub A,52,22.0
ORD00923,C0923,2,Hub A,59,22.0
ORD00924,C0924,3,Hub A,66,22.0
ORD00925,C0925,1,Hub A,73,22.0
ORD00926,C0926,2,Hub A,20,22.0
ORD00927,C0927,3,Hub A,27,22.0
ORD00928,C0928,1,Hub A,34,22.0
ORD00929,C0929,2,Hub A,41,22.0
ORD00930,C0930,3,Hub A,48,22.0
ORD00931,C0931,1,Hub A,55,22.0
ORD00932,C0932,2,Hub A,62,22.0
ORD00933,C0933,3,Hub A,69,22.0
ORD00934,C0934,1,Hub A,76,22.0
ORD00935,C0935,2,Hub A,23,22.0
ORD00936,C0936,3,Hub A,30,22.0
ORD00937,C0937,1,Hub A,37,22.0
ORD00938,C0938,2,Hub A,44,22.0
ORD00939,C0939,3,Hub A,51,22.0
ORD00940,C0940,1,Hub A,58,22.0
ORD00941,C0941,2,Hub A,65,22.0
ORD00942,C0942,3,Hub A,72,22.0
ORD00943,C0943,1,Hub A,19,22.0
ORD00944,C0944,2,Hub A,26,22.0
ORD00945,C0945,3,Hub A,33,22.0
ORD00946,C0946,1,Hub A,40,22.0
ORD00947,C0947,2,Hub A,47,22.0
ORD00948,C0948,3,Hub A,54,22.0
ORD00949,C0949,1,Hub A,61,22.0
ORD00950,C0950,2,Hub A,68,22.0
ORD00951,C0951,3,Hub A,75,22.0
ORD00952,C0952,1,Hub A,22,22.0
ORD00953,C0953,2,Hub A,29,22.0
ORD00954,C0954,3,Hub A,36,22.0
ORD00955,C0955,1,Hub A,43,22.0
ORD00956,C0956,2,Hub A,50,22.0
ORD00957,C0957,3,Hub A,57,22.0
ORD00958,C0958,1,Hub A,64,22.0
ORD00959,C0959,2,Hub A,71,22.0
ORD00960,C0960,3,Hub A,18,22.0
ORD00961,C0961,1,Hub A,25,22.0
ORD00962,C0962,2,Hub A,32,22.0
ORD00963,C0963,3,Hub A,39,22.0
ORD00964,C0964,1,Hub A,46,22.0
ORD00965,C0965,2,Hub A,53,22.0
ORD00966,C0966,3,Hub A,60,22.0
ORD00967,C0967,1,Hub A,67,22.0
ORD00968,C0968,2,Hub A,74,22.0
ORD00969,C0969,3,Hub A,21,22.0
ORD00970,C0970,1,Hub A,28,22.0
ORD00971,C0971,2,Hub A,35,22.0
ORD00972,C0972,3,Hub A,42,22.0
ORD00973,C0973,1,Hub A,49,22.0
ORD00974,C0974,2,Hub A,56,22.0
ORD00975,C0975,3,Hub A,63,22.0
ORD00976,C0976,1,Hub A,70,22.0
ORD00977,C0977,2,Hub A,77,22.0
ORD00978,C0978,3,Hub A,24,22.0
ORD00979,C0979,1,Hub A,31,22.0
ORD00980,C0980,2,Hub A,38,22.0
ORD00981,C0981,3,Hub A,45,22.0
ORD00982,C0982,1,Hub A,52,22.0
ORD00983,C0983,2,Hub A,59,22.0
ORD00984,C0984,3,Hub A,66,22.0
ORD00985,C0985,1,Hub A,73,22.0
ORD00986,C0986,2,Hub A,20,22.0
ORD00987,C0987,3,Hub A,27,22.0
ORD00988,C0988,1,Hub A,34,22.0
ORD00989,C0989,2,Hub A,41,22.0
ORD00990,C0990,3,Hub A,48,22.0
ORD00991,C0991,1,Hub A,55,22.0
ORD00992,C0992,2,Hub A,62,22.0
ORD00993,C0993,3,Hub A,69,22.0
ORD00994,C0994,1,Hub A,76,22.0
ORD00995,C0995,2,Hub A,23,22.0
ORD00996,C0996,3,Hub A,30,22.0
ORD00997,C0997,1,Hub A,37,22.0
ORD00998,C0998,2,Hub A,44,22.0
ORD00999,C0999,3,Hub A,51,22.0
ORD01000,C1000,1,Hub A,58,22.0
ORD01001,C1001,2,Hub A,65,22.0
ORD01002,C1002,3,Hub A,72,22.0
ORD01003,C1003,1,Hub A,19,22.0
ORD01004,C1004,2,Hub A,26,22.0
ORD01005,C1005,3,Hub A,33,22.0
ORD01006,C1006,1,Hub A,40,22.0
ORD01007,C1007,2,Hub A,47,22.0
ORD01008,C1008,3,Hub A,54,22.0
ORD01009,C1009,1,Hub A,61,22.0
ORD01010,C1010,2,Hub A,68,22.0
ORD01011,C1011,3,Hub A,75,22.0
ORD01012,C1012,1,Hub A,22,22.0
ORD01013,C1013,2,Hub A,29,22.0
ORD01014,C1014,3,Hub A,36,22.0
ORD01015,C1015,1,Hub A,43,22.0
ORD01016,C1016,2,Hub A,50,22.0
ORD01017,C1017,3,Hub A,57,22.0
ORD01018,C1018,1,Hub A,64,22.0
ORD01019,C1019,2,Hub A,71,22.0
ORD01020,C1020,3,Hub A,18,22.0
ORD01021,C1021,1,Hub A,25,22.0
ORD01022,C1022,2,Hub A,32,22.0
ORD01023,C1023,3,Hub A,39,22.0
ORD01024,C1024,1,Hub A,46,22.0
ORD01025,C1025,2,Hub A,53,22.0
ORD01026,C1026,3,Hub A,60,22.0
ORD01027,C1027,1,Hub A,67,22.0
ORD01028,C1028,2,Hub A,74,22.0
ORD01029,C1029,3,Hub A,21,22.0
ORD01030,C1030,1,Hub A,28,22.0
ORD01031,C1031,2,Hub A,35,22.0
ORD01032,C1032,3,Hub A,42,22.0
ORD01033,C1033,1,Hub A,49,22.0
ORD01034,C1034,2,Hub A,56,22.0
ORD01035,C1035,3,Hub A,63,22.0
ORD01036,C1036,1,Hub A,70,22.0
ORD01037,C1037,2,Hub A,77,22.0
ORD01038,C1038,3,Hub A,24,22.0
ORD01039,C1039,1,Hub A,31,22.0
ORD01040,C1040,2,Hub A,38,22.0
ORD01041,C1041,3,Hub A,45,22.0
ORD01042,C1042,1,Hub A,52,22.0
ORD01043,C1043,2,Hub A,59,22.0
ORD01044,C1044,3,Hub A,66,22.0
ORD01045,C1045,1,Hub A,73,22.0
ORD01046,C1046,2,Hub A,20,22.0
ORD01047,C1047,3,Hub A,27,22.0
ORD01048,C1048,1,Hub A,34,22.0
ORD01049,C1049,2,Hub A,41,22.0
ORD01050,C1050,3,Hub A,48,22.0
ORD01051,C1051,1,Hub A,55,22.0
ORD01052,C1052,2,Hub A,62,22.0
ORD01053,C1053,3,Hub A,69,22.0
ORD01054,C1054,1,Hub A,76,22.0
ORD01055,C1055,2,Hub A,23,22.0
ORD01056,C1056,3,Hub A,30,22.0
ORD01057,C1057,1,Hub A,37,22.0
ORD01058,C1058,2,Hub A,44,22.0
ORD01059,C1059,3,Hub A,51,22.0
ORD01060,C1060,1,Hub A,58,22.0
ORD01061,C1061,2,Hub A,65,22.0
ORD01062,C1062,3,Hub A,72,22.0
ORD01063,C1063,1,Hub A,19,22.0
ORD01064,C1064,2,Hub A,26,22.0
ORD01065,C1065,3,Hub A,33,22.0
ORD01066,C1066,1,Hub A,40,22.0
ORD01067,C1067,2,Hub A,47,22.0
ORD01068,C1068,3,Hub A,54,22.0
ORD01069,C1069,1,Hub A,61,22.0
ORD01070,C1070,2,Hub A,68,22.0
ORD01071,C1071,3,Hub A,75,22.0
ORD01072,C1072,1,Hub A,22,22.0
ORD01073,C1073,2,Hub A,29,22.0
ORD01074,C1074,3,Hub A,36,22.0
ORD01075,C1075,1,Hub A,43,22.0
ORD01076,C1076,2,Hub A,50,22.0
ORD01077,C1077,3,Hub A,57,22.0
ORD01078,C1078,1,Hub A,64,22.0
ORD01079,C1079,2,Hub A,71,22.0
ORD01080,C1080,3,Hub A,18,22.0
ORD01081,C1081,1,Hub A,25,22.0
ORD01082,C1082,2,Hub A,32,22.0
ORD01083,C1083,3,Hub A,39,22.0
ORD01084,C1084,1,Hub A,46,22.0
ORD01085,C1085,2,Hub A,53,22.0
ORD01086,C1086,3,Hub A,60,22.0
ORD01087,C1087,1,Hub A,67,22.0
ORD01088,C1088,2,Hub A,74,22.0
ORD01089,C1089,3,Hub A,21,22.0
ORD01090,C1090,1,Hub A,28,22.0
ORD01091,C1091,2,Hub A,35,22.0
ORD01092,C1092,3,Hub A,42,22.0
ORD01093,C1093,1,Hub A,49,22.0
ORD01094,C1094,2,Hub A,56,22.0
ORD01095,C1095,3,Hub A,63,22.0
ORD01096,C1096,1,Hub A,70,22.0
ORD01097,C1097,2,Hub A,77,22.0
ORD01098,C1098,3,Hub A,24,22.0
ORD01099,C1099,1,Hub A,31,22.0
ORD01100,C1100,2,Hub A,38,22.0
ORD01101,C1101,3,Hub A,45,22.0
ORD01102,C1102,1,Hub A,52,22.0
ORD01103,C1103,2,Hub A,59,22.0
ORD01104,C1104,3,Hub A,66,22.0
ORD01105,C1105,1,Hub A,73,22.0
ORD01106,C1106,2,Hub A,20,22.0
ORD01107,C1107,3,Hub A,27,22.0
ORD01108,C1108,1,Hub A,34,22.0
ORD01109,C1109,2,Hub A,41,22.0
ORD01110,C1110,3,Hub A,48,22.0
ORD01111,C1111,1,Hub A,55,22.0
ORD01112,C1112,2,Hub A,62,22.0
ORD01113,C1113,3,Hub A,69,22.0
ORD01114,C1114,1,Hub A,76,22.0
ORD01115,C1115,2,Hub A,23,22.0
ORD01116,C1116,3,Hub A,30,22.0
ORD01117,C1117,1,Hub A,37,22.0
ORD01118,C1118,2,Hub A,44,22.0
ORD01119,C1119,3,Hub A,51,22.0
ORD01120,C1120,1,Hub A,58,22.0
ORD01121,C1121,2,Hub A,65,22.0
ORD01122,C1122,3,Hub A,72,22.0
ORD01123,C1123,1,Hub A,19,22.0
ORD01124,C1124,2,Hub A,26,22.0
ORD01125,C1125,3,Hub A,33,22.0
ORD01126,C1126,1,Hub A,40,22.0
ORD01127,C1127,2,Hub A,47,22.0
ORD01128,C1128,3,Hub A,54,22.0
ORD01129,C1129,1,Hub A,61,22.0
ORD01130,C1130,2,Hub A,68,22.0
ORD01131,C1131,3,Hub A,75,22.0
ORD01132,C1132,1,Hub A,22,22.0
ORD01133,C1133,2,Hub A,29,22.0
ORD01134,C1134,3,Hub A,36,22.0
ORD01135,C1135,1,Hub A,43,22.0
ORD01136,C1136,2,Hub A,50,22.0
ORD01137,C1137,3,Hub A,57,22.0
ORD01138,C1138,1,Hub A,64,22.0
ORD01139,C1139,2,Hub A,71,22.0
ORD01140,C1140,3,Hub A,18,22.0
ORD01141,C1141,1,Hub A,25,22.0
ORD01142,C1142,2,Hub A,32,22.0
ORD01143,C1143,3,Hub A,39,22.0
ORD01144,C1144,1,Hub A,46,22.0
ORD01145,C1145,2,Hub A,53,22.0
ORD01146,C1146,3,Hub A,60,22.0
ORD01147,C1147,1,Hub A,67,22.0
ORD01148,C1148,2,Hub A,74,22.0
ORD01149,C1149,3,Hub A,21,22.0
ORD01150,C1150,1,Hub A,28,22.0
ORD01151,C1151,2,Hub A,35,22.0
ORD01152,C1152,3,Hub A,42,22.0
ORD01153,C1153,1,Hub A,49,22.0
ORD01154,C1154,2,Hub A,56,22.0
ORD01155,C1155,3,Hub A,63,22.0
ORD01156,C1156,1,Hub A,70,22.0
ORD01157,C1157,2,Hub A,77,22.0
ORD01158,C1158,3,Hub A,24,22.0
ORD01159,C1159,1,Hub A,31,22.0
ORD01160,C1160,2,Hub A,38,22.0
ORD01161,C1161,3,Hub A,45,22.0
ORD01162,C1162,1,Hub A,52,22.0
ORD01163,C1163,2,Hub A,59,22.0
ORD01164,C1164,3,Hub A,66,22.0
ORD01165,C1165,1,Hub A,73,22.0
ORD01166,C1166,2,Hub A,20,22.0
ORD01167,C1167,3,Hub A,27,22.0
ORD01168,C1168,1,Hub A,34,22.0
ORD01169,C1169,2,Hub A,41,22.0
ORD01170,C1170,3,Hub A,48,22.0
ORD01171,C1171,1,Hub A,55,22.0
ORD01172,C1172,2,Hub A,62,22.0
ORD01173,C1173,3,Hub A,69,22.0
ORD01174,C1174,1,Hub A,76,22.0
ORD01175,C1175,2,Hub A,23,22.0
ORD01176,C1176,3,Hub A,30,22.0
ORD01177,C1177,1,Hub A,37,22.0
ORD01178,C1178,2,Hub A,44,22.0
ORD01179,C1179,3,Hub A,51,22.0
ORD01180,C1180,1,Hub A,58,22.0
ORD01181,C1181,2,Hub A,65,22.0
ORD01182,C1182,3,Hub A,72,22.0
ORD01183,C1183,1,Hub A,19,22.0
ORD01184,C1184,2,Hub A,26,22.0
ORD01185,C1185,3,Hub A,33,22.0
ORD01186,C1186,1,Hub A,40,22.0
ORD01187,C1187,2,Hub A,47,22.0
ORD01188,C1188,3,Hub A,54,22.0
ORD01189,C1189,1,Hub A,61,22.0
ORD01190,C1190,2,Hub A,68,22.0
ORD01191,C1191,3,Hub A,75,22.0
ORD01192,C1192,1,Hub A,22,22.0
ORD01193,C1193,2,Hub A,29,22.0
ORD01194,C1194,3,Hub A,36,22.0
ORD01195,C1195,1,Hub A,43,22.0
ORD01196,C1196,2,Hub A,50,22.0
ORD01197,C1197,3,Hub A,57,22.0
ORD01198,C1198,1,Hub A,64,22.0
ORD01199,C1199,2,Hub A,71,22.0
ORD01200,C1200,3,Hub A,18,22.0
ORD01201,C1201,1,Hub A,25,22.0
ORD01202,C1202,2,Hub A,32,22.0
ORD01203,C1203,3,Hub A,39,22.0
ORD01204,C1204,1,Hub A,46,22.0
ORD01205,C1205,2,Hub A,53,22.0
ORD01206,C1206,3,Hub A,60,22.0
ORD01207,C1207,1,Hub A,67,22.0
ORD01208,C1208,2,Hub A,74,22.0
ORD01209,C1209,3,Hub A,21,22.0
ORD01210,C1210,1,Hub A,28,22.0
ORD01211,C1211,2,Hub A,35,22.0
ORD01212,C1212,3,Hub A,42,22.0
ORD01213,C1213,1,Hub A,49,22.0
ORD01214,C1214,2,Hub A,56,22.0
ORD01215,C1215,3,Hub A,63,22.0
ORD01216,C1216,1,Hub A,70,22.0
ORD01217,C1217,2,Hub A,77,22.0
ORD01218,C1218,3,Hub A,24,22.0
ORD01219,C1219,1,Hub A,31,22.0
ORD01220,C1220,2,Hub A,38,22.0
ORD01221,C1221,3,Hub A,45,22.0
ORD01222,C1222,1,Hub A,52,22.0
ORD01223,C1223,2,Hub A,59,22.0
ORD01224,C1224,3,Hub A,66,22.0
ORD01225,C1225,1,Hub A,73,22.0
ORD01226,C1226,2,Hub A,20,22.0
ORD01227,C1227,3,Hub A,27,22.0
ORD01228,C1228,1,Hub A,34,22.0
ORD01229,C1229,2,Hub A,41,22.0
ORD01230,C1230,3,Hub A,48,22.0
ORD01231,C1231,1,Hub A,55,22.0
ORD01232,C1232,2,Hub A,62,22.0
ORD01233,C1233,3,Hub A,69,22.0
ORD01234,C1234,1,Hub A,76,22.0
ORD01235,C1235,2,Hub A,23,22.0
ORD01236,C1236,3,Hub A,30,22.0
ORD01237,C1237,1,Hub A,37,22.0
ORD01238,C1238,2,Hub A,44,22.0
ORD01239,C1239,3,Hub A,51,22.0
ORD01240,C1240,1,Hub A,58,22.0
ORD01241,C1241,2,Hub A,65,22.0
ORD01242,C1242,3,Hub A,72,22.0
ORD01243,C1243,1,Hub A,19,22.0
ORD01244,C1244,2,Hub A,26,22.0
ORD01245,C1245,3,Hub A,33,22.0
ORD01246,C1246,1,Hub A,40,22.0
ORD01247,C1247,2,Hub A,47,22.0
ORD01248,C1248,3,Hub A,54,22.0
ORD01249,C1249,1,Hub A,61,22.0
ORD01250,C1250,2,Hub A,68,22.0
ORD01251,C1251,3,Hub A,75,22.0
ORD01252,C1252,1,Hub A,22,22.0
ORD01253,C1253,2,Hub A,29,22.0
ORD01254,C1254,3,Hub A,36,22.0
ORD01255,C1255,1,Hub A,43,22.0
ORD01256,C1256,2,Hub A,50,22.0
ORD01257,C1257,3,Hub A,57,22.0
ORD01258,C1258,1,Hub A,64,22.0
ORD01259,C1259,2,Hub A,71,22.0
ORD01260,C1260,3,Hub A,18,22.0
ORD01261,C1261,1,Hub A,25,22.0
ORD01262,C1262,2,Hub A,32,22.0
ORD01263,C1263,3,Hub A,39,22.0
ORD01264,C1264,1,Hub A,46,22.0
ORD01265,C1265,2,Hub A,53,22.0
ORD01266,C1266,3,Hub A,60,22.0
ORD01267,C1267,1,Hub A,67,22.0
ORD01268,C1268,2,Hub A,74,22.0
ORD01269,C1269,3,Hub A,21,22.0
ORD01270,C1270,1,Hub A,28,22.0
ORD01271,C1271,2,Hub A,35,22.0
ORD01272,C1272,3,Hub A,42,22.0
ORD01273,C1273,1,Hub A,49,22.0
ORD01274,C1274,2,Hub A,56,22.0
ORD01275,C1275,3,Hub A,63,22.0
ORD01276,C1276,1,Hub A,70,22.0
ORD01277,C1277,2,Hub A,77,22.0
ORD01278,C1278,3,Hub A,24,22.0
ORD01279,C1279,1,Hub A,31,22.0
ORD01280,C1280,2,Hub A,38,22.0
ORD01281,C1281,3,Hub A,45,22.0
ORD01282,C1282,1,Hub A,52,22.0
ORD01283,C1283,2,Hub A,59,22.0
ORD01284,C1284,3,Hub A,66,22.0
ORD01285,C1285,1,Hub A,73,22.0
ORD01286,C1286,2,Hub A,20,22.0
ORD01287,C1287,3,Hub A,27,22.0
ORD01288,C1288,1,Hub A,34,22.0
ORD01289,C1289,2,Hub A,41,22.0
ORD01290,C1290,3,Hub A,48,22.0
ORD01291,C1291,1,Hub A,55,22.0
ORD01292,C1292,2,Hub A,62,22.0
ORD01293,C1293,3,Hub A,69,22.0
ORD01294,C1294,1,Hub A,76,22.0
ORD01295,C1295,2,Hub A,23,22.0
ORD01296,C1296,3,Hub A,30,22.0
ORD01297,C1297,1,Hub A,37,22.0
ORD01298,C1298,2,Hub A,44,22.0
ORD01299,C1299,3,Hub A,51,22.0
ORD01300,C1300,1,Hub A,58,22.0
ORD01301,C1301,2,Hub A,65,22.0
ORD01302,C1302,3,Hub A,72,22.0
ORD01303,C1303,1,Hub A,19,22.0
ORD01304,C1304,2,Hub A,26,22.0
ORD01305,C1305,3,Hub A,33,22.0
ORD01306,C1306,1,Hub A,40,22.0
ORD01307,C1307,2,Hub A,47,22.0
ORD01308,C1308,3,Hub A,54,22.0
ORD01309,C1309,1,Hub A,61,22.0
ORD01310,C1310,2,Hub A,68,22.0
ORD01311,C1311,3,Hub A,75,22.0
ORD01312,C1312,1,Hub A,22,22.0
ORD01313,C1313,2,Hub A,29,22.0
ORD01314,C1314,3,Hub A,36,22.0
ORD01315,C1315,1,Hub A,43,22.0
ORD01316,C1316,2,Hub A,50,22.0
ORD01317,C1317,3,Hub A,57,22.0
ORD01318,C1318,1,Hub A,64,22.0
ORD01319,C1319,2,Hub A,71,22.0
ORD01320,C1320,3,Hub A,18,22.0
ORD01321,C1321,1,Hub A,25,22.0
ORD01322,C1322,2,Hub A,32,22.0
ORD01323,C1323,3,Hub A,39,22.0
ORD01324,C1324,1,Hub A,46,22.0
ORD01325,C1325,2,Hub A,53,22.0
ORD01326,C1326,3,Hub A,60,22.0
ORD01327,C1327,1,Hub A,67,22.0
ORD01328,C1328,2,Hub A,74,22.0
ORD01329,C1329,3,Hub A,21,22.0
ORD01330,C1330,1,Hub A,28,22.0
ORD01331,C1331,2,Hub A,35,22.0
ORD01332,C1332,3,Hub A,42,22.0
ORD01333,C1333,1,Hub A,49,22.0
ORD01334,C1334,2,Hub A,56,22.0
ORD01335,C1335,3,Hub A,63,22.0
ORD01336,C1336,1,Hub A,70,22.0
ORD01337,C1337,2,Hub A,77,22.0
ORD01338,C1338,3,Hub A,24,22.0
ORD01339,C1339,1,Hub A,31,22.0
ORD01340,C1340,2,Hub A,38,22.0
ORD01341,C1341,3,Hub A,45,22.0
ORD01342,C1342,1,Hub A,52,22.0
ORD01343,C1343,2,Hub A,59,22.0
ORD01344,C1344,3,Hub A,66,22.0
ORD01345,C1345,1,Hub A,73,22.0
ORD01346,C1346,2,Hub A,20,22.0
ORD01347,C1347,3,Hub A,27,22.0
ORD01348,C1348,1,Hub A,34,22.0
ORD01349,C1349,2,Hub A,41,22.0
ORD01350,C1350,3,Hub A,48,22.0
ORD01351,C1351,1,Hub A,55,22.0
ORD01352,C1352,2,Hub A,62,22.0
ORD01353,C1353,3,Hub A,69,22.0
ORD01354,C1354,1,Hub A,76,22.0
ORD01355,C1355,2,Hub A,23,22.0
ORD01356,C1356,3,Hub A,30,22.0
ORD01357,C1357,1,Hub A,37,22.0
ORD01358,C1358,2,Hub A,44,22.0
ORD01359,C1359,3,Hub A,51,22.0
ORD01360,C1360,1,Hub A,58,22.0
ORD01361,C1361,2,Hub A,65,22.0
ORD01362,C1362,3,Hub A,72,22.0
ORD01363,C1363,1,Hub A,19,22.0
ORD01364,C1364,2,Hub A,26,22.0
ORD01365,C1365,3,Hub A,33,22.0
ORD01366,C1366,1,Hub A,40,22.0
ORD01367,C1367,2,Hub A,47,22.0
ORD01368,C1368,3,Hub A,54,22.0
ORD01369,C1369,1,Hub A,61,22.0
ORD01370,C1370,2,Hub A,68,22.0
ORD01371,C1371,3,Hub A,75,22.0
ORD01372,C1372,1,Hub A,22,22.0
ORD01373,C1373,2,Hub A,29,22.0
ORD01374,C1374,3,Hub A,36,22.0
ORD01375,C1375,1,Hub A,43,22.0
ORD01376,C1376,2,Hub A,50,22.0
ORD01377,C1377,3,Hub A,57,22.0
ORD01378,C1378,1,Hub A,64,22.0
ORD01379,C1379,2,Hub A,71,22.0
ORD01380,C1380,3,Hub A,18,22.0
ORD01381,C1381,1,Hub A,25,22.0
ORD01382,C1382,2,Hub A,32,22.0
ORD01383,C1383,3,Hub A,39,22.0
ORD01384,C1384,1,Hub A,46,22.0
ORD01385,C1385,2,Hub A,53,22.0
ORD01386,C1386,3,Hub A,60,22.0
ORD01387,C1387,1,Hub A,67,22.0
ORD01388,C1388,2,Hub A,74,22.0
ORD01389,C1389,3,Hub A,21,22.0
ORD01390,C1390,1,Hub A,28,22.0
ORD01391,C1391,2,Hub A,35,22.0
ORD01392,C1392,3,Hub A,42,22.0
ORD01393,C1393,1,Hub A,49,22.0
ORD01394,C1394,2,Hub A,56,22.0
ORD01395,C1395,3,Hub A,63,22.0
ORD01396,C1396,1,Hub A,70,22.0
ORD01397,C1397,2,Hub A,77,22.0
ORD01398,C1398,3,Hub A,24,22.0
ORD01399,C1399,1,Hub A,31,22.0
ORD01400,C1400,2,Hub A,38,22.0
ORD01401,C1401,3,Hub A,45,22.0
ORD01402,C1402,1,Hub A,52,22.0
ORD01403,C1403,2,Hub A,59,22.0
ORD01404,C1404,3,Hub A,66,22.0
ORD01405,C1405,1,Hub A,73,22.0
ORD01406,C1406,2,Hub A,20,22.0
ORD01407,C1407,3,Hub A,27,22.0
ORD01408,C1408,1,Hub A,34,22.0
ORD01409,C1409,2,Hub A,41,22.0
ORD01410,C1410,3,Hub A,48,22.0
ORD01411,C1411,1,Hub A,55,22.0
ORD01412,C1412,2,Hub A,62,22.0
ORD01413,C1413,3,Hub A,69,22.0
ORD01414,C1414,1,Hub A,76,22.0
ORD01415,C1415,2,Hub A,23,22.0
ORD01416,C1416,3,Hub A,30,22.0
ORD01417,C1417,1,Hub A,37,22.0
ORD01418,C1418,2,Hub A,44,22.0
ORD01419,C1419,3,Hub A,51,22.0
ORD01420,C1420,1,Hub A,58,22.0
ORD01421,C1421,2,Hub A,65,22.0
ORD01422,C1422,3,Hub A,72,22.0
ORD01423,C1423,1,Hub A,19,22.0
ORD01424,C1424,2,Hub A,26,22.0
ORD01425,C1425,3,Hub A,33,22.0
ORD01426,C1426,1,Hub A,40,22.0
ORD01427,C1427,2,Hub A,47,22.0
ORD01428,C1428,3,Hub A,54,22.0
ORD01429,C1429,1,Hub A,61,22.0
ORD01430,C1430,2,Hub A,68,22.0
ORD01431,C1431,3,Hub A,75,22.0
ORD01432,C1432,1,Hub A,22,22.0
ORD01433,C1433,2,Hub A,29,22.0
ORD01434,C1434,3,Hub A,36,22.0
ORD01435,C1435,1,Hub A,43,22.0
ORD01436,C1436,2,Hub A,50,22.0
ORD01437,C1437,3,Hub A,57,22.0
ORD01438,C1438,1,Hub A,64,22.0
ORD01439,C1439,2,Hub A,71,22.0
ORD01440,C1440,3,Hub A,18,22.0
ORD01441,C1441,1,Hub A,25,22.0
ORD01442,C1442,2,Hub A,32,22.0
ORD01443,C1443,3,Hub A,39,22.0
ORD01444,C1444,1,Hub A,46,22.0
ORD01445,C1445,2,Hub A,53,22.0
ORD01446,C1446,3,Hub A,60,22.0
ORD01447,C1447,1,Hub A,67,22.0
ORD01448,C1448,2,Hub A,74,22.0
ORD01449,C1449,3,Hub A,21,22.0
ORD01450,C1450,1,Hub A,28,22.0
ORD01451,C1451,2,Hub A,35,22.0
ORD01452,C1452,3,Hub A,42,22.0
ORD01453,C1453,1,Hub A,49,22.0
ORD01454,C1454,2,Hub A,56,22.0
ORD01455,C1455,3,Hub A,63,22.0
ORD01456,C1456,1,Hub A,70,22.0
ORD01457,C1457,2,Hub A,77,22.0
ORD01458,C1458,3,Hub A,24,22.0
ORD01459,C1459,1,Hub A,31,22.0
ORD01460,C1460,2,Hub A,38,22.0
ORD01461,C1461,3,Hub A,45,22.0
ORD01462,C1462,1,Hub A,52,22.0
ORD01463,C1463,2,Hub A,59,22.0
ORD01464,C1464,3,Hub A,66,22.0
ORD01465,C1465,1,Hub A,73,22.0
ORD01466,C1466,2,Hub A,20,22.0
ORD01467,C1467,3,Hub A,27,22.0
ORD01468,C1468,1,Hub A,34,22.0
ORD01469,C1469,2,Hub A,41,22.0
ORD01470,C1470,3,Hub A,48,22.0
ORD01471,C1471,1,Hub A,55,22.0
ORD01472,C1472,2,Hub A,62,22.0
ORD01473,C1473,3,Hub A,69,22.0
ORD01474,C1474,1,Hub A,76,22.0
ORD01475,C1475,2,Hub A,23,22.0
ORD01476,C1476,3,Hub A,30,22.0
ORD01477,C1477,1,Hub A,37,22.0
ORD01478,C1478,2,Hub A,44,22.0
ORD01479,C1479,3,Hub A,51,22.0
ORD01480,C1480,1,Hub A,58,22.0
ORD01481,C1481,2,Hub A,65,22.0
ORD01482,C1482,3,Hub A,72,22.0
ORD01483,C1483,1,Hub A,19,22.0
ORD01484,C1484,2,Hub A,26,22.0
ORD01485,C1485,3,Hub A,33,22.0
ORD01486,C1486,1,Hub A,40,22.0
ORD01487,C1487,2,Hub A,47,22.0
ORD01488,C1488,3,Hub A,54,22.0
ORD01489,C1489,1,Hub A,61,22.0
ORD01490,C1490,2,Hub A,68,22.0
ORD01491,C1491,3,Hub A,75,22.0
ORD01492,C1492,1,Hub A,22,22.0
ORD01493,C1493,2,Hub A,29,22.0
ORD01494,C1494,3,Hub A,36,22.0
ORD01495,C1495,1,Hub A,43,22.0
ORD01496,C1496,2,Hub A,50,22.0
ORD01497,C1497,3,Hub A,57,22.0
ORD01498,C1498,1,Hub A,64,22.0
ORD01499,C1499,2,Hub A,71,22.0
ORD01500,C1500,3,Hub A,18,22.0
ORD01501,C1501,1,Hub A,25,22.0
ORD01502,C1502,2,Hub A,32,22.0
ORD01503,C1503,3,Hub A,39,22.0
ORD01504,C1504,1,Hub A,46,22.0
ORD01505,C1505,2,Hub A,53,22.0
ORD01506,C1506,3,Hub A,60,22.0
ORD01507,C1507,1,Hub A,67,22.0
ORD01508,C1508,2,Hub A,74,22.0
ORD01509,C1509,3,Hub A,21,22.0
ORD01510,C1510,1,Hub A,28,22.0
ORD01511,C1511,2,Hub A,35,22.0
ORD01512,C1512,3,Hub A,42,22.0
ORD01513,C1513,1,Hub A,49,22.0
ORD01514,C1514,2,Hub A,56,22.0
ORD01515,C1515,3,Hub A,63,22.0
ORD01516,C1516,1,Hub A,70,22.0
ORD01517,C1517,2,Hub A,77,22.0
ORD01518,C1518,3,Hub A,24,22.0
ORD01519,C1519,1,Hub A,31,22.0
ORD01520,C1520,2,Hub A,38,22.0
ORD01521,C1521,3,Hub A,45,22.0
ORD01522,C1522,1,Hub A,52,22.0
ORD01523,C1523,2,Hub A,59,22.0
ORD01524,C1524,3,Hub A,66,22.0
ORD01525,C1525,1,Hub A,73,22.0
ORD01526,C1526,2,Hub A,20,22.0
ORD01527,C1527,3,Hub A,27,22.0
ORD01528,C1528,1,Hub A,34,22.0
ORD01529,C1529,2,Hub A,41,22.0
ORD01530,C1530,3,Hub A,48,22.0
ORD01531,C1531,1,Hub A,55,22.0
ORD01532,C1532,2,Hub A,62,22.0
ORD01533,C1533,3,Hub A,69,22.0
ORD01534,C1534,1,Hub A,76,22.0
ORD01535,C1535,2,Hub A,23,22.0
ORD01536,C1536,3,Hub A,30,22.0
ORD01537,C1537,1,Hub A,37,22.0
ORD01538,C1538,2,Hub A,44,22.0
ORD01539,C1539,3,Hub A,51,22.0
ORD01540,C1540,1,Hub A,58,22.0
ORD01541,C1541,2,Hub A,65,22.0
ORD01542,C1542,3,Hub A,72,22.0
ORD01543,C1543,1,Hub A,19,22.0
ORD01544,C1544,2,Hub A,26,22.0
ORD01545,C1545,3,Hub A,33,22.0
ORD01546,C1546,1,Hub A,40,22.0
ORD01547,C1547,2,Hub A,47,22.0
ORD01548,C1548,3,Hub A,54,22.0
ORD01549,C1549,1,Hub A,61,22.0
ORD01550,C1550,2,Hub A,68,22.0
ORD01551,C1551,3,Hub A,75,22.0
ORD01552,C1552,1,Hub A,22,22.0
ORD01553,C1553,2,Hub A,29,22.0
ORD01554,C1554,3,Hub A,36,22.0
ORD01555,C1555,1,Hub A,43,22.0
ORD01556,C1556,2,Hub A,50,22.0
ORD01557,C1557,3,Hub A,57,22.0
ORD01558,C1558,1,Hub A,64,22.0
ORD01559,C1559,2,Hub A,71,22.0
ORD01560,C1560,3,Hub A,18,22.0
ORD01561,C1561,1,Hub A,25,22.0
ORD01562,C1562,2,Hub A,32,22.0
ORD01563,C1563,3,Hub A,39,22.0
ORD01564,C1564,1,Hub A,46,22.0
ORD01565,C1565,2,Hub A,53,22.0
ORD01566,C1566,3,Hub A,60,22.0
ORD01567,C1567,1,Hub A,67,22.0
ORD01568,C1568,2,Hub A,74,22.0
ORD01569,C1569,3,Hub A,21,22.0
ORD01570,C1570,1,Hub A,28,22.0
ORD01571,C1571,2,Hub A,35,22.0
ORD01572,C1572,3,Hub A,42,22.0
ORD01573,C1573,1,Hub A,49,22.0
ORD01574,C1574,2,Hub A,56,22.0
ORD01575,C1575,3,Hub A,63,22.0
ORD01576,C1576,1,Hub A,70,22.0
ORD01577,C1577,2,Hub A,77,22.0
ORD01578,C1578,3,Hub A,24,22.0
ORD01579,C1579,1,Hub A,31,22.0
ORD01580,C1580,2,Hub A,38,22.0
ORD01581,C1581,3,Hub A,45,22.0
ORD01582,C1582,1,Hub A,52,22.0
ORD01583,C1583,2,Hub A,59,22.0
ORD01584,C1584,3,Hub A,66,22.0
ORD01585,C1585,1,Hub A,73,22.0
ORD01586,C1586,2,Hub A,20,22.0
ORD01587,C1587,3,Hub A,27,22.0
ORD01588,C1588,1,Hub A,34,22.0
ORD01589,C1589,2,Hub A,41,22.0
ORD01590,C1590,3,Hub A,48,22.0
ORD01591,C1591,1,Hub A,55,22.0
ORD01592,C1592,2,Hub A,62,22.0
ORD01593,C1593,3,Hub A,69,22.0
ORD01594,C1594,1,Hub A,76,22.0
ORD01595,C1595,2,Hub A,23,22.0
ORD01596,C1596,3,Hub A,30,22.0
ORD01597,C1597,1,Hub A,37,22.0
ORD01598,C1598,2,Hub A,44,22.0
ORD01599,C1599,3,Hub A,51,22.0
ORD01600,C1600,1,Hub A,58,22.0
ORD01601,C1601,2,Hub A,65,22.0
ORD01602,C1602,3,Hub A,72,22.0
ORD01603,C1603,1,Hub A,19,22.0
ORD01604,C1604,2,Hub A,26,22.0
ORD01605,C1605,3,Hub A,33,22.0
ORD01606,C1606,1,Hub A,40,22.0
ORD01607,C1607,2,Hub A,47,22.0
ORD01608,C1608,3,Hub A,54,22.0
ORD01609,C1609,1,Hub A,61,22.0
ORD01610,C1610,2,Hub A,68,22.0
ORD01611,C1611,3,Hub A,75,22.0
ORD01612,C1612,1,Hub A,22,22.0
ORD01613,C1613,2,Hub A,29,22.0
ORD01614,C1614,3,Hub A,36,22.0
ORD01615,C1615,1,Hub A,43,22.0
ORD01616,C1616,2,Hub A,50,22.0
ORD01617,C1617,3,Hub A,57,22.0
ORD01618,C1618,1,Hub A,64,22.0
ORD01619,C1619,2,Hub A,71,22.0
ORD01620,C1620,3,Hub A,18,22.0
ORD01621,C1621,1,Hub A,25,22.0
ORD01622,C1622,2,Hub A,32,22.0
ORD01623,C1623,3,Hub A,39,22.0
ORD01624,C1624,1,Hub A,46,22.0
ORD01625,C1625,2,Hub A,53,22.0
ORD01626,C1626,3,Hub A,60,22.0
ORD01627,C1627,1,Hub A,67,22.0
ORD01628,C1628,2,Hub A,74,22.0
ORD01629,C1629,3,Hub A,21,22.0
ORD01630,C1630,1,Hub A,28,22.0
ORD01631,C1631,2,Hub A,35,22.0
ORD01632,C1632,3,Hub A,42,22.0
ORD01633,C1633,1,Hub A,49,22.0
ORD01634,C1634,2,Hub A,56,22.0
ORD01635,C1635,3,Hub A,63,22.0
ORD01636,C1636,1,Hub A,70,22.0
ORD01637,C1637,2,Hub A,77,22.0
ORD01638,C1638,3,Hub A,24,22.0
ORD01639,C1639,1,Hub A,31,22.0
ORD01640,C1640,2,Hub A,38,22.0
ORD01641,C1641,3,Hub A,45,22.0
ORD01642,C1642,1,Hub A,52,22.0
ORD01643,C1643,2,Hub A,59,22.0
ORD01644,C1644,3,Hub A,66,22.0
ORD01645,C1645,1,Hub A,73,22.0
ORD01646,C1646,2,Hub A,20,22.0
ORD01647,C1647,3,Hub A,27,22.0
ORD01648,C1648,1,Hub A,34,22.0
ORD01649,C1649,2,Hub A,41,22.0
ORD01650,C1650,3,Hub A,48,22.0
ORD01651,C1651,1,Hub A,55,22.0
ORD01652,C1652,2,Hub A,62,22.0
ORD01653,C1653,3,Hub A,69,22.0
ORD01654,C1654,1,Hub A,76,22.0
ORD01655,C1655,2,Hub A,23,22.0
ORD01656,C1656,3,Hub A,30,22.0
ORD01657,C1657,1,Hub A,37,22.0
ORD01658,C1658,2,Hub A,44,22.0
ORD01659,C1659,3,Hub A,51,22.0
ORD01660,C1660,1,Hub A,58,22.0
ORD01661,C1661,2,Hub A,65,22.0
ORD01662,C1662,3,Hub A,72,22.0
ORD01663,C1663,1,Hub A,19,22.0
ORD01664,C1664,2,Hub A,26,22.0
ORD01665,C1665,3,Hub A,33,22.0
ORD01666,C1666,1,Hub A,40,22.0
ORD01667,C1667,2,Hub A,47,22.0
ORD01668,C1668,3,Hub A,54,22.0
ORD01669,C1669,1,Hub A,61,22.0
ORD01670,C1670,2,Hub A,68,22.0
ORD01671,C1671,3,Hub A,75,22.0
ORD01672,C1672,1,Hub A,22,22.0
ORD01673,C1673,2,Hub A,29,22.0
ORD01674,C1674,3,Hub A,36,22.0
ORD01675,C1675,1,Hub A,43,22.0
ORD01676,C1676,2,Hub A,50,22.0
ORD01677,C1677,3,Hub A,57,22.0
ORD01678,C1678,1,Hub A,64,22.0
ORD01679,C1679,2,Hub A,71,22.0
ORD01680,C1680,3,Hub A,18,22.0
ORD01681,C1681,1,Hub A,25,22.0
ORD01682,C1682,2,Hub A,32,22.0
ORD01683,C1683,3,Hub A,39,22.0
ORD01684,C1684,1,Hub A,46,22.0
ORD01685,C1685,2,Hub A,53,22.0
ORD01686,C1686,3,Hub A,60,22.0
ORD01687,C1687,1,Hub A,67,22.0
ORD01688,C1688,2,Hub A,74,22.0
ORD01689,C1689,3,Hub A,21,22.0
ORD01690,C1690,1,Hub A,28,22.0
ORD01691,C1691,2,Hub A,35,22.0
ORD01692,C1692,3,Hub A,42,22.0
ORD01693,C1693,1,Hub A,49,22.0
ORD01694,C1694,2,Hub A,56,22.0
ORD01695,C1695,3,Hub A,63,22.0
ORD01696,C1696,1,Hub A,70,22.0
ORD01697,C1697,2,Hub A,77,22.0
ORD01698,C1698,3,Hub A,24,22.0
ORD01699,C1699,1,Hub A,31,22.0
ORD01700,C1700,2,Hub A,38,22.0
ORD01701,C1701,3,Hub A,45,22.0
ORD01702,C1702,1,Hub A,52,22.0
ORD01703,C1703,2,Hub A,59,22.0
ORD01704,C1704,3,Hub A,66,22.0
ORD01705,C1705,1,Hub A,73,22.0
ORD01706,C1706,2,Hub A,20,22.0
ORD01707,C1707,3,Hub A,27,22.0
ORD01708,C1708,1,Hub A,34,22.0
ORD01709,C1709,2,Hub A,41,22.0
ORD01710,C1710,3,Hub A,48,22.0
ORD01711,C1711,1,Hub A,55,22.0
ORD01712,C1712,2,Hub A,62,22.0
ORD01713,C1713,3,Hub A,69,22.0
ORD01714,C1714,1,Hub A,76,22.0
ORD01715,C1715,2,Hub A,23,22.0
ORD01716,C1716,3,Hub A,30,22.0
ORD01717,C1717,1,Hub A,37,22.0
ORD01718,C1718,2,Hub A,44,22.0
ORD01719,C1719,3,Hub A,51,22.0
ORD01720,C1720,1,Hub A,58,22.0
ORD01721,C1721,2,Hub A,65,22.0
ORD01722,C1722,3,Hub A,72,22.0
ORD01723,C1723,1,Hub A,19,22.0
ORD01724,C1724,2,Hub A,26,22.0
ORD01725,C1725,3,Hub A,33,22.0
ORD01726,C1726,1,Hub A,40,22.0
ORD01727,C1727,2,Hub A,47,22.0
ORD01728,C1728,3,Hub A,54,22.0
ORD01729,C1729,1,Hub A,61,22.0
ORD01730,C1730,2,Hub A,68,22.0
ORD01731,C1731,3,Hub A,75,22.0
ORD01732,C1732,1,Hub A,22,22.0
ORD01733,C1733,2,Hub A,29,22.0
ORD01734,C1734,3,Hub A,36,22.0
ORD01735,C1735,1,Hub A,43,22.0
ORD01736,C1736,2,Hub A,50,22.0
ORD01737,C1737,3,Hub A,57,22.0
ORD01738,C1738,1,Hub A,64,22.0
ORD01739,C1739,2,Hub A,71,22.0
ORD01740,C1740,3,Hub A,18,22.0
ORD01741,C1741,1,Hub A,25,22.0
ORD01742,C1742,2,Hub A,32,22.0
ORD01743,C1743,3,Hub A,39,22.0
ORD01744,C1744,1,Hub A,46,22.0
ORD01745,C1745,2,Hub A,53,22.0
ORD01746,C1746,3,Hub A,60,22.0
ORD01747,C1747,1,Hub A,67,22.0
ORD01748,C1748,2,Hub A,74,22.0
ORD01749,C1749,3,Hub A,21,22.0
ORD01750,C1750,1,Hub A,28,22.0
ORD01751,C1751,2,Hub A,35,22.0
ORD01752,C1752,3,Hub A,42,22.0
ORD01753,C1753,1,Hub A,49,22.0
ORD01754,C1754,2,Hub A,56,22.0
ORD01755,C1755,3,Hub A,63,22.0
ORD01756,C1756,1,Hub A,70,22.0
ORD01757,C1757,2,Hub A,77,22.0
ORD01758,C1758,3,Hub A,24,22.0
ORD01759,C1759,1,Hub A,31,22.0
ORD01760,C1760,2,Hub A,38,22.0
ORD01761,C1761,3,Hub A,45,22.0
ORD01762,C1762,1,Hub A,52,22.0
ORD01763,C1763,2,Hub A,59,22.0
ORD01764,C1764,3,Hub A,66,22.0
ORD01765,C1765,1,Hub A,73,22.0
ORD01766,C1766,2,Hub A,20,22.0
ORD01767,C1767,3,Hub A,27,22.0
ORD01768,C1768,1,Hub A,34,22.0
ORD01769,C1769,2,Hub A,41,22.0
ORD01770,C1770,3,Hub A,48,22.0
ORD01771,C1771,1,Hub A,55,22.0
ORD01772,C1772,2,Hub A,62,22.0
ORD01773,C1773,3,Hub A,69,22.0
ORD01774,C1774,1,Hub A,76,22.0
ORD01775,C1775,2,Hub A,23,22.0
ORD01776,C1776,3,Hub A,30,22.0
ORD01777,C1777,1,Hub A,37,22.0
ORD01778,C1778,2,Hub A,44,22.0
ORD01779,C1779,3,Hub A,51,22.0
ORD01780,C1780,1,Hub A,58,22.0
ORD01781,C1781,2,Hub A,65,22.0
ORD01782,C1782,3,Hub A,72,22.0
ORD01783,C1783,1,Hub A,19,22.0
ORD01784,C1784,2,Hub A,26,22.0
ORD01785,C1785,3,Hub A,33,22.0
ORD01786,C1786,1,Hub A,40,22.0
ORD01787,C1787,2,Hub A,47,22.0
ORD01788,C1788,3,Hub A,54,22.0
ORD01789,C1789,1,Hub A,61,22.0
ORD01790,C1790,2,Hub A,68,22.0
ORD01791,C1791,3,Hub A,75,22.0
ORD01792,C1792,1,Hub A,22,22.0
ORD01793,C1793,2,Hub A,29,22.0
ORD01794,C1794,3,Hub A,36,22.0
ORD01795,C1795,1,Hub A,43,22.0
ORD01796,C1796,2,Hub A,50,22.0
ORD01797,C1797,3,Hub A,57,22.0
ORD01798,C1798,1,Hub A,64,22.0
ORD01799,C1799,2,Hub A,71,22.0
ORD01800,C1800,3,Hub A,18,22.0
ORD01801,C1801,1,Hub A,25,22.0
ORD01802,C1802,2,Hub A,32,22.0
ORD01803,C1803,3,Hub A,39,22.0
ORD01804,C1804,1,Hub A,46,22.0
ORD01805,C1805,2,Hub A,53,22.0
ORD01806,C1806,3,Hub A,60,22.0
ORD01807,C1807,1,Hub A,67,22.0
ORD01808,C1808,2,Hub A,74,22.0
ORD01809,C1809,3,Hub A,21,22.0
ORD01810,C1810,1,Hub A,28,22.0
ORD01811,C1811,2,Hub A,35,22.0
ORD01812,C1812,3,Hub A,42,22.0
ORD01813,C1813,1,Hub A,49,22.0
ORD01814,C1814,2,Hub A,56,22.0
ORD01815,C1815,3,Hub A,63,22.0
ORD01816,C1816,1,Hub A,70,22.0
ORD01817,C1817,2,Hub A,77,22.0
ORD01818,C1818,3,Hub A,24,22.0
ORD01819,C1819,1,Hub A,31,22.0
ORD01820,C1820,2,Hub A,38,22.0
ORD01821,C1821,3,Hub A,45,22.0
ORD01822,C1822,1,Hub A,52,22.0
ORD01823,C1823,2,Hub A,59,22.0
ORD01824,C1824,3,Hub A,66,22.0
ORD01825,C1825,1,Hub A,73,22.0
ORD01826,C1826,2,Hub A,20,22.0
ORD01827,C1827,3,Hub A,27,22.0
ORD01828,C1828,1,Hub A,34,22.0
ORD01829,C1829,2,Hub A,41,22.0
ORD01830,C1830,3,Hub A,48,22.0
ORD01831,C1831,1,Hub A,55,22.0
ORD01832,C1832,2,Hub A,62,22.0
ORD01833,C1833,3,Hub A,69,22.0
ORD01834,C1834,1,Hub A,76,22.0
ORD01835,C1835,2,Hub A,23,22.0
ORD01836,C1836,3,Hub A,30,22.0
ORD01837,C1837,1,Hub A,37,22.0
ORD01838,C1838,2,Hub A,44,22.0
ORD01839,C1839,3,Hub A,51,22.0
ORD01840,C1840,1,Hub A,58,22.0
ORD01841,C1841,2,Hub A,65,22.0
ORD01842,C1842,3,Hub A,72,22.0
ORD01843,C1843,1,Hub A,19,22.0
ORD01844,C1844,2,Hub A,26,22.0
ORD01845,C1845,3,Hub A,33,22.0
ORD01846,C1846,1,Hub A,40,22.0
ORD01847,C1847,2,Hub A,47,22.0
ORD01848,C1848,3,Hub A,54,22.0
ORD01849,C1849,1,Hub A,61,22.0
ORD01850,C1850,2,Hub A,68,22.0
ORD01851,C1851,3,Hub A,75,22.0
ORD01852,C1852,1,Hub A,22,22.0
ORD01853,C1853,2,Hub A,29,22.0
ORD01854,C1854,3,Hub A,36,22.0
ORD01855,C1855,1,Hub A,43,22.0
ORD01856,C1856,2,Hub A,50,22.0
ORD01857,C1857,3,Hub A,57,22.0
ORD01858,C1858,1,Hub A,64,22.0
ORD01859,C1859,2,Hub A,71,22.0
ORD01860,C1860,3,Hub A,18,22.0
ORD01861,C1861,1,Hub A,25,22.0
ORD01862,C1862,2,Hub A,32,22.0
ORD01863,C1863,3,Hub A,39,22.0
ORD01864,C1864,1,Hub A,46,22.0
ORD01865,C1865,2,Hub A,53,22.0
ORD01866,C1866,3,Hub A,60,22.0
ORD01867,C1867,1,Hub A,67,22.0
ORD01868,C1868,2,Hub A,74,22.0
ORD01869,C1869,3,Hub A,21,22.0
ORD01870,C1870,1,Hub A,28,22.0
ORD01871,C1871,2,Hub A,35,22.0
ORD01872,C1872,3,Hub A,42,22.0
ORD01873,C1873,1,Hub A,49,22.0
ORD01874,C1874,2,Hub A,56,22.0
ORD01875,C1875,3,Hub A,63,22.0
ORD01876,C1876,1,Hub A,70,22.0
ORD01877,C1877,2,Hub A,77,22.0
ORD01878,C1878,3,Hub A,24,22.0
ORD01879,C1879,1,Hub A,31,22.0
ORD01880,C1880,2,Hub A,38,22.0
ORD01881,C1881,3,Hub A,45,22.0
ORD01882,C1882,1,Hub A,52,22.0
ORD01883,C1883,2,Hub A,59,22.0
ORD01884,C1884,3,Hub A,66,22.0
ORD01885,C1885,1,Hub A,73,22.0
ORD01886,C1886,2,Hub A,20,22.0
ORD01887,C1887,3,Hub A,27,22.0
ORD01888,C1888,1,Hub A,34,22.0
ORD01889,C1889,2,Hub A,41,22.0
ORD01890,C1890,3,Hub A,48,22.0
ORD01891,C1891,1,Hub A,55,22.0
ORD01892,C1892,2,Hub A,62,22.0
ORD01893,C1893,3,Hub A,69,22.0
ORD01894,C1894,1,Hub A,76,22.0
ORD01895,C1895,2,Hub A,23,22.0
ORD01896,C1896,3,Hub A,30,22.0
ORD01897,C1897,1,Hub A,37,22.0
ORD01898,C1898,2,Hub A,44,22.0
ORD01899,C1899,3,Hub A,51,22.0
ORD01900,C1900,1,Hub A,58,22.0
ORD01901,C1901,2,Hub A,65,22.0
ORD01902,C1902,3,Hub A,72,22.0
ORD01903,C1903,1,Hub A,19,22.0
ORD01904,C1904,2,Hub A,26,22.0
ORD01905,C1905,3,Hub A,33,22.0
ORD01906,C1906,1,Hub A,40,22.0
ORD01907,C1907,2,Hub A,47,22.0
ORD01908,C1908,3,Hub A,54,22.0
ORD01909,C1909,1,Hub A,61,22.0
ORD01910,C1910,2,Hub A,68,22.0
ORD01911,C1911,3,Hub A,75,22.0
ORD01912,C1912,1,Hub A,22,22.0
ORD01913,C1913,2,Hub A,29,22.0
ORD01914,C1914,3,Hub A,36,22.0
ORD01915,C1915,1,Hub A,43,22.0
ORD01916,C1916,2,Hub A,50,22.0
ORD01917,C1917,3,Hub A,57,22.0
ORD01918,C1918,1,Hub A,64,22.0
ORD01919,C1919,2,Hub A,71,22.0
ORD01920,C1920,3,Hub A,18,22.0
ORD01921,C1921,1,Hub A,25,22.0
ORD01922,C1922,2,Hub A,32,22.0
ORD01923,C1923,3,Hub A,39,22.0
ORD01924,C1924,1,Hub A,46,22.0
ORD01925,C1925,2,Hub A,53,22.0
ORD01926,C1926,3,Hub A,60,22.0
ORD01927,C1927,1,Hub A,67,22.0
ORD01928,C1928,2,Hub A,74,22.0
ORD01929,C1929,3,Hub A,21,22.0
ORD01930,C1930,1,Hub A,28,22.0
ORD01931,C1931,2,Hub A,35,22.0
ORD01932,C1932,3,Hub A,42,22.0
ORD01933,C1933,1,Hub A,49,22.0
ORD01934,C1934,2,Hub A,56,22.0
ORD01935,C1935,3,Hub A,63,22.0
ORD01936,C1936,1,Hub A,70,22.0
ORD01937,C1937,2,Hub A,77,22.0
ORD01938,C1938,3,Hub A,24,22.0
ORD01939,C1939,1,Hub A,31,22.0
ORD01940,C1940,2,Hub A,38,22.0
ORD01941,C1941,3,Hub A,45,22.0
ORD01942,C1942,1,Hub A,52,22.0
ORD01943,C1943,2,Hub A,59,22.0
ORD01944,C1944,3,Hub A,66,22.0
ORD01945,C1945,1,Hub A,73,22.0
ORD01946,C1946,2,Hub A,20,22.0
ORD01947,C1947,3,Hub A,27,22.0
ORD01948,C1948,1,Hub A,34,22.0
ORD01949,C1949,2,Hub A,41,22.0
ORD01950,C1950,3,Hub A,48,22.0
ORD01951,C1951,1,Hub A,55,22.0
ORD01952,C1952,2,Hub A,62,22.0
ORD01953,C1953,3,Hub A,69,22.0
ORD01954,C1954,1,Hub A,76,22.0
ORD01955,C1955,2,Hub A,23,22.0
ORD01956,C1956,3,Hub A,30,22.0
ORD01957,C1957,1,Hub A,37,22.0
ORD01958,C1958,2,Hub A,44,22.0
ORD01959,C1959,3,Hub A,51,22.0
ORD01960,C1960,1,Hub A,58,22.0
ORD01961,C1961,2,Hub A,65,22.0
ORD01962,C1962,3,Hub A,72,22.0
ORD01963,C1963,1,Hub A,19,22.0
ORD01964,C1964,2,Hub A,26,22.0
ORD01965,C1965,3,Hub A,33,22.0
ORD01966,C1966,1,Hub A,40,22.0
ORD01967,C1967,2,Hub A,47,22.0
ORD01968,C1968,3,Hub A,54,22.0
ORD01969,C1969,1,Hub A,61,22.0
ORD01970,C1970,2,Hub A,68,22.0
ORD01971,C1971,3,Hub A,75,22.0
ORD01972,C1972,1,Hub A,22,22.0
ORD01973,C1973,2,Hub A,29,22.0
ORD01974,C1974,3,Hub A,36,22.0
ORD01975,C1975,1,Hub A,43,22.0
ORD01976,C1976,2,Hub A,50,22.0
ORD01977,C1977,3,Hub A,57,22.0
ORD01978,C1978,1,Hub A,64,22.0
ORD01979,C1979,2,Hub A,71,22.0
ORD01980,C1980,3,Hub A,18,22.0
ORD01981,C1981,1,Hub A,25,22.0
ORD01982,C1982,2,Hub A,32,22.0
ORD01983,C1983,3,Hub A,39,22.0
ORD01984,C1984,1,Hub A,46,22.0
ORD01985,C1985,2,Hub A,53,22.0
ORD01986,C1986,3,Hub A,60,22.0
ORD01987,C1987,1,Hub A,67,22.0
ORD01988,C1988,2,Hub A,74,22.0
ORD01989,C1989,3,Hub A,21,22.0
ORD01990,C1990,1,Hub A,28,22.0
ORD01991,C1991,2,Hub A,35,22.0
ORD01992,C1992,3,Hub A,42,22.0
ORD01993,C1993,1,Hub A,49,22.0
ORD01994,C1994,2,Hub A,56,22.0
ORD01995,C1995,3,Hub A,63,22.0
ORD01996,C1996,1,Hub A,70,22.0
ORD01997,C1997,2,Hub A,77,22.0
ORD01998,C1998,3,Hub A,24,22.0
ORD01999,C1999,1,Hub A,31,22.0
ORD02000,C2000,2,Hub A,38,22.0
ORD02001,C2001,3,Hub A,45,22.0
ORD02002,C2002,1,Hub A,52,22.0
ORD02003,C2003,2,Hub A,59,22.0
ORD02004,C2004,3,Hub A,66,22.0
ORD02005,C2005,1,Hub A,73,22.0
ORD02006,C2006,2,Hub A,20,22.0
ORD02007,C2007,3,Hub A,27,22.0
ORD02008,C2008,1,Hub A,34,22.0
ORD02009,C2009,2,Hub A,41,22.0
ORD02010,C2010,3,Hub A,48,22.0
ORD02011,C2011,1,Hub A,55,22.0
ORD02012,C2012,2,Hub A,62,22.0
ORD02013,C2013,3,Hub A,69,22.0
ORD02014,C2014,1,Hub A,76,22.0
ORD02015,C2015,2,Hub A,23,22.0
ORD02016,C2016,3,Hub A,30,22.0
ORD02017,C2017,1,Hub A,37,22.0
ORD02018,C2018,2,Hub A,44,22.0
ORD02019,C2019,3,Hub A,51,22.0
ORD02020,C2020,1,Hub A,58,22.0
ORD02021,C2021,2,Hub A,65,22.0
ORD02022,C2022,3,Hub A,72,22.0
ORD02023,C2023,1,Hub A,19,22.0
ORD02024,C2024,2,Hub A,26,22.0
ORD02025,C2025,3,Hub A,33,22.0
ORD02026,C2026,1,Hub A,40,22.0
ORD02027,C2027,2,Hub A,47,22.0
ORD02028,C2028,3,Hub A,54,22.0
ORD02029,C2029,1,Hub A,61,22.0
ORD02030,C2030,2,Hub A,68,22.0
ORD02031,C2031,3,Hub A,75,22.0
ORD02032,C2032,1,Hub A,22,22.0
ORD02033,C2033,2,Hub A,29,22.0
ORD02034,C2034,3,Hub A,36,22.0
ORD02035,C2035,1,Hub A,43,22.0
ORD02036,C2036,2,Hub A,50,22.0
ORD02037,C2037,3,Hub A,57,22.0
ORD02038,C2038,1,Hub A,64,22.0
ORD02039,C2039,2,Hub A,71,22.0
ORD02040,C2040,3,Hub A,18,22.0
ORD02041,C2041,1,Hub A,25,22.0
ORD02042,C2042,2,Hub A,32,22.0
ORD02043,C2043,3,Hub A,39,22.0
ORD02044,C2044,1,Hub A,46,22.0
ORD02045,C2045,2,Hub A,53,22.0
ORD02046,C2046,3,Hub A,60,22.0
ORD02047,C2047,1,Hub A,67,22.0
ORD02048,C2048,2,Hub A,74,22.0
ORD02049,C2049,3,Hub A,21,22.0
ORD02050,C2050,1,Hub A,28,22.0
ORD02051,C2051,2,Hub A,35,22.0
ORD02052,C2052,3,Hub A,42,22.0
ORD02053,C2053,1,Hub A,49,22.0
ORD02054,C2054,2,Hub A,56,22.0
ORD02055,C2055,3,Hub A,63,22.0
ORD02056,C2056,1,Hub A,70,22.0
ORD02057,C2057,2,Hub A,77,22.0
ORD02058,C2058,3,Hub A,24,22.0
ORD02059,C2059,1,Hub A,31,22.0
ORD02060,C2060,2,Hub A,38,22.0
ORD02061,C2061,3,Hub A,45,22.0
ORD02062,C2062,1,Hub A,52,22.0
ORD02063,C2063,2,Hub A,59,22.0
ORD02064,C2064,3,Hub A,66,22.0
ORD02065,C2065,1,Hub A,73,22.0
ORD02066,C2066,2,Hub A,20,22.0
ORD02067,C2067,3,Hub A,27,22.0
ORD02068,C2068,1,Hub A,34,22.0
ORD02069,C2069,2,Hub A,41,22.0
ORD02070,C2070,3,Hub A,48,22.0
ORD02071,C2071,1,Hub A,55,22.0
ORD02072,C2072,2,Hub A,62,22.0
ORD02073,C2073,3,Hub A,69,22.0
ORD02074,C2074,1,Hub A,76,22.0
ORD02075,C2075,2,Hub A,23,22.0
ORD02076,C2076,3,Hub A,30,22.0
ORD02077,C2077,1,Hub A,37,22.0
ORD02078,C2078,2,Hub A,44,22.0
ORD02079,C2079,3,Hub A,51,22.0
ORD02080,C2080,1,Hub A,58,22.0
ORD02081,C2081,2,Hub A,65,22.0
ORD02082,C2082,3,Hub A,72,22.0
ORD02083,C2083,1,Hub A,19,22.0
ORD02084,C2084,2,Hub A,26,22.0
ORD02085,C2085,3,Hub A,33,22.0
ORD02086,C2086,1,Hub A,40,22.0
ORD02087,C2087,2,Hub A,47,22.0
ORD02088,C2088,3,Hub A,54,22.0
ORD02089,C2089,1,Hub A,61,22.0
ORD02090,C2090,2,Hub A,68,22.0
ORD02091,C2091,3,Hub A,75,22.0
ORD02092,C2092,1,Hub A,22,22.0
ORD02093,C2093,2,Hub A,29,22.0
ORD02094,C2094,3,Hub A,36,22.0
ORD02095,C2095,1,Hub A,43,22.0
ORD02096,C2096,2,Hub A,50,22.0
ORD02097,C2097,3,Hub A,57,22.0
ORD02098,C2098,1,Hub A,64,22.0
ORD02099,C2099,2,Hub A,71,22.0
ORD02100,C2100,3,Hub A,18,22.0
ORD02101,C2101,1,Hub A,25,22.0
ORD02102,C2102,2,Hub A,32,22.0
ORD02103,C2103,3,Hub A,39,22.0
ORD02104,C2104,1,Hub A,46,22.0
ORD02105,C2105,2,Hub A,53,22.0
ORD02106,C2106,3,Hub A,60,22.0
ORD02107,C2107,1,Hub A,67,22.0
ORD02108,C2108,2,Hub A,74,22.0
ORD02109,C2109,3,Hub A,21,22.0
ORD02110,C2110,1,Hub A,28,22.0
ORD02111,C2111,2,Hub A,35,22.0
ORD02112,C2112,3,Hub A,42,22.0
ORD02113,C2113,1,Hub A,49,22.0
ORD02114,C2114,2,Hub A,56,22.0
ORD02115,C2115,3,Hub A,63,22.0
ORD02116,C2116,1,Hub A,70,22.0
ORD02117,C2117,2,Hub A,77,22.0
ORD02118,C2118,3,Hub A,24,22.0
ORD02119,C2119,1,Hub A,31,22.0
ORD02120,C2120,2,Hub A,38,22.0
ORD02121,C2121,3,Hub A,45,22.0
ORD02122,C2122,1,Hub A,52,22.0
ORD02123,C2123,2,Hub A,59,22.0
ORD02124,C2124,3,Hub A,66,22.0
ORD02125,C2125,1,Hub A,73,22.0
ORD02126,C2126,2,Hub A,20,22.0
ORD02127,C2127,3,Hub A,27,22.0
ORD02128,C2128,1,Hub A,34,22.0
ORD02129,C2129,2,Hub A,41,22.0
ORD02130,C2130,3,Hub A,48,22.0
ORD02131,C2131,1,Hub A,55,22.0
ORD02132,C2132,2,Hub A,62,22.0
ORD02133,C2133,3,Hub A,69,22.0
ORD02134,C2134,1,Hub A,76,22.0
ORD02135,C2135,2,Hub A,23,22.0
ORD02136,C2136,3,Hub A,30,22.0
ORD02137,C2137,1,Hub A,37,22.0
ORD02138,C2138,2,Hub A,44,22.0
ORD02139,C2139,3,Hub A,51,22.0
ORD02140,C2140,1,Hub A,58,22.0
ORD02141,C2141,2,Hub A,65,22.0
ORD02142,C2142,3,Hub A,72,22.0
ORD02143,C2143,1,Hub A,19,22.0
ORD02144,C2144,2,Hub A,26,22.0
ORD02145,C2145,3,Hub A,33,22.0
ORD02146,C2146,1,Hub A,40,22.0
ORD02147,C2147,2,Hub A,47,22.0
ORD02148,C2148,3,Hub A,54,22.0
ORD02149,C2149,1,Hub A,61,22.0
ORD02150,C2150,2,Hub A,68,22.0
ORD02151,C2151,3,Hub A,75,22.0
ORD02152,C2152,1,Hub A,22,22.0
ORD02153,C2153,2,Hub A,29,22.0
ORD02154,C2154,3,Hub A,36,22.0
ORD02155,C2155,1,Hub A,43,22.0
ORD02156,C2156,2,Hub A,50,22.0
ORD02157,C2157,3,Hub A,57,22.0
ORD02158,C2158,1,Hub A,64,22.0
ORD02159,C2159,2,Hub A,71,22.0
ORD02160,C2160,3,Hub A,18,22.0
ORD02161,C2161,1,Hub A,25,22.0
ORD02162,C2162,2,Hub A,32,22.0
ORD02163,C2163,3,Hub A,39,22.0
ORD02164,C2164,1,Hub A,46,22.0
ORD02165,C2165,2,Hub A,53,22.0
ORD02166,C2166,3,Hub A,60,22.0
ORD02167,C2167,1,Hub A,67,22.0
ORD02168,C2168,2,Hub A,74,22.0
ORD02169,C2169,3,Hub A,21,22.0
ORD02170,C2170,1,Hub A,28,22.0
ORD02171,C2171,2,Hub A,35,22.0
ORD02172,C2172,3,Hub A,42,22.0
ORD02173,C2173,1,Hub A,49,22.0
ORD02174,C2174,2,Hub A,56,22.0
ORD02175,C2175,3,Hub A,63,22.0
ORD02176,C2176,1,Hub A,70,22.0
ORD02177,C2177,2,Hub A,77,22.0
ORD02178,C2178,3,Hub A,24,22.0
ORD02179,C2179,1,Hub A,31,22.0
ORD02180,C2180,2,Hub A,38,22.0
ORD02181,C2181,3,Hub A,45,22.0
ORD02182,C2182,1,Hub A,52,22.0
ORD02183,C2183,2,Hub A,59,22.0
ORD02184,C2184,3,Hub A,66,22.0
ORD02185,C2185,1,Hub A,73,22.0
ORD02186,C2186,2,Hub A,20,22.0
ORD02187,C2187,3,Hub A,27,22.0
ORD02188,C2188,1,Hub A,34,22.0
ORD02189,C2189,2,Hub A,41,22.0
ORD02190,C2190,3,Hub A,48,22.0
ORD02191,C2191,1,Hub A,55,22.0
ORD02192,C2192,2,Hub A,62,22.0
ORD02193,C2193,3,Hub A,69,22.0
ORD02194,C2194,1,Hub A,76,22.0
ORD02195,C2195,2,Hub A,23,22.0
ORD02196,C2196,3,Hub A,30,22.0
ORD02197,C2197,1,Hub A,37,22.0
ORD02198,C2198,2,Hub A,44,22.0
ORD02199,C2199,3,Hub A,51,22.0
ORD02200,C2200,1,Hub A,58,22.0
ORD02201,C2201,2,Hub A,65,22.0
ORD02202,C2202,3,Hub A,72,22.0
ORD02203,C2203,1,Hub A,19,22.0
ORD02204,C2204,2,Hub A,26,22.0
ORD02205,C2205,3,Hub A,33,22.0
ORD02206,C2206,1,Hub A,40,22.0
ORD02207,C2207,2,Hub A,47,22.0
ORD02208,C2208,3,Hub A,54,22.0
ORD02209,C2209,1,Hub A,61,22.0
ORD02210,C2210,2,Hub A,68,22.0
ORD02211,C2211,3,Hub A,75,22.0
ORD02212,C2212,1,Hub A,22,22.0
ORD02213,C2213,2,Hub A,29,22.0
ORD02214,C2214,3,Hub A,36,22.0
ORD02215,C2215,1,Hub A,43,22.0
ORD02216,C2216,2,Hub A,50,22.0
ORD02217,C2217,3,Hub A,57,22.0
ORD02218,C2218,1,Hub A,64,22.0
ORD02219,C2219,2,Hub A,71,22.0
ORD02220,C2220,3,Hub A,18,22.0
ORD02221,C2221,1,Hub A,25,22.0
ORD02222,C2222,2,Hub A,32,22.0
ORD02223,C2223,3,Hub A,39,22.0
ORD02224,C2224,1,Hub A,46,22.0
ORD02225,C2225,2,Hub A,53,22.0
ORD02226,C2226,3,Hub A,60,22.0
ORD02227,C2227,1,Hub A,67,22.0
ORD02228,C2228,2,Hub A,74,22.0
ORD02229,C2229,3,Hub A,21,22.0
ORD02230,C2230,1,Hub A,28,22.0
ORD02231,C2231,2,Hub A,35,22.0
ORD02232,C2232,3,Hub A,42,22.0
ORD02233,C2233,1,Hub A,49,22.0
ORD02234,C2234,2,Hub A,56,22.0
ORD02235,C2235,3,Hub A,63,22.0
ORD02236,C2236,1,Hub A,70,22.0
ORD02237,C2237,2,Hub A,77,22.0
ORD02238,C2238,3,Hub A,24,22.0
ORD02239,C2239,1,Hub A,31,22.0
ORD02240,C2240,2,Hub A,38,22.0
ORD02241,C2241,3,Hub A,45,22.0
ORD02242,C2242,1,Hub A,52,22.0
ORD02243,C2243,2,Hub A,59,22.0
ORD02244,C2244,3,Hub A,66,22.0
ORD02245,C2245,1,Hub A,73,22.0
ORD02246,C2246,2,Hub A,20,22.0
ORD02247,C2247,3,Hub A,27,22.0
ORD02248,C2248,1,Hub A,34,22.0
ORD02249,C2249,2,Hub A,41,22.0
ORD02250,C2250,3,Hub A,48,22.0
ORD02251,C2251,1,Hub A,55,22.0
ORD02252,C2252,2,Hub A,62,22.0
ORD02253,C2253,3,Hub A,69,22.0
ORD02254,C2254,1,Hub A,76,22.0
ORD02255,C2255,2,Hub A,23,22.0
ORD02256,C2256,3,Hub A,30,22.0
ORD02257,C2257,1,Hub A,37,22.0
ORD02258,C2258,2,Hub A,44,22.0
ORD02259,C2259,3,Hub A,51,22.0
ORD02260,C2260,1,Hub A,58,22.0
ORD02261,C2261,2,Hub A,65,22.0
ORD02262,C2262,3,Hub A,72,22.0
ORD02263,C2263,1,Hub A,19,22.0
ORD02264,C2264,2,Hub A,26,22.0
ORD02265,C2265,3,Hub A,33,22.0
ORD02266,C2266,1,Hub A,40,22.0
ORD02267,C2267,2,Hub A,47,22.0
ORD02268,C2268,3,Hub A,54,22.0
ORD02269,C2269,1,Hub A,61,22.0
ORD02270,C2270,2,Hub A,68,22.0
ORD02271,C2271,3,Hub A,75,22.0
ORD02272,C2272,1,Hub A,22,22.0
ORD02273,C2273,2,Hub A,29,22.0
ORD02274,C2274,3,Hub A,36,22.0
ORD02275,C2275,1,Hub A,43,22.0
ORD02276,C2276,2,Hub A,50,22.0
ORD02277,C2277,3,Hub A,57,22.0
ORD02278,C2278,1,Hub A,64,22.0
ORD02279,C2279,2,Hub A,71,22.0
ORD02280,C2280,3,Hub A,18,22.0
ORD02281,C2281,1,Hub A,25,22.0
ORD02282,C2282,2,Hub A,32,22.0
ORD02283,C2283,3,Hub A,39,22.0
ORD02284,C2284,1,Hub A,46,22.0
ORD02285,C2285,2,Hub A,53,22.0
ORD02286,C2286,3,Hub A,60,22.0
ORD02287,C2287,1,Hub A,67,22.0
ORD02288,C2288,2,Hub A,74,22.0
ORD02289,C2289,3,Hub A,21,22.0
ORD02290,C2290,1,Hub A,28,22.0
ORD02291,C2291,2,Hub A,35,22.0
ORD02292,C2292,3,Hub A,42,22.0
ORD02293,C2293,1,Hub A,49,22.0
ORD02294,C2294,2,Hub A,56,22.0
ORD02295,C2295,3,Hub A,63,22.0
ORD02296,C2296,1,Hub A,70,22.0
ORD02297,C2297,2,Hub A,77,22.0
ORD02298,C2298,3,Hub A,24,22.0
ORD02299,C2299,1,Hub A,31,22.0
ORD02300,C2300,2,Hub A,38,22.0
ORD02301,C2301,3,Hub A,45,22.0
ORD02302,C2302,1,Hub A,52,22.0
ORD02303,C2303,2,Hub A,59,22.0
ORD02304,C2304,3,Hub A,66,22.0
ORD02305,C2305,1,Hub A,73,22.0
ORD02306,C2306,2,Hub A,20,22.0
ORD02307,C2307,3,Hub A,27,22.0
ORD02308,C2308,1,Hub A,34,22.0
ORD02309,C2309,2,Hub A,41,22.0
ORD02310,C2310,3,Hub A,48,22.0
ORD02311,C2311,1,Hub A,55,22.0
ORD02312,C2312,2,Hub A,62,22.0
ORD02313,C2313,3,Hub A,69,22.0
ORD02314,C2314,1,Hub A,76,22.0
ORD02315,C2315,2,Hub A,23,22.0
ORD02316,C2316,3,Hub A,30,22.0
ORD02317,C2317,1,Hub A,37,22.0
ORD02318,C2318,2,Hub A,44,22.0
ORD02319,C2319,3,Hub A,51,22.0
ORD02320,C2320,1,Hub A,58,22.0
ORD02321,C2321,2,Hub A,65,22.0
ORD02322,C2322,3,Hub A,72,22.0
ORD02323,C2323,1,Hub A,19,22.0
ORD02324,C2324,2,Hub A,26,22.0
ORD02325,C2325,3,Hub A,33,22.0
ORD02326,C2326,1,Hub A,40,22.0
ORD02327,C2327,2,Hub A,47,22.0
ORD02328,C2328,3,Hub A,54,22.0
ORD02329,C2329,1,Hub A,61,22.0
ORD02330,C2330,2,Hub A,68,22.0
ORD02331,C2331,3,Hub A,75,22.0
ORD02332,C2332,1,Hub A,22,22.0
ORD02333,C2333,2,Hub A,29,22.0
ORD02334,C2334,3,Hub A,36,22.0
ORD02335,C2335,1,Hub A,43,22.0
ORD02336,C2336,2,Hub A,50,22.0
ORD02337,C2337,3,Hub A,57,22.0
ORD02338,C2338,1,Hub A,64,22.0
ORD02339,C2339,2,Hub A,71,22.0
ORD02340,C2340,3,Hub A,18,22.0
ORD02341,C2341,1,Hub A,25,22.0
ORD02342,C2342,2,Hub A,32,22.0
ORD02343,C2343,3,Hub A,39,22.0
ORD02344,C2344,1,Hub A,46,22.0
ORD02345,C2345,2,Hub A,53,22.0
ORD02346,C2346,3,Hub A,60,22.0
ORD02347,C2347,1,Hub A,67,22.0
ORD02348,C2348,2,Hub A,74,22.0
ORD02349,C2349,3,Hub A,21,22.0
ORD02350,C2350,1,Hub A,28,22.0
ORD02351,C2351,2,Hub A,35,22.0
ORD02352,C2352,3,Hub A,42,22.0
ORD02353,C2353,1,Hub A,49,22.0
ORD02354,C2354,2,Hub A,56,22.0
ORD02355,C2355,3,Hub A,63,22.0
ORD02356,C2356,1,Hub A,70,22.0
ORD02357,C2357,2,Hub A,77,22.0
ORD02358,C2358,3,Hub A,24,22.0
ORD02359,C2359,1,Hub A,31,22.0
ORD02360,C2360,2,Hub A,38,22.0
ORD02361,C2361,3,Hub A,45,22.0
ORD02362,C2362,1,Hub A,52,22.0
ORD02363,C2363,2,Hub A,59,22.0
ORD02364,C2364,3,Hub A,66,22.0
ORD02365,C2365,1,Hub A,73,22.0
ORD02366,C2366,2,Hub A,20,22.0
ORD02367,C2367,3,Hub A,27,22.0
ORD02368,C2368,1,Hub A,34,22.0
ORD02369,C2369,2,Hub A,41,22.0
ORD02370,C2370,3,Hub A,48,22.0
ORD02371,C2371,1,Hub A,55,22.0
ORD02372,C2372,2,Hub A,62,22.0
ORD02373,C2373,3,Hub A,69,22.0
ORD02374,C2374,1,Hub A,76,22.0
ORD02375,C2375,2,Hub A,23,22.0
ORD02376,C2376,3,Hub A,30,22.0
ORD02377,C2377,1,Hub A,37,22.0
ORD02378,C2378,2,Hub A,44,22.0
ORD02379,C2379,3,Hub A,51,22.0
ORD02380,C2380,1,Hub A,58,22.0
ORD02381,C2381,2,Hub A,65,22.0
ORD02382,C2382,3,Hub A,72,22.0
ORD02383,C2383,1,Hub A,19,22.0
ORD02384,C2384,2,Hub A,26,22.0
ORD02385,C2385,3,Hub A,33,22.0
ORD02386,C2386,1,Hub A,40,22.0
ORD02387,C2387,2,Hub A,47,22.0
ORD02388,C2388,3,Hub A,54,22.0
ORD02389,C2389,1,Hub A,61,22.0
ORD02390,C2390,2,Hub A,68,22.0
ORD02391,C2391,3,Hub A,75,22.0
ORD02392,C2392,1,Hub A,22,22.0
ORD02393,C2393,2,Hub A,29,22.0
ORD02394,C2394,3,Hub A,36,22.0
ORD02395,C2395,1,Hub A,43,22.0
ORD02396,C2396,2,Hub A,50,22.0
ORD02397,C2397,3,Hub A,57,22.0
ORD02398,C2398,1,Hub A,64,22.0
ORD02399,C2399,2,Hub A,71,22.0
ORD02400,C2400,3,Hub A,18,22.0
ORD02401,C2401,1,Hub A,25,22.0
ORD02402,C2402,2,Hub A,32,22.0
ORD02403,C2403,3,Hub A,39,22.0
ORD02404,C2404,1,Hub A,46,22.0
ORD02405,C2405,2,Hub A,53,22.0
ORD02406,C2406,3,Hub A,60,22.0
ORD02407,C2407,1,Hub A,67,22.0
ORD02408,C2408,2,Hub A,74,22.0
ORD02409,C2409,3,Hub A,21,22.0
ORD02410,C2410,1,Hub A,28,22.0
ORD02411,C2411,2,Hub A,35,22.0
ORD02412,C2412,3,Hub A,42,22.0
ORD02413,C2413,1,Hub A,49,22.0
ORD02414,C2414,2,Hub A,56,22.0
ORD02415,C2415,3,Hub A,63,22.0
ORD02416,C2416,1,Hub A,70,22.0
ORD02417,C2417,2,Hub A,77,22.0
ORD02418,C2418,3,Hub A,24,22.0
ORD02419,C2419,1,Hub A,31,22.0
ORD02420,C2420,2,Hub A,38,22.0
ORD02421,C2421,3,Hub A,45,22.0
ORD02422,C2422,1,Hub A,52,22.0
ORD02423,C2423,2,Hub A,59,22.0
ORD02424,C2424,3,Hub A,66,22.0
ORD02425,C2425,1,Hub A,73,22.0
ORD02426,C2426,2,Hub A,20,22.0
ORD02427,C2427,3,Hub A,27,22.0
ORD02428,C2428,1,Hub A,34,22.0
ORD02429,C2429,2,Hub A,41,22.0
ORD02430,C2430,3,Hub A,48,22.0
ORD02431,C2431,1,Hub A,55,22.0
ORD02432,C2432,2,Hub A,62,22.0
ORD02433,C2433,3,Hub A,69,22.0
ORD02434,C2434,1,Hub A,76,22.0
ORD02435,C2435,2,Hub A,23,22.0
ORD02436,C2436,3,Hub A,30,22.0
ORD02437,C2437,1,Hub A,37,22.0
ORD02438,C2438,2,Hub A,44,22.0
ORD02439,C2439,3,Hub A,51,22.0
ORD02440,C2440,1,Hub A,58,22.0
ORD02441,C2441,2,Hub A,65,22.0
ORD02442,C2442,3,Hub A,72,22.0
ORD02443,C2443,1,Hub A,19,22.0
ORD02444,C2444,2,Hub A,26,22.0
ORD02445,C2445,3,Hub A,33,22.0
ORD02446,C2446,1,Hub A,40,22.0
ORD02447,C2447,2,Hub A,47,22.0
ORD02448,C2448,3,Hub A,54,22.0
ORD02449,C2449,1,Hub A,61,22.0
ORD02450,C2450,2,Hub A,68,22.0
ORD02451,C2451,3,Hub A,75,22.0
ORD02452,C2452,1,Hub A,22,22.0
ORD02453,C2453,2,Hub A,29,22.0
ORD02454,C2454,3,Hub A,36,22.0
ORD02455,C2455,1,Hub A,43,22.0
ORD02456,C2456,2,Hub A,50,22.0
ORD02457,C2457,3,Hub A,57,22.0
ORD02458,C2458,1,Hub A,64,22.0
ORD02459,C2459,2,Hub A,71,22.0
ORD02460,C2460,3,Hub A,18,22.0
ORD02461,C2461,1,Hub A,25,22.0
ORD02462,C2462,2,Hub A,32,22.0
ORD02463,C2463,3,Hub A,39,22.0
ORD02464,C2464,1,Hub A,46,22.0
ORD02465,C2465,2,Hub A,53,22.0
ORD02466,C2466,3,Hub A,60,22.0
ORD02467,C2467,1,Hub A,67,22.0
ORD02468,C2468,2,Hub A,74,22.0
ORD02469,C2469,3,Hub A,21,22.0
ORD02470,C2470,1,Hub A,28,22.0
ORD02471,C2471,2,Hub A,35,22.0
ORD02472,C2472,3,Hub A,42,22.0
ORD02473,C2473,1,Hub A,49,22.0
ORD02474,C2474,2,Hub A,56,22.0
ORD02475,C2475,3,Hub A,63,22.0
ORD02476,C2476,1,Hub A,70,22.0
ORD02477,C2477,2,Hub A,77,22.0
ORD02478,C2478,3,Hub A,24,22.0
ORD02479,C2479,1,Hub A,31,22.0
ORD02480,C2480,2,Hub A,38,22.0
ORD02481,C2481,3,Hub A,45,22.0
ORD02482,C2482,1,Hub A,52,22.0
ORD02483,C2483,2,Hub A,59,22.0
ORD02484,C2484,3,Hub A,66,22.0
ORD02485,C2485,1,Hub A,73,22.0
ORD02486,C2486,2,Hub A,20,22.0
ORD02487,C2487,3,Hub A,27,22.0
ORD02488,C2488,1,Hub A,34,22.0
ORD02489,C2489,2,Hub A,41,22.0
ORD02490,C2490,3,Hub A,48,26.0
ORD02491,C2491,1,Hub A,55,47.544
ORD02492,C2492,2,Hub A,62,47.544
ORD02493,C2493,3,Hub A,69,47.544
ORD02494,C2494,1,Hub A,76,47.544
ORD02495,C2495,2,Hub A,23,47.544
ORD02496,C2496,3,Hub A,30,47.544
ORD02497,C2497,1,Hub A,37,47.544
ORD02498,C2498,2,Hub A,44,47.544
ORD02499,C2499,3,Hub A,51,47.544
ORD02500,C2500,1,Hub A,58,47.544
ORD02501,C0001,2,Hub A,65,47.544
ORD02502,C0002,3,Hub A,72,47.544
ORD02503,C0003,1,Hub A,19,47.544
ORD02504,C0004,2,Hub A,26,47.544
ORD02505,C0005,3,Hub A,33,47.544
ORD02506,C0006,1,Hub A,40,47.544
ORD02507,C0007,2,Hub A,47,47.544
ORD02508,C0008,3,Hub A,54,47.544
ORD02509,C0009,1,Hub A,61,47.544
ORD02510,C0010,2,Hub A,68,47.544
ORD02511,C0011,3,Hub A,75,47.544
ORD02512,C0012,1,Hub A,22,47.544
ORD02513,C0013,2,Hub A,29,47.544
ORD02514,C0014,3,Hub A,36,47.544
ORD02515,C0015,1,Hub A,43,47.544
ORD02516,C0016,2,Hub A,50,47.544
ORD02517,C0017,3,Hub A,57,47.544
ORD02518,C0018,1,Hub A,64,47.544
ORD02519,C0019,2,Hub A,71,47.544
ORD02520,C0020,3,Hub A,18,47.544
ORD02521,C0021,1,Hub A,25,47.544
ORD02522,C0022,2,Hub A,32,47.544
ORD02523,C0023,3,Hub A,39,47.544
ORD02524,C0024,1,Hub A,46,47.544
ORD02525,C0025,2,Hub A,53,47.544
ORD02526,C0026,3,Hub A,60,47.544
ORD02527,C0027,1,Hub A,67,47.544
ORD02528,C0028,2,Hub A,74,47.544
ORD02529,C0029,3,Hub A,21,47.544
ORD02530,C0030,1,Hub A,28,47.544
ORD02531,C0031,2,Hub A,35,47.544
ORD02532,C0032,3,Hub A,42,47.544
ORD02533,C0033,1,Hub A,49,47.544
ORD02534,C0034,2,Hub A,56,47.544
ORD02535,C0035,3,Hub A,63,47.544
ORD02536,C0036,1,Hub A,70,47.544
ORD02537,C0037,2,Hub A,77,47.544
ORD02538,C0038,3,Hub A,24,47.544
ORD02539,C0039,1,Hub A,31,47.544
ORD02540,C0040,2,Hub A,38,47.544
ORD02541,C0041,3,Hub A,45,47.544
ORD02542,C0042,1,Hub A,52,47.544
ORD02543,C0043,2,Hub A,59,47.544
ORD02544,C0044,3,Hub A,66,47.544
ORD02545,C0045,1,Hub A,73,47.544
ORD02546,C0046,2,Hub A,20,47.544
ORD02547,C0047,3,Hub A,27,47.544
ORD02548,C0048,1,Hub A,34,47.544
ORD02549,C0049,2,Hub A,41,47.544
ORD02550,C0050,3,Hub A,48,47.544
ORD02551,C0051,1,Hub A,55,47.544
ORD02552,C0052,2,Hub A,62,47.544
ORD02553,C0053,3,Hub A,69,47.544
ORD02554,C0054,1,Hub A,76,47.544
ORD02555,C0055,2,Hub A,23,47.544
ORD02556,C0056,3,Hub A,30,47.544
ORD02557,C0057,1,Hub A,37,47.544
ORD02558,C0058,2,Hub A,44,47.544
ORD02559,C0059,3,Hub A,51,47.544
ORD02560,C0060,1,Hub A,58,47.544
ORD02561,C0061,2,Hub A,65,47.544
ORD02562,C0062,3,Hub A,72,47.544
ORD02563,C0063,1,Hub A,19,47.544
ORD02564,C0064,2,Hub A,26,47.544
ORD02565,C0065,3,Hub A,33,47.544
ORD02566,C0066,1,Hub A,40,47.544
ORD02567,C0067,2,Hub A,47,47.544
ORD02568,C0068,3,Hub A,54,47.544
ORD02569,C0069,1,Hub A,61,47.544
ORD02570,C0070,2,Hub A,68,47.544
ORD02571,C0071,3,Hub A,75,47.544
ORD02572,C0072,1,Hub A,22,47.544
ORD02573,C0073,2,Hub A,29,47.544
ORD02574,C0074,3,Hub A,36,47.544
ORD02575,C0075,1,Hub A,43,47.544
ORD02576,C0076,2,Hub A,50,47.544
ORD02577,C0077,3,Hub A,57,47.544
ORD02578,C0078,1,Hub A,64,47.544
ORD02579,C0079,2,Hub A,71,47.544
ORD02580,C0080,3,Hub A,18,47.544
ORD02581,C0081,1,Hub A,25,47.544
ORD02582,C0082,2,Hub A,32,47.544
ORD02583,C0083,3,Hub A,39,47.544
ORD02584,C0084,1,Hub A,46,47.544
ORD02585,C0085,2,Hub A,53,47.544
ORD02586,C0086,3,Hub A,60,47.544
ORD02587,C0087,1,Hub A,67,47.544
ORD02588,C0088,2,Hub A,74,47.544
ORD02589,C0089,3,Hub A,21,47.544
ORD02590,C0090,1,Hub A,28,47.544
ORD02591,C0091,2,Hub A,35,47.544
ORD02592,C0092,3,Hub A,42,47.544
ORD02593,C0093,1,Hub A,49,47.544
ORD02594,C0094,2,Hub A,56,47.544
ORD02595,C0095,3,Hub A,63,47.544
ORD02596,C0096,1,Hub A,70,47.544
ORD02597,C0097,2,Hub A,77,47.544
ORD02598,C0098,3,Hub A,24,47.544
ORD02599,C0099,1,Hub A,31,47.544
ORD02600,C0100,2,Hub A,38,47.544
ORD02601,C0101,3,Hub A,45,47.544
ORD02602,C0102,1,Hub A,52,47.544
ORD02603,C0103,2,Hub A,59,47.544
ORD02604,C0104,3,Hub A,66,47.544
ORD02605,C0105,1,Hub A,73,47.544
ORD02606,C0106,2,Hub A,20,47.544
ORD02607,C0107,3,Hub A,27,47.544
ORD02608,C0108,1,Hub A,34,47.544
ORD02609,C0109,2,Hub A,41,47.544
ORD02610,C0110,3,Hub A,48,47.544
ORD02611,C0111,1,Hub A,55,47.544
ORD02612,C0112,2,Hub A,62,47.544
ORD02613,C0113,3,Hub A,69,47.544
ORD02614,C0114,1,Hub A,76,47.544
ORD02615,C0115,2,Hub A,23,47.544
ORD02616,C0116,3,Hub A,30,47.544
ORD02617,C0117,1,Hub A,37,47.544
ORD02618,C0118,2,Hub A,44,47.544
ORD02619,C0119,3,Hub A,51,47.544
ORD02620,C0120,1,Hub A,58,47.544
ORD02621,C0121,2,Hub A,65,47.544
ORD02622,C0122,3,Hub A,72,47.544
ORD02623,C0123,1,Hub A,19,47.544
ORD02624,C0124,2,Hub A,26,47.544
ORD02625,C0125,3,Hub A,33,47.544
ORD02626,C0126,1,Hub A,40,47.544
ORD02627,C0127,2,Hub A,47,47.544
ORD02628,C0128,3,Hub A,54,47.544
ORD02629,C0129,1,Hub A,61,47.544
ORD02630,C0130,2,Hub A,68,47.544
ORD02631,C0131,3,Hub A,75,47.544
ORD02632,C0132,1,Hub A,22,47.544
ORD02633,C0133,2,Hub A,29,47.544
ORD02634,C0134,3,Hub A,36,47.544
ORD02635,C0135,1,Hub A,43,47.544
ORD02636,C0136,2,Hub A,50,47.544
ORD02637,C0137,3,Hub A,57,47.544
ORD02638,C0138,1,Hub A,64,47.544
ORD02639,C0139,2,Hub A,71,47.544
ORD02640,C0140,3,Hub A,18,47.544
ORD02641,C0141,1,Hub A,25,47.544
ORD02642,C0142,2,Hub A,32,47.544
ORD02643,C0143,3,Hub A,39,47.544
ORD02644,C0144,1,Hub A,46,47.544
ORD02645,C0145,2,Hub A,53,47.544
ORD02646,C0146,3,Hub A,60,47.544
ORD02647,C0147,1,Hub A,67,47.544
ORD02648,C0148,2,Hub A,74,47.544
ORD02649,C0149,3,Hub A,21,47.544
ORD02650,C0150,1,Hub A,28,47.544
ORD02651,C0151,2,Hub A,35,47.544
ORD02652,C0152,3,Hub A,42,47.544
ORD02653,C0153,1,Hub A,49,47.544
ORD02654,C0154,2,Hub A,56,47.544
ORD02655,C0155,3,Hub A,63,47.544
ORD02656,C0156,1,Hub A,70,47.544
ORD02657,C0157,2,Hub A,77,47.544
ORD02658,C0158,3,Hub A,24,47.544
ORD02659,C0159,1,Hub A,31,47.544
ORD02660,C0160,2,Hub A,38,47.544
ORD02661,C0161,3,Hub A,45,47.544
ORD02662,C0162,1,Hub A,52,47.544
ORD02663,C0163,2,Hub A,59,47.544
ORD02664,C0164,3,Hub A,66,47.544
ORD02665,C0165,1,Hub A,73,47.544
ORD02666,C0166,2,Hub A,20,47.544
ORD02667,C0167,3,Hub A,27,47.544
ORD02668,C0168,1,Hub A,34,47.544
ORD02669,C0169,2,Hub A,41,47.544
ORD02670,C0170,3,Hub A,48,47.544
ORD02671,C0171,1,Hub A,55,47.544
ORD02672,C0172,2,Hub A,62,47.544
ORD02673,C0173,3,Hub A,69,47.544
ORD02674,C0174,1,Hub A,76,47.544
ORD02675,C0175,2,Hub A,23,47.544
ORD02676,C0176,3,Hub A,30,47.544
ORD02677,C0177,1,Hub A,37,47.544
ORD02678,C0178,2,Hub A,44,47.544
ORD02679,C0179,3,Hub A,51,47.544
ORD02680,C0180,1,Hub A,58,47.544
ORD02681,C0181,2,Hub A,65,47.544
ORD02682,C0182,3,Hub A,72,47.544
ORD02683,C0183,1,Hub A,19,47.544
ORD02684,C0184,2,Hub A,26,47.544
ORD02685,C0185,3,Hub A,33,47.544
ORD02686,C0186,1,Hub A,40,47.544
ORD02687,C0187,2,Hub A,47,47.544
ORD02688,C0188,3,Hub A,54,47.544
ORD02689,C0189,1,Hub A,61,47.544
ORD02690,C0190,2,Hub A,68,47.544
ORD02691,C0191,3,Hub A,75,47.544
ORD02692,C0192,1,Hub A,22,47.544
ORD02693,C0193,2,Hub A,29,47.544
ORD02694,C0194,3,Hub A,36,47.544
ORD02695,C0195,1,Hub A,43,47.544
ORD02696,C0196,2,Hub A,50,47.544
ORD02697,C0197,3,Hub A,57,47.544
ORD02698,C0198,1,Hub A,64,47.544
ORD02699,C0199,2,Hub A,71,47.544
ORD02700,C0200,3,Hub A,18,47.544
ORD02701,C0201,1,Hub A,25,47.544
ORD02702,C0202,2,Hub A,32,47.544
ORD02703,C0203,3,Hub A,39,47.544
ORD02704,C0204,1,Hub A,46,47.544
ORD02705,C0205,2,Hub A,53,47.544
ORD02706,C0206,3,Hub A,60,47.544
ORD02707,C0207,1,Hub A,67,47.544
ORD02708,C0208,2,Hub A,74,47.544
ORD02709,C0209,3,Hub A,21,47.544
ORD02710,C0210,1,Hub A,28,47.544
ORD02711,C0211,2,Hub A,35,47.544
ORD02712,C0212,3,Hub A,42,47.544
ORD02713,C0213,1,Hub A,49,47.544
ORD02714,C0214,2,Hub A,56,47.544
ORD02715,C0215,3,Hub A,63,47.544
ORD02716,C0216,1,Hub A,70,47.544
ORD02717,C0217,2,Hub A,77,47.544
ORD02718,C0218,3,Hub A,24,47.544
ORD02719,C0219,1,Hub A,31,47.544
ORD02720,C0220,2,Hub A,38,47.544
ORD02721,C0221,3,Hub A,45,47.544
ORD02722,C0222,1,Hub A,52,47.544
ORD02723,C0223,2,Hub A,59,47.544
ORD02724,C0224,3,Hub A,66,47.544
ORD02725,C0225,1,Hub A,73,47.544
ORD02726,C0226,2,Hub A,20,47.544
ORD02727,C0227,3,Hub A,27,47.544
ORD02728,C0228,1,Hub A,34,47.544
ORD02729,C0229,2,Hub A,41,47.544
ORD02730,C0230,3,Hub A,48,47.544
ORD02731,C0231,1,Hub A,55,47.544
ORD02732,C0232,2,Hub A,62,47.544
ORD02733,C0233,3,Hub A,69,47.544
ORD02734,C0234,1,Hub A,76,47.544
ORD02735,C0235,2,Hub A,23,47.544
ORD02736,C0236,3,Hub A,30,47.544
ORD02737,C0237,1,Hub A,37,47.544
ORD02738,C0238,2,Hub A,44,47.544
ORD02739,C0239,3,Hub A,51,47.544
ORD02740,C0240,1,Hub A,58,47.544
ORD02741,C0241,2,Hub A,65,47.544
ORD02742,C0242,3,Hub A,72,47.544
ORD02743,C0243,1,Hub A,19,47.544
ORD02744,C0244,2,Hub A,26,47.544
ORD02745,C0245,3,Hub A,33,47.544
ORD02746,C0246,1,Hub A,40,47.544
ORD02747,C0247,2,Hub A,47,47.544
ORD02748,C0248,3,Hub A,54,47.544
ORD02749,C0249,1,Hub A,61,47.544
ORD02750,C0250,2,Hub A,68,47.544
ORD02751,C0251,3,Hub A,75,47.544
ORD02752,C0252,1,Hub A,22,47.544
ORD02753,C0253,2,Hub A,29,47.544
ORD02754,C0254,3,Hub A,36,47.544
ORD02755,C0255,1,Hub A,43,47.544
ORD02756,C0256,2,Hub A,50,47.544
ORD02757,C0257,3,Hub A,57,47.544
ORD02758,C0258,1,Hub A,64,47.544
ORD02759,C0259,2,Hub A,71,47.544
ORD02760,C0260,3,Hub A,18,47.544
ORD02761,C0261,1,Hub A,25,47.544
ORD02762,C0262,2,Hub A,32,47.544
ORD02763,C0263,3,Hub A,39,47.544
ORD02764,C0264,1,Hub A,46,47.544
ORD02765,C0265,2,Hub A,53,47.544
ORD02766,C0266,3,Hub A,60,47.544
ORD02767,C0267,1,Hub A,67,47.544
ORD02768,C0268,2,Hub A,74,47.544
ORD02769,C0269,3,Hub A,21,47.544
ORD02770,C0270,1,Hub A,28,47.544
ORD02771,C0271,2,Hub A,35,47.544
ORD02772,C0272,3,Hub A,42,47.544
ORD02773,C0273,1,Hub A,49,47.544
ORD02774,C0274,2,Hub A,56,47.544
ORD02775,C0275,3,Hub A,63,47.544
ORD02776,C0276,1,Hub A,70,47.544
ORD02777,C0277,2,Hub A,77,47.544
ORD02778,C0278,3,Hub A,24,47.544
ORD02779,C0279,1,Hub A,31,47.544
ORD02780,C0280,2,Hub A,38,47.544
ORD02781,C0281,3,Hub A,45,47.544
ORD02782,C0282,1,Hub A,52,47.544
ORD02783,C0283,2,Hub A,59,47.544
ORD02784,C0284,3,Hub A,66,47.544
ORD02785,C0285,1,Hub A,73,47.544
ORD02786,C0286,2,Hub A,20,47.544
ORD02787,C0287,3,Hub A,27,47.544
ORD02788,C0288,1,Hub A,34,47.544
ORD02789,C0289,2,Hub A,41,47.544
ORD02790,C0290,3,Hub A,48,47.544
ORD02791,C0291,1,Hub A,55,47.544
ORD02792,C0292,2,Hub A,62,47.544
ORD02793,C0293,3,Hub A,69,47.544
ORD02794,C0294,1,Hub A,76,47.544
ORD02795,C0295,2,Hub A,23,47.544
ORD02796,C0296,3,Hub A,30,47.544
ORD02797,C0297,1,Hub A,37,47.544
ORD02798,C0298,2,Hub A,44,47.544
ORD02799,C0299,3,Hub A,51,47.544
ORD02800,C0300,1,Hub A,58,47.544
ORD02801,C0301,2,Hub A,65,47.544
ORD02802,C0302,3,Hub A,72,47.544
ORD02803,C0303,1,Hub A,19,47.544
ORD02804,C0304,2,Hub A,26,47.544
ORD02805,C0305,3,Hub A,33,47.544
ORD02806,C0306,1,Hub A,40,47.544
ORD02807,C0307,2,Hub A,47,47.544
ORD02808,C0308,3,Hub A,54,47.544
ORD02809,C0309,1,Hub A,61,47.544
ORD02810,C0310,2,Hub A,68,47.544
ORD02811,C0311,3,Hub A,75,47.544
ORD02812,C0312,1,Hub A,22,47.544
ORD02813,C0313,2,Hub A,29,47.544
ORD02814,C0314,3,Hub A,36,47.544
ORD02815,C0315,1,Hub A,43,47.544
ORD02816,C0316,2,Hub A,50,47.544
ORD02817,C0317,3,Hub A,57,47.544
ORD02818,C0318,1,Hub A,64,47.544
ORD02819,C0319,2,Hub A,71,47.544
ORD02820,C0320,3,Hub A,18,47.544
ORD02821,C0321,1,Hub A,25,47.544
ORD02822,C0322,2,Hub A,32,47.544
ORD02823,C0323,3,Hub A,39,47.544
ORD02824,C0324,1,Hub A,46,47.544
ORD02825,C0325,2,Hub A,53,47.544
ORD02826,C0326,3,Hub A,60,47.544
ORD02827,C0327,1,Hub A,67,47.544
ORD02828,C0328,2,Hub A,74,47.544
ORD02829,C0329,3,Hub A,21,47.544
ORD02830,C0330,1,Hub A,28,47.544
ORD02831,C0331,2,Hub A,35,47.544
ORD02832,C0332,3,Hub A,42,47.544
ORD02833,C0333,1,Hub A,49,47.544
ORD02834,C0334,2,Hub A,56,47.544
ORD02835,C0335,3,Hub A,63,47.544
ORD02836,C0336,1,Hub A,70,47.544
ORD02837,C0337,2,Hub A,77,47.544
ORD02838,C0338,3,Hub A,24,47.544
ORD02839,C0339,1,Hub A,31,47.544
ORD02840,C0340,2,Hub A,38,47.544
ORD02841,C0341,3,Hub A,45,47.544
ORD02842,C0342,1,Hub A,52,47.544
ORD02843,C0343,2,Hub A,59,47.544
ORD02844,C0344,3,Hub A,66,47.544
ORD02845,C0345,1,Hub A,73,47.544
ORD02846,C0346,2,Hub A,20,47.544
ORD02847,C0347,3,Hub A,27,47.544
ORD02848,C0348,1,Hub A,34,47.544
ORD02849,C0349,2,Hub A,41,47.544
ORD02850,C0350,3,Hub A,48,47.544
ORD02851,C0351,1,Hub A,55,47.544
ORD02852,C0352,2,Hub A,62,47.544
ORD02853,C0353,3,Hub A,69,47.544
ORD02854,C0354,1,Hub A,76,47.544
ORD02855,C0355,2,Hub A,23,47.544
ORD02856,C0356,3,Hub A,30,47.544
ORD02857,C0357,1,Hub A,37,47.544
ORD02858,C0358,2,Hub A,44,47.544
ORD02859,C0359,3,Hub A,51,47.544
ORD02860,C0360,1,Hub A,58,47.544
ORD02861,C0361,2,Hub A,65,47.544
ORD02862,C0362,3,Hub A,72,47.544
ORD02863,C0363,1,Hub A,19,47.544
ORD02864,C0364,2,Hub A,26,47.544
ORD02865,C0365,3,Hub A,33,47.544
ORD02866,C0366,1,Hub A,40,47.544
ORD02867,C0367,2,Hub A,47,47.544
ORD02868,C0368,3,Hub A,54,47.544
ORD02869,C0369,1,Hub A,61,47.544
ORD02870,C0370,2,Hub A,68,47.544
ORD02871,C0371,3,Hub A,75,47.544
ORD02872,C0372,1,Hub A,22,47.544
ORD02873,C0373,2,Hub A,29,47.544
ORD02874,C0374,3,Hub A,36,47.544
ORD02875,C0375,1,Hub A,43,47.544
ORD02876,C0376,2,Hub A,50,47.544
ORD02877,C0377,3,Hub A,57,47.544
ORD02878,C0378,1,Hub A,64,47.544
ORD02879,C0379,2,Hub A,71,47.544
ORD02880,C0380,3,Hub A,18,47.544
ORD02881,C0381,1,Hub A,25,47.544
ORD02882,C0382,2,Hub A,32,47.544
ORD02883,C0383,3,Hub A,39,47.544
ORD02884,C0384,1,Hub A,46,47.544
ORD02885,C0385,2,Hub A,53,47.544
ORD02886,C0386,3,Hub A,60,47.544
ORD02887,C0387,1,Hub A,67,47.544
ORD02888,C0388,2,Hub A,74,47.544
ORD02889,C0389,3,Hub A,21,47.544
ORD02890,C0390,1,Hub A,28,47.544
ORD02891,C0391,2,Hub A,35,47.544
ORD02892,C0392,3,Hub A,42,47.544
ORD02893,C0393,1,Hub A,49,47.544
ORD02894,C0394,2,Hub A,56,47.544
ORD02895,C0395,3,Hub A,63,47.544
ORD02896,C0396,1,Hub A,70,47.544
ORD02897,C0397,2,Hub A,77,47.544
ORD02898,C0398,3,Hub A,24,47.544
ORD02899,C0399,1,Hub A,31,47.544
ORD02900,C0400,2,Hub A,38,47.544
ORD02901,C0401,3,Hub A,45,47.544
ORD02902,C0402,1,Hub A,52,47.544
ORD02903,C0403,2,Hub A,59,47.544
ORD02904,C0404,3,Hub A,66,47.544
ORD02905,C0405,1,Hub A,73,47.544
ORD02906,C0406,2,Hub A,20,47.544
ORD02907,C0407,3,Hub A,27,47.544
ORD02908,C0408,1,Hub A,34,47.544
ORD02909,C0409,2,Hub A,41,47.544
ORD02910,C0410,3,Hub A,48,47.544
ORD02911,C0411,1,Hub A,55,47.544
ORD02912,C0412,2,Hub A,62,47.544
ORD02913,C0413,3,Hub A,69,47.544
ORD02914,C0414,1,Hub A,76,47.544
ORD02915,C0415,2,Hub A,23,47.544
ORD02916,C0416,3,Hub A,30,47.544
ORD02917,C0417,1,Hub A,37,47.544
ORD02918,C0418,2,Hub A,44,47.544
ORD02919,C0419,3,Hub A,51,47.544
ORD02920,C0420,1,Hub A,58,47.544
ORD02921,C0421,2,Hub A,65,47.544
ORD02922,C0422,3,Hub A,72,47.544
ORD02923,C0423,1,Hub A,19,47.544
ORD02924,C0424,2,Hub A,26,47.544
ORD02925,C0425,3,Hub A,33,47.544
ORD02926,C0426,1,Hub A,40,47.544
ORD02927,C0427,2,Hub A,47,47.544
ORD02928,C0428,3,Hub A,54,47.544
ORD02929,C0429,1,Hub A,61,47.544
ORD02930,C0430,2,Hub A,68,47.544
ORD02931,C0431,3,Hub A,75,47.544
ORD02932,C0432,1,Hub A,22,47.544
ORD02933,C0433,2,Hub A,29,47.544
ORD02934,C0434,3,Hub A,36,47.544
ORD02935,C0435,1,Hub A,43,47.544
ORD02936,C0436,2,Hub A,50,47.544
ORD02937,C0437,3,Hub A,57,47.544
ORD02938,C0438,1,Hub A,64,47.544
ORD02939,C0439,2,Hub A,71,47.544
ORD02940,C0440,3,Hub A,18,47.544
ORD02941,C0441,1,Hub A,25,47.544
ORD02942,C0442,2,Hub A,32,47.544
ORD02943,C0443,3,Hub A,39,47.544
ORD02944,C0444,1,Hub A,46,47.544
ORD02945,C0445,2,Hub A,53,47.544
ORD02946,C0446,3,Hub A,60,47.544
ORD02947,C0447,1,Hub A,67,47.544
ORD02948,C0448,2,Hub A,74,47.544
ORD02949,C0449,3,Hub A,21,47.544
ORD02950,C0450,1,Hub A,28,47.544
ORD02951,C0451,2,Hub A,35,47.544
ORD02952,C0452,3,Hub A,42,47.544
ORD02953,C0453,1,Hub A,49,47.544
ORD02954,C0454,2,Hub A,56,47.544
ORD02955,C0455,3,Hub A,63,47.544
ORD02956,C0456,1,Hub A,70,47.544
ORD02957,C0457,2,Hub A,77,47.544
ORD02958,C0458,3,Hub A,24,47.544
ORD02959,C0459,1,Hub A,31,47.544
ORD02960,C0460,2,Hub A,38,47.544
ORD02961,C0461,3,Hub A,45,47.544
ORD02962,C0462,1,Hub A,52,47.544
ORD02963,C0463,2,Hub A,59,47.544
ORD02964,C0464,3,Hub A,66,47.544
ORD02965,C0465,1,Hub A,73,47.544
ORD02966,C0466,2,Hub A,20,47.544
ORD02967,C0467,3,Hub A,27,47.544
ORD02968,C0468,1,Hub A,34,47.544
ORD02969,C0469,2,Hub A,41,47.544
ORD02970,C0470,3,Hub A,48,47.544
ORD02971,C0471,1,Hub A,55,47.544
ORD02972,C0472,2,Hub A,62,47.544
ORD02973,C0473,3,Hub A,69,47.544
ORD02974,C0474,1,Hub A,76,47.544
ORD02975,C0475,2,Hub A,23,47.544
ORD02976,C0476,3,Hub A,30,47.544
ORD02977,C0477,1,Hub A,37,47.544
ORD02978,C0478,2,Hub A,44,47.544
ORD02979,C0479,3,Hub A,51,47.544
ORD02980,C0480,1,Hub A,58,47.544
ORD02981,C0481,2,Hub A,65,47.544
ORD02982,C0482,3,Hub A,72,47.544
ORD02983,C0483,1,Hub A,19,47.544
ORD02984,C0484,2,Hub A,26,47.544
ORD02985,C0485,3,Hub A,33,47.544
ORD02986,C0486,1,Hub A,40,47.544
ORD02987,C0487,2,Hub A,47,47.544
ORD02988,C0488,3,Hub A,54,47.544
ORD02989,C0489,1,Hub A,61,47.544
ORD02990,C0490,2,Hub A,68,47.544
ORD02991,C0491,3,Hub A,75,47.544
ORD02992,C0492,1,Hub A,22,47.544
ORD02993,C0493,2,Hub A,29,47.544
ORD02994,C0494,3,Hub A,36,47.544
ORD02995,C0495,1,Hub A,43,47.544
ORD02996,C0496,2,Hub A,50,47.544
ORD02997,C0497,3,Hub A,57,47.544
ORD02998,C0498,1,Hub A,64,47.544
ORD02999,C0499,2,Hub A,71,47.544
ORD03000,C0500,3,Hub A,18,47.544
ORD03001,C0501,1,Hub A,25,47.544
ORD03002,C0502,2,Hub A,32,47.544
ORD03003,C0503,3,Hub A,39,47.544
ORD03004,C0504,1,Hub A,46,47.544
ORD03005,C0505,2,Hub A,53,47.544
ORD03006,C0506,3,Hub A,60,47.544
ORD03007,C0507,1,Hub A,67,47.544
ORD03008,C0508,2,Hub A,74,47.544
ORD03009,C0509,3,Hub A,21,47.544
ORD03010,C0510,1,Hub A,28,47.544
ORD03011,C0511,2,Hub A,35,47.544
ORD03012,C0512,3,Hub A,42,47.544
ORD03013,C0513,1,Hub A,49,47.544
ORD03014,C0514,2,Hub A,56,47.544
ORD03015,C0515,3,Hub A,63,47.544
ORD03016,C0516,1,Hub A,70,47.544
ORD03017,C0517,2,Hub A,77,47.544
ORD03018,C0518,3,Hub A,24,47.544
ORD03019,C0519,1,Hub A,31,47.544
ORD03020,C0520,2,Hub A,38,47.544
ORD03021,C0521,3,Hub A,45,47.544
ORD03022,C0522,1,Hub A,52,47.544
ORD03023,C0523,2,Hub A,59,47.544
ORD03024,C0524,3,Hub A,66,47.544
ORD03025,C0525,1,Hub A,73,47.544
ORD03026,C0526,2,Hub A,20,47.544
ORD03027,C0527,3,Hub A,27,47.544
ORD03028,C0528,1,Hub A,34,47.544
ORD03029,C0529,2,Hub A,41,47.544
ORD03030,C0530,3,Hub A,48,47.544
ORD03031,C0531,1,Hub A,55,47.544
ORD03032,C0532,2,Hub A,62,47.544
ORD03033,C0533,3,Hub A,69,47.544
ORD03034,C0534,1,Hub A,76,47.544
ORD03035,C0535,2,Hub A,23,47.544
ORD03036,C0536,3,Hub A,30,47.544
ORD03037,C0537,1,Hub A,37,47.544
ORD03038,C0538,2,Hub A,44,47.544
ORD03039,C0539,3,Hub A,51,47.544
ORD03040,C0540,1,Hub A,58,47.544
ORD03041,C0541,2,Hub A,65,47.544
ORD03042,C0542,3,Hub A,72,47.544
ORD03043,C0543,1,Hub A,19,47.544
ORD03044,C0544,2,Hub A,26,47.544
ORD03045,C0545,3,Hub A,33,47.544
ORD03046,C0546,1,Hub A,40,47.544
ORD03047,C0547,2,Hub A,47,47.544
ORD03048,C0548,3,Hub A,54,47.544
ORD03049,C0549,1,Hub A,61,47.544
ORD03050,C0550,2,Hub A,68,47.544
ORD03051,C0551,3,Hub A,75,47.544
ORD03052,C0552,1,Hub A,22,47.544
ORD03053,C0553,2,Hub A,29,47.544
ORD03054,C0554,3,Hub A,36,47.544
ORD03055,C0555,1,Hub A,43,47.544
ORD03056,C0556,2,Hub A,50,47.544
ORD03057,C0557,3,Hub A,57,47.544
ORD03058,C0558,1,Hub A,64,47.544
ORD03059,C0559,2,Hub A,71,47.544
ORD03060,C0560,3,Hub A,18,47.544
ORD03061,C0561,1,Hub A,25,47.544
ORD03062,C0562,2,Hub A,32,47.544
ORD03063,C0563,3,Hub A,39,47.544
ORD03064,C0564,1,Hub A,46,47.544
ORD03065,C0565,2,Hub A,53,47.544
ORD03066,C0566,3,Hub A,60,47.544
ORD03067,C0567,1,Hub A,67,47.544
ORD03068,C0568,2,Hub A,74,47.544
ORD03069,C0569,3,Hub A,21,47.544
ORD03070,C0570,1,Hub A,28,47.544
ORD03071,C0571,2,Hub A,35,47.544
ORD03072,C0572,3,Hub A,42,47.544
ORD03073,C0573,1,Hub A,49,47.544
ORD03074,C0574,2,Hub A,56,47.544
ORD03075,C0575,3,Hub A,63,47.544
ORD03076,C0576,1,Hub A,70,47.544
ORD03077,C0577,2,Hub A,77,47.544
ORD03078,C0578,3,Hub A,24,47.544
ORD03079,C0579,1,Hub A,31,47.544
ORD03080,C0580,2,Hub A,38,47.544
ORD03081,C0581,3,Hub A,45,47.544
ORD03082,C0582,1,Hub A,52,47.544
ORD03083,C0583,2,Hub A,59,47.544
ORD03084,C0584,3,Hub A,66,47.544
ORD03085,C0585,1,Hub A,73,47.544
ORD03086,C0586,2,Hub A,20,47.544
ORD03087,C0587,3,Hub A,27,47.544
ORD03088,C0588,1,Hub A,34,47.544
ORD03089,C0589,2,Hub A,41,47.544
ORD03090,C0590,3,Hub A,48,47.544
ORD03091,C0591,1,Hub A,55,47.544
ORD03092,C0592,2,Hub A,62,47.544
ORD03093,C0593,3,Hub A,69,47.544
ORD03094,C0594,1,Hub A,76,47.544
ORD03095,C0595,2,Hub A,23,47.544
ORD03096,C0596,3,Hub A,30,47.544
ORD03097,C0597,1,Hub A,37,47.544
ORD03098,C0598,2,Hub A,44,47.544
ORD03099,C0599,3,Hub A,51,47.544
ORD03100,C0600,1,Hub A,58,47.544
ORD03101,C0601,2,Hub A,65,47.544
ORD03102,C0602,3,Hub A,72,47.544
ORD03103,C0603,1,Hub A,19,47.544
ORD03104,C0604,2,Hub A,26,47.544
ORD03105,C0605,3,Hub A,33,47.544
ORD03106,C0606,1,Hub A,40,47.544
ORD03107,C0607,2,Hub A,47,47.544
ORD03108,C0608,3,Hub A,54,47.544
ORD03109,C0609,1,Hub A,61,47.544
ORD03110,C0610,2,Hub A,68,47.544
ORD03111,C0611,3,Hub A,75,47.544
ORD03112,C0612,1,Hub A,22,47.544
ORD03113,C0613,2,Hub A,29,47.544
ORD03114,C0614,3,Hub A,36,47.544
ORD03115,C0615,1,Hub A,43,47.544
ORD03116,C0616,2,Hub A,50,47.544
ORD03117,C0617,3,Hub A,57,47.544
ORD03118,C0618,1,Hub A,64,47.544
ORD03119,C0619,2,Hub A,71,47.544
ORD03120,C0620,3,Hub A,18,47.544
ORD03121,C0621,1,Hub A,25,47.544
ORD03122,C0622,2,Hub A,32,47.544
ORD03123,C0623,3,Hub A,39,47.544
ORD03124,C0624,1,Hub A,46,47.544
ORD03125,C0625,2,Hub A,53,47.544
ORD03126,C0626,3,Hub A,60,47.544
ORD03127,C0627,1,Hub A,67,47.544
ORD03128,C0628,2,Hub A,74,47.544
ORD03129,C0629,3,Hub A,21,47.544
ORD03130,C0630,1,Hub A,28,47.544
ORD03131,C0631,2,Hub A,35,47.544
ORD03132,C0632,3,Hub A,42,47.544
ORD03133,C0633,1,Hub A,49,47.544
ORD03134,C0634,2,Hub A,56,47.544
ORD03135,C0635,3,Hub A,63,47.544
ORD03136,C0636,1,Hub A,70,47.544
ORD03137,C0637,2,Hub A,77,47.544
ORD03138,C0638,3,Hub A,24,47.544
ORD03139,C0639,1,Hub A,31,47.544
ORD03140,C0640,2,Hub A,38,47.544
ORD03141,C0641,3,Hub A,45,47.544
ORD03142,C0642,1,Hub A,52,47.544
ORD03143,C0643,2,Hub A,59,47.544
ORD03144,C0644,3,Hub A,66,47.544
ORD03145,C0645,1,Hub A,73,47.544
ORD03146,C0646,2,Hub A,20,47.544
ORD03147,C0647,3,Hub A,27,47.544
ORD03148,C0648,1,Hub A,34,47.544
ORD03149,C0649,2,Hub A,41,47.544
ORD03150,C0650,3,Hub A,48,47.544
ORD03151,C0651,1,Hub A,55,47.544
ORD03152,C0652,2,Hub A,62,47.544
ORD03153,C0653,3,Hub A,69,47.544
ORD03154,C0654,1,Hub A,76,47.544
ORD03155,C0655,2,Hub A,23,47.544
ORD03156,C0656,3,Hub A,30,47.544
ORD03157,C0657,1,Hub A,37,47.544
ORD03158,C0658,2,Hub A,44,47.544
ORD03159,C0659,3,Hub A,51,47.544
ORD03160,C0660,1,Hub A,58,47.544
ORD03161,C0661,2,Hub A,65,47.544
ORD03162,C0662,3,Hub A,72,47.544
ORD03163,C0663,1,Hub A,19,47.544
ORD03164,C0664,2,Hub A,26,47.544
ORD03165,C0665,3,Hub A,33,47.544
ORD03166,C0666,1,Hub A,40,47.544
ORD03167,C0667,2,Hub A,47,47.544
ORD03168,C0668,3,Hub A,54,47.544
ORD03169,C0669,1,Hub A,61,47.544
ORD03170,C0670,2,Hub A,68,47.544
ORD03171,C0671,3,Hub A,75,47.544
ORD03172,C0672,1,Hub A,22,47.544
ORD03173,C0673,2,Hub A,29,47.544
ORD03174,C0674,3,Hub A,36,47.544
ORD03175,C0675,1,Hub A,43,47.544
ORD03176,C0676,2,Hub A,50,47.544
ORD03177,C0677,3,Hub A,57,47.544
ORD03178,C0678,1,Hub A,64,47.544
ORD03179,C0679,2,Hub A,71,47.544
ORD03180,C0680,3,Hub A,18,47.544
ORD03181,C0681,1,Hub A,25,47.544
ORD03182,C0682,2,Hub A,32,47.544
ORD03183,C0683,3,Hub A,39,47.544
ORD03184,C0684,1,Hub A,46,47.544
ORD03185,C0685,2,Hub A,53,47.544
ORD03186,C0686,3,Hub A,60,47.544
ORD03187,C0687,1,Hub A,67,47.544
ORD03188,C0688,2,Hub A,74,47.544
ORD03189,C0689,3,Hub A,21,47.544
ORD03190,C0690,1,Hub A,28,47.544
ORD03191,C0691,2,Hub A,35,47.544
ORD03192,C0692,3,Hub A,42,47.544
ORD03193,C0693,1,Hub A,49,47.544
ORD03194,C0694,2,Hub A,56,47.544
ORD03195,C0695,3,Hub A,63,47.544
ORD03196,C0696,1,Hub A,70,47.544
ORD03197,C0697,2,Hub A,77,47.544
ORD03198,C0698,3,Hub A,24,47.544
ORD03199,C0699,1,Hub A,31,47.544
ORD03200,C0700,2,Hub A,38,47.544
ORD03201,C0701,3,Hub A,45,47.544
ORD03202,C0702,1,Hub A,52,47.544
ORD03203,C0703,2,Hub A,59,47.544
ORD03204,C0704,3,Hub A,66,47.544
ORD03205,C0705,1,Hub A,73,47.544
ORD03206,C0706,2,Hub A,20,47.544
ORD03207,C0707,3,Hub A,27,47.544
ORD03208,C0708,1,Hub A,34,47.544
ORD03209,C0709,2,Hub A,41,47.544
ORD03210,C0710,3,Hub A,48,47.544
ORD03211,C0711,1,Hub A,55,47.544
ORD03212,C0712,2,Hub A,62,47.544
ORD03213,C0713,3,Hub A,69,47.544
ORD03214,C0714,1,Hub A,76,47.544
ORD03215,C0715,2,Hub A,23,47.544
ORD03216,C0716,3,Hub A,30,47.544
ORD03217,C0717,1,Hub A,37,47.544
ORD03218,C0718,2,Hub A,44,47.544
ORD03219,C0719,3,Hub A,51,47.544
ORD03220,C0720,1,Hub A,58,47.544
ORD03221,C0721,2,Hub A,65,47.544
ORD03222,C0722,3,Hub A,72,47.544
ORD03223,C0723,1,Hub A,19,47.544
ORD03224,C0724,2,Hub A,26,47.544
ORD03225,C0725,3,Hub A,33,47.544
ORD03226,C0726,1,Hub A,40,47.544
ORD03227,C0727,2,Hub A,47,47.544
ORD03228,C0728,3,Hub A,54,47.544
ORD03229,C0729,1,Hub A,61,47.544
ORD03230,C0730,2,Hub A,68,47.544
ORD03231,C0731,3,Hub A,75,47.544
ORD03232,C0732,1,Hub A,22,47.544
ORD03233,C0733,2,Hub A,29,47.544
ORD03234,C0734,3,Hub A,36,47.544
ORD03235,C0735,1,Hub A,43,47.544
ORD03236,C0736,2,Hub A,50,47.544
ORD03237,C0737,3,Hub A,57,47.544
ORD03238,C0738,1,Hub A,64,47.544
ORD03239,C0739,2,Hub A,71,47.544
ORD03240,C0740,3,Hub A,18,47.544
ORD03241,C0741,1,Hub A,25,47.544
ORD03242,C0742,2,Hub A,32,47.544
ORD03243,C0743,3,Hub A,39,47.544
ORD03244,C0744,1,Hub A,46,47.544
ORD03245,C0745,2,Hub A,53,47.544
ORD03246,C0746,3,Hub A,60,47.544
ORD03247,C0747,1,Hub A,67,47.544
ORD03248,C0748,2,Hub A,74,47.544
ORD03249,C0749,3,Hub A,21,47.544
ORD03250,C0750,1,Hub A,28,47.544
ORD03251,C0751,2,Hub A,35,47.544
ORD03252,C0752,3,Hub A,42,47.544
ORD03253,C0753,1,Hub A,49,47.544
ORD03254,C0754,2,Hub A,56,47.544
ORD03255,C0755,3,Hub A,63,47.544
ORD03256,C0756,1,Hub A,70,47.544
ORD03257,C0757,2,Hub A,77,47.544
ORD03258,C0758,3,Hub A,24,47.544
ORD03259,C0759,1,Hub A,31,47.544
ORD03260,C0760,2,Hub A,38,47.544
ORD03261,C0761,3,Hub A,45,47.544
ORD03262,C0762,1,Hub A,52,47.544
ORD03263,C0763,2,Hub A,59,47.544
ORD03264,C0764,3,Hub A,66,47.544
ORD03265,C0765,1,Hub A,73,47.544
ORD03266,C0766,2,Hub A,20,47.544
ORD03267,C0767,3,Hub A,27,47.544
ORD03268,C0768,1,Hub A,34,47.544
ORD03269,C0769,2,Hub A,41,47.544
ORD03270,C0770,3,Hub A,48,47.544
ORD03271,C0771,1,Hub A,55,47.544
ORD03272,C0772,2,Hub A,62,47.544
ORD03273,C0773,3,Hub A,69,47.544
ORD03274,C0774,1,Hub A,76,47.544
ORD03275,C0775,2,Hub A,23,47.544
ORD03276,C0776,3,Hub A,30,47.544
ORD03277,C0777,1,Hub A,37,47.544
ORD03278,C0778,2,Hub A,44,47.544
ORD03279,C0779,3,Hub A,51,47.544
ORD03280,C0780,1,Hub A,58,47.544
ORD03281,C0781,2,Hub A,65,47.544
ORD03282,C0782,3,Hub A,72,47.544
ORD03283,C0783,1,Hub A,19,47.544
ORD03284,C0784,2,Hub A,26,47.544
ORD03285,C0785,3,Hub A,33,47.544
ORD03286,C0786,1,Hub A,40,47.544
ORD03287,C0787,2,Hub A,47,47.544
ORD03288,C0788,3,Hub A,54,47.544
ORD03289,C0789,1,Hub A,61,47.544
ORD03290,C0790,2,Hub A,68,47.544
ORD03291,C0791,3,Hub A,75,47.544
ORD03292,C0792,1,Hub A,22,47.544
ORD03293,C0793,2,Hub A,29,47.544
ORD03294,C0794,3,Hub A,36,47.544
ORD03295,C0795,1,Hub A,43,47.544
ORD03296,C0796,2,Hub A,50,47.544
ORD03297,C0797,3,Hub A,57,47.544
ORD03298,C0798,1,Hub A,64,47.544
ORD03299,C0799,2,Hub A,71,47.544
ORD03300,C0800,3,Hub A,18,47.544
ORD03301,C0801,1,Hub A,25,47.544
ORD03302,C0802,2,Hub A,32,47.544
ORD03303,C0803,3,Hub A,39,47.544
ORD03304,C0804,1,Hub A,46,47.544
ORD03305,C0805,2,Hub A,53,47.544
ORD03306,C0806,3,Hub A,60,47.544
ORD03307,C0807,1,Hub A,67,47.544
ORD03308,C0808,2,Hub A,74,47.544
ORD03309,C0809,3,Hub A,21,47.544
ORD03310,C0810,1,Hub A,28,47.544
ORD03311,C0811,2,Hub A,35,47.544
ORD03312,C0812,3,Hub A,42,47.544
ORD03313,C0813,1,Hub A,49,47.544
ORD03314,C0814,2,Hub A,56,47.544
ORD03315,C0815,3,Hub A,63,47.544
ORD03316,C0816,1,Hub A,70,47.544
ORD03317,C0817,2,Hub A,77,47.544
ORD03318,C0818,3,Hub A,24,47.544
ORD03319,C0819,1,Hub A,31,47.544
ORD03320,C0820,2,Hub B,38,19.0
ORD03321,C0821,3,Hub B,45,19.0
ORD03322,C0822,1,Hub B,52,19.0
ORD03323,C0823,2,Hub B,59,19.0
ORD03324,C0824,3,Hub B,66,19.0
ORD03325,C0825,1,Hub B,73,19.0
ORD03326,C0826,2,Hub B,20,19.0
ORD03327,C0827,3,Hub B,27,19.0
ORD03328,C0828,1,Hub B,34,19.0
ORD03329,C0829,2,Hub B,41,19.0
ORD03330,C0830,3,Hub B,48,19.0
ORD03331,C0831,1,Hub B,55,19.0
ORD03332,C0832,2,Hub B,62,19.0
ORD03333,C0833,3,Hub B,69,19.0
ORD03334,C0834,1,Hub B,76,19.0
ORD03335,C0835,2,Hub B,23,19.0
ORD03336,C0836,3,Hub B,30,19.0
ORD03337,C0837,1,Hub B,37,19.0
ORD03338,C0838,2,Hub B,44,19.0
ORD03339,C0839,3,Hub B,51,19.0
ORD03340,C0840,1,Hub B,58,19.0
ORD03341,C0841,2,Hub B,65,19.0
ORD03342,C0842,3,Hub B,72,19.0
ORD03343,C0843,1,Hub B,19,19.0
ORD03344,C0844,2,Hub B,26,19.0
ORD03345,C0845,3,Hub B,33,19.0
ORD03346,C0846,1,Hub B,40,19.0
ORD03347,C0847,2,Hub B,47,19.0
ORD03348,C0848,3,Hub B,54,19.0
ORD03349,C0849,1,Hub B,61,19.0
ORD03350,C0850,2,Hub B,68,19.0
ORD03351,C0851,3,Hub B,75,19.0
ORD03352,C0852,1,Hub B,22,19.0
ORD03353,C0853,2,Hub B,29,19.0
ORD03354,C0854,3,Hub B,36,19.0
ORD03355,C0855,1,Hub B,43,19.0
ORD03356,C0856,2,Hub B,50,19.0
ORD03357,C0857,3,Hub B,57,19.0
ORD03358,C0858,1,Hub B,64,19.0
ORD03359,C0859,2,Hub B,71,19.0
ORD03360,C0860,3,Hub B,18,19.0
ORD03361,C0861,1,Hub B,25,19.0
ORD03362,C0862,2,Hub B,32,19.0
ORD03363,C0863,3,Hub B,39,19.0
ORD03364,C0864,1,Hub B,46,19.0
ORD03365,C0865,2,Hub B,53,19.0
ORD03366,C0866,3,Hub B,60,19.0
ORD03367,C0867,1,Hub B,67,19.0
ORD03368,C0868,2,Hub B,74,19.0
ORD03369,C0869,3,Hub B,21,19.0
ORD03370,C0870,1,Hub B,28,19.0
ORD03371,C0871,2,Hub B,35,19.0
ORD03372,C0872,3,Hub B,42,19.0
ORD03373,C0873,1,Hub B,49,19.0
ORD03374,C0874,2,Hub B,56,19.0
ORD03375,C0875,3,Hub B,63,19.0
ORD03376,C0876,1,Hub B,70,19.0
ORD03377,C0877,2,Hub B,77,19.0
ORD03378,C0878,3,Hub B,24,19.0
ORD03379,C0879,1,Hub B,31,19.0
ORD03380,C0880,2,Hub B,38,19.0
ORD03381,C0881,3,Hub B,45,19.0
ORD03382,C0882,1,Hub B,52,19.0
ORD03383,C0883,2,Hub B,59,19.0
ORD03384,C0884,3,Hub B,66,19.0
ORD03385,C0885,1,Hub B,73,19.0
ORD03386,C0886,2,Hub B,20,19.0
ORD03387,C0887,3,Hub B,27,19.0
ORD03388,C0888,1,Hub B,34,19.0
ORD03389,C0889,2,Hub B,41,19.0
ORD03390,C0890,3,Hub B,48,19.0
ORD03391,C0891,1,Hub B,55,19.0
ORD03392,C0892,2,Hub B,62,19.0
ORD03393,C0893,3,Hub B,69,19.0
ORD03394,C0894,1,Hub B,76,19.0
ORD03395,C0895,2,Hub B,23,19.0
ORD03396,C0896,3,Hub B,30,19.0
ORD03397,C0897,1,Hub B,37,19.0
ORD03398,C0898,2,Hub B,44,19.0
ORD03399,C0899,3,Hub B,51,19.0
ORD03400,C0900,1,Hub B,58,19.0
ORD03401,C0901,2,Hub B,65,19.0
ORD03402,C0902,3,Hub B,72,19.0
ORD03403,C0903,1,Hub B,19,19.0
ORD03404,C0904,2,Hub B,26,19.0
ORD03405,C0905,3,Hub B,33,19.0
ORD03406,C0906,1,Hub B,40,19.0
ORD03407,C0907,2,Hub B,47,19.0
ORD03408,C0908,3,Hub B,54,19.0
ORD03409,C0909,1,Hub B,61,19.0
ORD03410,C0910,2,Hub B,68,19.0
ORD03411,C0911,3,Hub B,75,19.0
ORD03412,C0912,1,Hub B,22,19.0
ORD03413,C0913,2,Hub B,29,19.0
ORD03414,C0914,3,Hub B,36,19.0
ORD03415,C0915,1,Hub B,43,19.0
ORD03416,C0916,2,Hub B,50,19.0
ORD03417,C0917,3,Hub B,57,19.0
ORD03418,C0918,1,Hub B,64,19.0
ORD03419,C0919,2,Hub B,71,19.0
ORD03420,C0920,3,Hub B,18,19.0
ORD03421,C0921,1,Hub B,25,19.0
ORD03422,C0922,2,Hub B,32,19.0
ORD03423,C0923,3,Hub B,39,19.0
ORD03424,C0924,1,Hub B,46,19.0
ORD03425,C0925,2,Hub B,53,19.0
ORD03426,C0926,3,Hub B,60,19.0
ORD03427,C0927,1,Hub B,67,19.0
ORD03428,C0928,2,Hub B,74,19.0
ORD03429,C0929,3,Hub B,21,19.0
ORD03430,C0930,1,Hub B,28,19.0
ORD03431,C0931,2,Hub B,35,19.0
ORD03432,C0932,3,Hub B,42,19.0
ORD03433,C0933,1,Hub B,49,19.0
ORD03434,C0934,2,Hub B,56,19.0
ORD03435,C0935,3,Hub B,63,19.0
ORD03436,C0936,1,Hub B,70,19.0
ORD03437,C0937,2,Hub B,77,19.0
ORD03438,C0938,3,Hub B,24,19.0
ORD03439,C0939,1,Hub B,31,19.0
ORD03440,C0940,2,Hub B,38,19.0
ORD03441,C0941,3,Hub B,45,19.0
ORD03442,C0942,1,Hub B,52,19.0
ORD03443,C0943,2,Hub B,59,19.0
ORD03444,C0944,3,Hub B,66,19.0
ORD03445,C0945,1,Hub B,73,19.0
ORD03446,C0946,2,Hub B,20,19.0
ORD03447,C0947,3,Hub B,27,19.0
ORD03448,C0948,1,Hub B,34,19.0
ORD03449,C0949,2,Hub B,41,19.0
ORD03450,C0950,3,Hub B,48,19.0
ORD03451,C0951,1,Hub B,55,19.0
ORD03452,C0952,2,Hub B,62,19.0
ORD03453,C0953,3,Hub B,69,19.0
ORD03454,C0954,1,Hub B,76,19.0
ORD03455,C0955,2,Hub B,23,19.0
ORD03456,C0956,3,Hub B,30,19.0
ORD03457,C0957,1,Hub B,37,19.0
ORD03458,C0958,2,Hub B,44,19.0
ORD03459,C0959,3,Hub B,51,19.0
ORD03460,C0960,1,Hub B,58,19.0
ORD03461,C0961,2,Hub B,65,19.0
ORD03462,C0962,3,Hub B,72,19.0
ORD03463,C0963,1,Hub B,19,19.0
ORD03464,C0964,2,Hub B,26,19.0
ORD03465,C0965,3,Hub B,33,19.0
ORD03466,C0966,1,Hub B,40,19.0
ORD03467,C0967,2,Hub B,47,19.0
ORD03468,C0968,3,Hub B,54,19.0
ORD03469,C0969,1,Hub B,61,19.0
ORD03470,C0970,2,Hub B,68,19.0
ORD03471,C0971,3,Hub B,75,19.0
ORD03472,C0972,1,Hub B,22,19.0
ORD03473,C0973,2,Hub B,29,19.0
ORD03474,C0974,3,Hub B,36,19.0
ORD03475,C0975,1,Hub B,43,19.0
ORD03476,C0976,2,Hub B,50,19.0
ORD03477,C0977,3,Hub B,57,19.0
ORD03478,C0978,1,Hub B,64,19.0
ORD03479,C0979,2,Hub B,71,19.0
ORD03480,C0980,3,Hub B,18,19.0
ORD03481,C0981,1,Hub B,25,19.0
ORD03482,C0982,2,Hub B,32,19.0
ORD03483,C0983,3,Hub B,39,19.0
ORD03484,C0984,1,Hub B,46,19.0
ORD03485,C0985,2,Hub B,53,19.0
ORD03486,C0986,3,Hub B,60,19.0
ORD03487,C0987,1,Hub B,67,19.0
ORD03488,C0988,2,Hub B,74,19.0
ORD03489,C0989,3,Hub B,21,19.0
ORD03490,C0990,1,Hub B,28,19.0
ORD03491,C0991,2,Hub B,35,19.0
ORD03492,C0992,3,Hub B,42,19.0
ORD03493,C0993,1,Hub B,49,19.0
ORD03494,C0994,2,Hub B,56,19.0
ORD03495,C0995,3,Hub B,63,19.0
ORD03496,C0996,1,Hub B,70,19.0
ORD03497,C0997,2,Hub B,77,19.0
ORD03498,C0998,3,Hub B,24,19.0
ORD03499,C0999,1,Hub B,31,19.0
ORD03500,C1000,2,Hub B,38,19.0
ORD03501,C1001,3,Hub B,45,19.0
ORD03502,C1002,1,Hub B,52,19.0
ORD03503,C1003,2,Hub B,59,19.0
ORD03504,C1004,3,Hub B,66,19.0
ORD03505,C1005,1,Hub B,73,19.0
ORD03506,C1006,2,Hub B,20,19.0
ORD03507,C1007,3,Hub B,27,19.0
ORD03508,C1008,1,Hub B,34,19.0
ORD03509,C1009,2,Hub B,41,19.0
ORD03510,C1010,3,Hub B,48,19.0
ORD03511,C1011,1,Hub B,55,19.0
ORD03512,C1012,2,Hub B,62,19.0
ORD03513,C1013,3,Hub B,69,19.0
ORD03514,C1014,1,Hub B,76,19.0
ORD03515,C1015,2,Hub B,23,19.0
ORD03516,C1016,3,Hub B,30,19.0
ORD03517,C1017,1,Hub B,37,19.0
ORD03518,C1018,2,Hub B,44,19.0
ORD03519,C1019,3,Hub B,51,19.0
ORD03520,C1020,1,Hub B,58,19.0
ORD03521,C1021,2,Hub B,65,19.0
ORD03522,C1022,3,Hub B,72,19.0
ORD03523,C1023,1,Hub B,19,19.0
ORD03524,C1024,2,Hub B,26,19.0
ORD03525,C1025,3,Hub B,33,19.0
ORD03526,C1026,1,Hub B,40,19.0
ORD03527,C1027,2,Hub B,47,19.0
ORD03528,C1028,3,Hub B,54,19.0
ORD03529,C1029,1,Hub B,61,19.0
ORD03530,C1030,2,Hub B,68,19.0
ORD03531,C1031,3,Hub B,75,19.0
ORD03532,C1032,1,Hub B,22,19.0
ORD03533,C1033,2,Hub B,29,19.0
ORD03534,C1034,3,Hub B,36,19.0
ORD03535,C1035,1,Hub B,43,19.0
ORD03536,C1036,2,Hub B,50,19.0
ORD03537,C1037,3,Hub B,57,19.0
ORD03538,C1038,1,Hub B,64,19.0
ORD03539,C1039,2,Hub B,71,19.0
ORD03540,C1040,3,Hub B,18,19.0
ORD03541,C1041,1,Hub B,25,19.0
ORD03542,C1042,2,Hub B,32,19.0
ORD03543,C1043,3,Hub B,39,19.0
ORD03544,C1044,1,Hub B,46,19.0
ORD03545,C1045,2,Hub B,53,19.0
ORD03546,C1046,3,Hub B,60,19.0
ORD03547,C1047,1,Hub B,67,19.0
ORD03548,C1048,2,Hub B,74,19.0
ORD03549,C1049,3,Hub B,21,19.0
ORD03550,C1050,1,Hub B,28,19.0
ORD03551,C1051,2,Hub B,35,19.0
ORD03552,C1052,3,Hub B,42,19.0
ORD03553,C1053,1,Hub B,49,19.0
ORD03554,C1054,2,Hub B,56,19.0
ORD03555,C1055,3,Hub B,63,19.0
ORD03556,C1056,1,Hub B,70,19.0
ORD03557,C1057,2,Hub B,77,19.0
ORD03558,C1058,3,Hub B,24,19.0
ORD03559,C1059,1,Hub B,31,19.0
ORD03560,C1060,2,Hub B,38,19.0
ORD03561,C1061,3,Hub B,45,19.0
ORD03562,C1062,1,Hub B,52,19.0
ORD03563,C1063,2,Hub B,59,19.0
ORD03564,C1064,3,Hub B,66,19.0
ORD03565,C1065,1,Hub B,73,19.0
ORD03566,C1066,2,Hub B,20,19.0
ORD03567,C1067,3,Hub B,27,19.0
ORD03568,C1068,1,Hub B,34,19.0
ORD03569,C1069,2,Hub B,41,19.0
ORD03570,C1070,3,Hub B,48,19.0
ORD03571,C1071,1,Hub B,55,19.0
ORD03572,C1072,2,Hub B,62,19.0
ORD03573,C1073,3,Hub B,69,19.0
ORD03574,C1074,1,Hub B,76,19.0
ORD03575,C1075,2,Hub B,23,19.0
ORD03576,C1076,3,Hub B,30,19.0
ORD03577,C1077,1,Hub B,37,19.0
ORD03578,C1078,2,Hub B,44,19.0
ORD03579,C1079,3,Hub B,51,19.0
ORD03580,C1080,1,Hub B,58,19.0
ORD03581,C1081,2,Hub B,65,19.0
ORD03582,C1082,3,Hub B,72,19.0
ORD03583,C1083,1,Hub B,19,19.0
ORD03584,C1084,2,Hub B,26,19.0
ORD03585,C1085,3,Hub B,33,19.0
ORD03586,C1086,1,Hub B,40,19.0
ORD03587,C1087,2,Hub B,47,19.0
ORD03588,C1088,3,Hub B,54,19.0
ORD03589,C1089,1,Hub B,61,19.0
ORD03590,C1090,2,Hub B,68,19.0
ORD03591,C1091,3,Hub B,75,19.0
ORD03592,C1092,1,Hub B,22,19.0
ORD03593,C1093,2,Hub B,29,19.0
ORD03594,C1094,3,Hub B,36,19.0
ORD03595,C1095,1,Hub B,43,19.0
ORD03596,C1096,2,Hub B,50,19.0
ORD03597,C1097,3,Hub B,57,19.0
ORD03598,C1098,1,Hub B,64,19.0
ORD03599,C1099,2,Hub B,71,19.0
ORD03600,C1100,3,Hub B,18,19.0
ORD03601,C1101,1,Hub B,25,19.0
ORD03602,C1102,2,Hub B,32,19.0
ORD03603,C1103,3,Hub B,39,19.0
ORD03604,C1104,1,Hub B,46,19.0
ORD03605,C1105,2,Hub B,53,19.0
ORD03606,C1106,3,Hub B,60,19.0
ORD03607,C1107,1,Hub B,67,19.0
ORD03608,C1108,2,Hub B,74,19.0
ORD03609,C1109,3,Hub B,21,19.0
ORD03610,C1110,1,Hub B,28,19.0
ORD03611,C1111,2,Hub B,35,19.0
ORD03612,C1112,3,Hub B,42,19.0
ORD03613,C1113,1,Hub B,49,19.0
ORD03614,C1114,2,Hub B,56,19.0
ORD03615,C1115,3,Hub B,63,19.0
ORD03616,C1116,1,Hub B,70,19.0
ORD03617,C1117,2,Hub B,77,19.0
ORD03618,C1118,3,Hub B,24,19.0
ORD03619,C1119,1,Hub B,31,19.0
ORD03620,C1120,2,Hub B,38,19.0
ORD03621,C1121,3,Hub B,45,19.0
ORD03622,C1122,1,Hub B,52,19.0
ORD03623,C1123,2,Hub B,59,19.0
ORD03624,C1124,3,Hub B,66,19.0
ORD03625,C1125,1,Hub B,73,19.0
ORD03626,C1126,2,Hub B,20,19.0
ORD03627,C1127,3,Hub B,27,19.0
ORD03628,C1128,1,Hub B,34,19.0
ORD03629,C1129,2,Hub B,41,19.0
ORD03630,C1130,3,Hub B,48,19.0
ORD03631,C1131,1,Hub B,55,19.0
ORD03632,C1132,2,Hub B,62,19.0
ORD03633,C1133,3,Hub B,69,19.0
ORD03634,C1134,1,Hub B,76,19.0
ORD03635,C1135,2,Hub B,23,19.0
ORD03636,C1136,3,Hub B,30,19.0
ORD03637,C1137,1,Hub B,37,19.0
ORD03638,C1138,2,Hub B,44,19.0
ORD03639,C1139,3,Hub B,51,19.0
ORD03640,C1140,1,Hub B,58,19.0
ORD03641,C1141,2,Hub B,65,19.0
ORD03642,C1142,3,Hub B,72,19.0
ORD03643,C1143,1,Hub B,19,19.0
ORD03644,C1144,2,Hub B,26,19.0
ORD03645,C1145,3,Hub B,33,19.0
ORD03646,C1146,1,Hub B,40,19.0
ORD03647,C1147,2,Hub B,47,19.0
ORD03648,C1148,3,Hub B,54,19.0
ORD03649,C1149,1,Hub B,61,19.0
ORD03650,C1150,2,Hub B,68,19.0
ORD03651,C1151,3,Hub B,75,19.0
ORD03652,C1152,1,Hub B,22,19.0
ORD03653,C1153,2,Hub B,29,19.0
ORD03654,C1154,3,Hub B,36,19.0
ORD03655,C1155,1,Hub B,43,19.0
ORD03656,C1156,2,Hub B,50,19.0
ORD03657,C1157,3,Hub B,57,19.0
ORD03658,C1158,1,Hub B,64,19.0
ORD03659,C1159,2,Hub B,71,19.0
ORD03660,C1160,3,Hub B,18,19.0
ORD03661,C1161,1,Hub B,25,19.0
ORD03662,C1162,2,Hub B,32,19.0
ORD03663,C1163,3,Hub B,39,19.0
ORD03664,C1164,1,Hub B,46,19.0
ORD03665,C1165,2,Hub B,53,19.0
ORD03666,C1166,3,Hub B,60,19.0
ORD03667,C1167,1,Hub B,67,19.0
ORD03668,C1168,2,Hub B,74,19.0
ORD03669,C1169,3,Hub B,21,19.0
ORD03670,C1170,1,Hub B,28,19.0
ORD03671,C1171,2,Hub B,35,19.0
ORD03672,C1172,3,Hub B,42,19.0
ORD03673,C1173,1,Hub B,49,19.0
ORD03674,C1174,2,Hub B,56,19.0
ORD03675,C1175,3,Hub B,63,19.0
ORD03676,C1176,1,Hub B,70,19.0
ORD03677,C1177,2,Hub B,77,19.0
ORD03678,C1178,3,Hub B,24,19.0
ORD03679,C1179,1,Hub B,31,19.0
ORD03680,C1180,2,Hub B,38,19.0
ORD03681,C1181,3,Hub B,45,19.0
ORD03682,C1182,1,Hub B,52,19.0
ORD03683,C1183,2,Hub B,59,19.0
ORD03684,C1184,3,Hub B,66,19.0
ORD03685,C1185,1,Hub B,73,19.0
ORD03686,C1186,2,Hub B,20,19.0
ORD03687,C1187,3,Hub B,27,19.0
ORD03688,C1188,1,Hub B,34,19.0
ORD03689,C1189,2,Hub B,41,19.0
ORD03690,C1190,3,Hub B,48,19.0
ORD03691,C1191,1,Hub B,55,19.0
ORD03692,C1192,2,Hub B,62,19.0
ORD03693,C1193,3,Hub B,69,19.0
ORD03694,C1194,1,Hub B,76,19.0
ORD03695,C1195,2,Hub B,23,19.0
ORD03696,C1196,3,Hub B,30,19.0
ORD03697,C1197,1,Hub B,37,19.0
ORD03698,C1198,2,Hub B,44,19.0
ORD03699,C1199,3,Hub B,51,19.0
ORD03700,C1200,1,Hub B,58,19.0
ORD03701,C1201,2,Hub B,65,19.0
ORD03702,C1202,3,Hub B,72,19.0
ORD03703,C1203,1,Hub B,19,19.0
ORD03704,C1204,2,Hub B,26,19.0
ORD03705,C1205,3,Hub B,33,19.0
ORD03706,C1206,1,Hub B,40,19.0
ORD03707,C1207,2,Hub B,47,19.0
ORD03708,C1208,3,Hub B,54,19.0
ORD03709,C1209,1,Hub B,61,19.0
ORD03710,C1210,2,Hub B,68,19.0
ORD03711,C1211,3,Hub B,75,19.0
ORD03712,C1212,1,Hub B,22,19.0
ORD03713,C1213,2,Hub B,29,19.0
ORD03714,C1214,3,Hub B,36,19.0
ORD03715,C1215,1,Hub B,43,19.0
ORD03716,C1216,2,Hub B,50,19.0
ORD03717,C1217,3,Hub B,57,19.0
ORD03718,C1218,1,Hub B,64,19.0
ORD03719,C1219,2,Hub B,71,19.0
ORD03720,C1220,3,Hub B,18,19.0
ORD03721,C1221,1,Hub B,25,19.0
ORD03722,C1222,2,Hub B,32,19.0
ORD03723,C1223,3,Hub B,39,19.0
ORD03724,C1224,1,Hub B,46,19.0
ORD03725,C1225,2,Hub B,53,19.0
ORD03726,C1226,3,Hub B,60,19.0
ORD03727,C1227,1,Hub B,67,19.0
ORD03728,C1228,2,Hub B,74,19.0
ORD03729,C1229,3,Hub B,21,19.0
ORD03730,C1230,1,Hub B,28,19.0
ORD03731,C1231,2,Hub B,35,19.0
ORD03732,C1232,3,Hub B,42,19.0
ORD03733,C1233,1,Hub B,49,19.0
ORD03734,C1234,2,Hub B,56,19.0
ORD03735,C1235,3,Hub B,63,19.0
ORD03736,C1236,1,Hub B,70,19.0
ORD03737,C1237,2,Hub B,77,19.0
ORD03738,C1238,3,Hub B,24,19.0
ORD03739,C1239,1,Hub B,31,19.0
ORD03740,C1240,2,Hub B,38,19.0
ORD03741,C1241,3,Hub B,45,19.0
ORD03742,C1242,1,Hub B,52,19.0
ORD03743,C1243,2,Hub B,59,19.0
ORD03744,C1244,3,Hub B,66,19.0
ORD03745,C1245,1,Hub B,73,19.0
ORD03746,C1246,2,Hub B,20,19.0
ORD03747,C1247,3,Hub B,27,19.0
ORD03748,C1248,1,Hub B,34,19.0
ORD03749,C1249,2,Hub B,41,19.0
ORD03750,C1250,3,Hub B,48,19.0
ORD03751,C1251,1,Hub B,55,19.0
ORD03752,C1252,2,Hub B,62,19.0
ORD03753,C1253,3,Hub B,69,19.0
ORD03754,C1254,1,Hub B,76,19.0
ORD03755,C1255,2,Hub B,23,19.0
ORD03756,C1256,3,Hub B,30,19.0
ORD03757,C1257,1,Hub B,37,19.0
ORD03758,C1258,2,Hub B,44,19.0
ORD03759,C1259,3,Hub B,51,19.0
ORD03760,C1260,1,Hub B,58,19.0
ORD03761,C1261,2,Hub B,65,19.0
ORD03762,C1262,3,Hub B,72,19.0
ORD03763,C1263,1,Hub B,19,19.0
ORD03764,C1264,2,Hub B,26,19.0
ORD03765,C1265,3,Hub B,33,19.0
ORD03766,C1266,1,Hub B,40,19.0
ORD03767,C1267,2,Hub B,47,19.0
ORD03768,C1268,3,Hub B,54,19.0
ORD03769,C1269,1,Hub B,61,19.0
ORD03770,C1270,2,Hub B,68,19.0
ORD03771,C1271,3,Hub B,75,19.0
ORD03772,C1272,1,Hub B,22,19.0
ORD03773,C1273,2,Hub B,29,19.0
ORD03774,C1274,3,Hub B,36,19.0
ORD03775,C1275,1,Hub B,43,19.0
ORD03776,C1276,2,Hub B,50,19.0
ORD03777,C1277,3,Hub B,57,19.0
ORD03778,C1278,1,Hub B,64,19.0
ORD03779,C1279,2,Hub B,71,19.0
ORD03780,C1280,3,Hub B,18,19.0
ORD03781,C1281,1,Hub B,25,19.0
ORD03782,C1282,2,Hub B,32,19.0
ORD03783,C1283,3,Hub B,39,19.0
ORD03784,C1284,1,Hub B,46,19.0
ORD03785,C1285,2,Hub B,53,19.0
ORD03786,C1286,3,Hub B,60,19.0
ORD03787,C1287,1,Hub B,67,19.0
ORD03788,C1288,2,Hub B,74,19.0
ORD03789,C1289,3,Hub B,21,19.0
ORD03790,C1290,1,Hub B,28,19.0
ORD03791,C1291,2,Hub B,35,19.0
ORD03792,C1292,3,Hub B,42,19.0
ORD03793,C1293,1,Hub B,49,19.0
ORD03794,C1294,2,Hub B,56,19.0
ORD03795,C1295,3,Hub B,63,19.0
ORD03796,C1296,1,Hub B,70,19.0
ORD03797,C1297,2,Hub B,77,19.0
ORD03798,C1298,3,Hub B,24,19.0
ORD03799,C1299,1,Hub B,31,19.0
ORD03800,C1300,2,Hub B,38,19.0
ORD03801,C1301,3,Hub B,45,19.0
ORD03802,C1302,1,Hub B,52,19.0
ORD03803,C1303,2,Hub B,59,19.0
ORD03804,C1304,3,Hub B,66,19.0
ORD03805,C1305,1,Hub B,73,19.0
ORD03806,C1306,2,Hub B,20,19.0
ORD03807,C1307,3,Hub B,27,19.0
ORD03808,C1308,1,Hub B,34,19.0
ORD03809,C1309,2,Hub B,41,19.0
ORD03810,C1310,3,Hub B,48,19.0
ORD03811,C1311,1,Hub B,55,19.0
ORD03812,C1312,2,Hub B,62,19.0
ORD03813,C1313,3,Hub B,69,19.0
ORD03814,C1314,1,Hub B,76,19.0
ORD03815,C1315,2,Hub B,23,19.0
ORD03816,C1316,3,Hub B,30,19.0
ORD03817,C1317,1,Hub B,37,19.0
ORD03818,C1318,2,Hub B,44,19.0
ORD03819,C1319,3,Hub B,51,19.0
ORD03820,C1320,1,Hub B,58,19.0
ORD03821,C1321,2,Hub B,65,19.0
ORD03822,C1322,3,Hub B,72,19.0
ORD03823,C1323,1,Hub B,19,19.0
ORD03824,C1324,2,Hub B,26,19.0
ORD03825,C1325,3,Hub B,33,19.0
ORD03826,C1326,1,Hub B,40,19.0
ORD03827,C1327,2,Hub B,47,19.0
ORD03828,C1328,3,Hub B,54,19.0
ORD03829,C1329,1,Hub B,61,19.0
ORD03830,C1330,2,Hub B,68,19.0
ORD03831,C1331,3,Hub B,75,19.0
ORD03832,C1332,1,Hub B,22,19.0
ORD03833,C1333,2,Hub B,29,19.0
ORD03834,C1334,3,Hub B,36,19.0
ORD03835,C1335,1,Hub B,43,19.0
ORD03836,C1336,2,Hub B,50,19.0
ORD03837,C1337,3,Hub B,57,19.0
ORD03838,C1338,1,Hub B,64,19.0
ORD03839,C1339,2,Hub B,71,19.0
ORD03840,C1340,3,Hub B,18,19.0
ORD03841,C1341,1,Hub B,25,19.0
ORD03842,C1342,2,Hub B,32,19.0
ORD03843,C1343,3,Hub B,39,19.0
ORD03844,C1344,1,Hub B,46,19.0
ORD03845,C1345,2,Hub B,53,19.0
ORD03846,C1346,3,Hub B,60,19.0
ORD03847,C1347,1,Hub B,67,19.0
ORD03848,C1348,2,Hub B,74,19.0
ORD03849,C1349,3,Hub B,21,19.0
ORD03850,C1350,1,Hub B,28,19.0
ORD03851,C1351,2,Hub B,35,19.0
ORD03852,C1352,3,Hub B,42,19.0
ORD03853,C1353,1,Hub B,49,19.0
ORD03854,C1354,2,Hub B,56,19.0
ORD03855,C1355,3,Hub B,63,19.0
ORD03856,C1356,1,Hub B,70,19.0
ORD03857,C1357,2,Hub B,77,19.0
ORD03858,C1358,3,Hub B,24,19.0
ORD03859,C1359,1,Hub B,31,19.0
ORD03860,C1360,2,Hub B,38,19.0
ORD03861,C1361,3,Hub B,45,19.0
ORD03862,C1362,1,Hub B,52,19.0
ORD03863,C1363,2,Hub B,59,19.0
ORD03864,C1364,3,Hub B,66,19.0
ORD03865,C1365,1,Hub B,73,19.0
ORD03866,C1366,2,Hub B,20,19.0
ORD03867,C1367,3,Hub B,27,19.0
ORD03868,C1368,1,Hub B,34,19.0
ORD03869,C1369,2,Hub B,41,19.0
ORD03870,C1370,3,Hub B,48,19.0
ORD03871,C1371,1,Hub B,55,19.0
ORD03872,C1372,2,Hub B,62,19.0
ORD03873,C1373,3,Hub B,69,19.0
ORD03874,C1374,1,Hub B,76,19.0
ORD03875,C1375,2,Hub B,23,19.0
ORD03876,C1376,3,Hub B,30,19.0
ORD03877,C1377,1,Hub B,37,19.0
ORD03878,C1378,2,Hub B,44,19.0
ORD03879,C1379,3,Hub B,51,19.0
ORD03880,C1380,1,Hub B,58,19.0
ORD03881,C1381,2,Hub B,65,19.0
ORD03882,C1382,3,Hub B,72,19.0
ORD03883,C1383,1,Hub B,19,19.0
ORD03884,C1384,2,Hub B,26,19.0
ORD03885,C1385,3,Hub B,33,19.0
ORD03886,C1386,1,Hub B,40,19.0
ORD03887,C1387,2,Hub B,47,19.0
ORD03888,C1388,3,Hub B,54,19.0
ORD03889,C1389,1,Hub B,61,19.0
ORD03890,C1390,2,Hub B,68,19.0
ORD03891,C1391,3,Hub B,75,19.0
ORD03892,C1392,1,Hub B,22,19.0
ORD03893,C1393,2,Hub B,29,19.0
ORD03894,C1394,3,Hub B,36,19.0
ORD03895,C1395,1,Hub B,43,19.0
ORD03896,C1396,2,Hub B,50,19.0
ORD03897,C1397,3,Hub B,57,19.0
ORD03898,C1398,1,Hub B,64,19.0
ORD03899,C1399,2,Hub B,71,19.0
ORD03900,C1400,3,Hub B,18,19.0
ORD03901,C1401,1,Hub B,25,19.0
ORD03902,C1402,2,Hub B,32,19.0
ORD03903,C1403,3,Hub B,39,19.0
ORD03904,C1404,1,Hub B,46,19.0
ORD03905,C1405,2,Hub B,53,19.0
ORD03906,C1406,3,Hub B,60,19.0
ORD03907,C1407,1,Hub B,67,19.0
ORD03908,C1408,2,Hub B,74,19.0
ORD03909,C1409,3,Hub B,21,19.0
ORD03910,C1410,1,Hub B,28,19.0
ORD03911,C1411,2,Hub B,35,19.0
ORD03912,C1412,3,Hub B,42,19.0
ORD03913,C1413,1,Hub B,49,19.0
ORD03914,C1414,2,Hub B,56,19.0
ORD03915,C1415,3,Hub B,63,19.0
ORD03916,C1416,1,Hub B,70,19.0
ORD03917,C1417,2,Hub B,77,19.0
ORD03918,C1418,3,Hub B,24,19.0
ORD03919,C1419,1,Hub B,31,19.0
ORD03920,C1420,2,Hub B,38,19.0
ORD03921,C1421,3,Hub B,45,19.0
ORD03922,C1422,1,Hub B,52,19.0
ORD03923,C1423,2,Hub B,59,19.0
ORD03924,C1424,3,Hub B,66,19.0
ORD03925,C1425,1,Hub B,73,19.0
ORD03926,C1426,2,Hub B,20,19.0
ORD03927,C1427,3,Hub B,27,19.0
ORD03928,C1428,1,Hub B,34,19.0
ORD03929,C1429,2,Hub B,41,19.0
ORD03930,C1430,3,Hub B,48,19.0
ORD03931,C1431,1,Hub B,55,19.0
ORD03932,C1432,2,Hub B,62,19.0
ORD03933,C1433,3,Hub B,69,19.0
ORD03934,C1434,1,Hub B,76,19.0
ORD03935,C1435,2,Hub B,23,19.0
ORD03936,C1436,3,Hub B,30,19.0
ORD03937,C1437,1,Hub B,37,19.0
ORD03938,C1438,2,Hub B,44,19.0
ORD03939,C1439,3,Hub B,51,19.0
ORD03940,C1440,1,Hub B,58,19.0
ORD03941,C1441,2,Hub B,65,19.0
ORD03942,C1442,3,Hub B,72,19.0
ORD03943,C1443,1,Hub B,19,19.0
ORD03944,C1444,2,Hub B,26,19.0
ORD03945,C1445,3,Hub B,33,19.0
ORD03946,C1446,1,Hub B,40,19.0
ORD03947,C1447,2,Hub B,47,19.0
ORD03948,C1448,3,Hub B,54,19.0
ORD03949,C1449,1,Hub B,61,19.0
ORD03950,C1450,2,Hub B,68,19.0
ORD03951,C1451,3,Hub B,75,19.0
ORD03952,C1452,1,Hub B,22,19.0
ORD03953,C1453,2,Hub B,29,19.0
ORD03954,C1454,3,Hub B,36,19.0
ORD03955,C1455,1,Hub B,43,19.0
ORD03956,C1456,2,Hub B,50,19.0
ORD03957,C1457,3,Hub B,57,19.0
ORD03958,C1458,1,Hub B,64,19.0
ORD03959,C1459,2,Hub B,71,19.0
ORD03960,C1460,3,Hub B,18,19.0
ORD03961,C1461,1,Hub B,25,19.0
ORD03962,C1462,2,Hub B,32,19.0
ORD03963,C1463,3,Hub B,39,19.0
ORD03964,C1464,1,Hub B,46,19.0
ORD03965,C1465,2,Hub B,53,19.0
ORD03966,C1466,3,Hub B,60,19.0
ORD03967,C1467,1,Hub B,67,19.0
ORD03968,C1468,2,Hub B,74,19.0
ORD03969,C1469,3,Hub B,21,19.0
ORD03970,C1470,1,Hub B,28,19.0
ORD03971,C1471,2,Hub B,35,19.0
ORD03972,C1472,3,Hub B,42,19.0
ORD03973,C1473,1,Hub B,49,19.0
ORD03974,C1474,2,Hub B,56,19.0
ORD03975,C1475,3,Hub B,63,19.0
ORD03976,C1476,1,Hub B,70,19.0
ORD03977,C1477,2,Hub B,77,19.0
ORD03978,C1478,3,Hub B,24,19.0
ORD03979,C1479,1,Hub B,31,19.0
ORD03980,C1480,2,Hub B,38,19.0
ORD03981,C1481,3,Hub B,45,19.0
ORD03982,C1482,1,Hub B,52,19.0
ORD03983,C1483,2,Hub B,59,19.0
ORD03984,C1484,3,Hub B,66,19.0
ORD03985,C1485,1,Hub B,73,19.0
ORD03986,C1486,2,Hub B,20,19.0
ORD03987,C1487,3,Hub B,27,19.0
ORD03988,C1488,1,Hub B,34,19.0
ORD03989,C1489,2,Hub B,41,19.0
ORD03990,C1490,3,Hub B,48,19.0
ORD03991,C1491,1,Hub B,55,19.0
ORD03992,C1492,2,Hub B,62,19.0
ORD03993,C1493,3,Hub B,69,19.0
ORD03994,C1494,1,Hub B,76,19.0
ORD03995,C1495,2,Hub B,23,19.0
ORD03996,C1496,3,Hub B,30,19.0
ORD03997,C1497,1,Hub B,37,19.0
ORD03998,C1498,2,Hub B,44,19.0
ORD03999,C1499,3,Hub B,51,19.0
ORD04000,C1500,1,Hub B,58,19.0
ORD04001,C1501,2,Hub B,65,19.0
ORD04002,C1502,3,Hub B,72,19.0
ORD04003,C1503,1,Hub B,19,19.0
ORD04004,C1504,2,Hub B,26,19.0
ORD04005,C1505,3,Hub B,33,19.0
ORD04006,C1506,1,Hub B,40,19.0
ORD04007,C1507,2,Hub B,47,19.0
ORD04008,C1508,3,Hub B,54,19.0
ORD04009,C1509,1,Hub B,61,19.0
ORD04010,C1510,2,Hub B,68,19.0
ORD04011,C1511,3,Hub B,75,19.0
ORD04012,C1512,1,Hub B,22,19.0
ORD04013,C1513,2,Hub B,29,19.0
ORD04014,C1514,3,Hub B,36,19.0
ORD04015,C1515,1,Hub B,43,19.0
ORD04016,C1516,2,Hub B,50,19.0
ORD04017,C1517,3,Hub B,57,19.0
ORD04018,C1518,1,Hub B,64,19.0
ORD04019,C1519,2,Hub B,71,19.0
ORD04020,C1520,3,Hub B,18,19.0
ORD04021,C1521,1,Hub B,25,19.0
ORD04022,C1522,2,Hub B,32,19.0
ORD04023,C1523,3,Hub B,39,19.0
ORD04024,C1524,1,Hub B,46,19.0
ORD04025,C1525,2,Hub B,53,19.0
ORD04026,C1526,3,Hub B,60,19.0
ORD04027,C1527,1,Hub B,67,19.0
ORD04028,C1528,2,Hub B,74,19.0
ORD04029,C1529,3,Hub B,21,19.0
ORD04030,C1530,1,Hub B,28,19.0
ORD04031,C1531,2,Hub B,35,19.0
ORD04032,C1532,3,Hub B,42,19.0
ORD04033,C1533,1,Hub B,49,19.0
ORD04034,C1534,2,Hub B,56,19.0
ORD04035,C1535,3,Hub B,63,19.0
ORD04036,C1536,1,Hub B,70,19.0
ORD04037,C1537,2,Hub B,77,19.0
ORD04038,C1538,3,Hub B,24,19.0
ORD04039,C1539,1,Hub B,31,19.0
ORD04040,C1540,2,Hub B,38,19.0
ORD04041,C1541,3,Hub B,45,19.0
ORD04042,C1542,1,Hub B,52,19.0
ORD04043,C1543,2,Hub B,59,19.0
ORD04044,C1544,3,Hub B,66,19.0
ORD04045,C1545,1,Hub B,73,19.0
ORD04046,C1546,2,Hub B,20,19.0
ORD04047,C1547,3,Hub B,27,19.0
ORD04048,C1548,1,Hub B,34,19.0
ORD04049,C1549,2,Hub B,41,19.0
ORD04050,C1550,3,Hub B,48,19.0
ORD04051,C1551,1,Hub B,55,19.0
ORD04052,C1552,2,Hub B,62,19.0
ORD04053,C1553,3,Hub B,69,19.0
ORD04054,C1554,1,Hub B,76,19.0
ORD04055,C1555,2,Hub B,23,19.0
ORD04056,C1556,3,Hub B,30,19.0
ORD04057,C1557,1,Hub B,37,19.0
ORD04058,C1558,2,Hub B,44,19.0
ORD04059,C1559,3,Hub B,51,19.0
ORD04060,C1560,1,Hub B,58,19.0
ORD04061,C1561,2,Hub B,65,19.0
ORD04062,C1562,3,Hub B,72,19.0
ORD04063,C1563,1,Hub B,19,19.0
ORD04064,C1564,2,Hub B,26,19.0
ORD04065,C1565,3,Hub B,33,19.0
ORD04066,C1566,1,Hub B,40,19.0
ORD04067,C1567,2,Hub B,47,19.0
ORD04068,C1568,3,Hub B,54,19.0
ORD04069,C1569,1,Hub B,61,19.0
ORD04070,C1570,2,Hub B,68,19.0
ORD04071,C1571,3,Hub B,75,19.0
ORD04072,C1572,1,Hub B,22,19.0
ORD04073,C1573,2,Hub B,29,19.0
ORD04074,C1574,3,Hub B,36,19.0
ORD04075,C1575,1,Hub B,43,19.0
ORD04076,C1576,2,Hub B,50,19.0
ORD04077,C1577,3,Hub B,57,19.0
ORD04078,C1578,1,Hub B,64,19.0
ORD04079,C1579,2,Hub B,71,19.0
ORD04080,C1580,3,Hub B,18,19.0
ORD04081,C1581,1,Hub B,25,19.0
ORD04082,C1582,2,Hub B,32,19.0
ORD04083,C1583,3,Hub B,39,19.0
ORD04084,C1584,1,Hub B,46,19.0
ORD04085,C1585,2,Hub B,53,19.0
ORD04086,C1586,3,Hub B,60,19.0
ORD04087,C1587,1,Hub B,67,19.0
ORD04088,C1588,2,Hub B,74,19.0
ORD04089,C1589,3,Hub B,21,19.0
ORD04090,C1590,1,Hub B,28,19.0
ORD04091,C1591,2,Hub B,35,19.0
ORD04092,C1592,3,Hub B,42,19.0
ORD04093,C1593,1,Hub B,49,19.0
ORD04094,C1594,2,Hub B,56,19.0
ORD04095,C1595,3,Hub B,63,19.0
ORD04096,C1596,1,Hub B,70,19.0
ORD04097,C1597,2,Hub B,77,19.0
ORD04098,C1598,3,Hub B,24,19.0
ORD04099,C1599,1,Hub B,31,19.0
ORD04100,C1600,2,Hub B,38,19.0
ORD04101,C1601,3,Hub B,45,19.0
ORD04102,C1602,1,Hub B,52,19.0
ORD04103,C1603,2,Hub B,59,19.0
ORD04104,C1604,3,Hub B,66,19.0
ORD04105,C1605,1,Hub B,73,19.0
ORD04106,C1606,2,Hub B,20,19.0
ORD04107,C1607,3,Hub B,27,19.0
ORD04108,C1608,1,Hub B,34,19.0
ORD04109,C1609,2,Hub B,41,19.0
ORD04110,C1610,3,Hub B,48,19.0
ORD04111,C1611,1,Hub B,55,19.0
ORD04112,C1612,2,Hub B,62,19.0
ORD04113,C1613,3,Hub B,69,19.0
ORD04114,C1614,1,Hub B,76,19.0
ORD04115,C1615,2,Hub B,23,19.0
ORD04116,C1616,3,Hub B,30,19.0
ORD04117,C1617,1,Hub B,37,19.0
ORD04118,C1618,2,Hub B,44,19.0
ORD04119,C1619,3,Hub B,51,19.0
ORD04120,C1620,1,Hub B,58,19.0
ORD04121,C1621,2,Hub B,65,19.0
ORD04122,C1622,3,Hub B,72,19.0
ORD04123,C1623,1,Hub B,19,19.0
ORD04124,C1624,2,Hub B,26,19.0
ORD04125,C1625,3,Hub B,33,19.0
ORD04126,C1626,1,Hub B,40,19.0
ORD04127,C1627,2,Hub B,47,19.0
ORD04128,C1628,3,Hub B,54,19.0
ORD04129,C1629,1,Hub B,61,19.0
ORD04130,C1630,2,Hub B,68,19.0
ORD04131,C1631,3,Hub B,75,19.0
ORD04132,C1632,1,Hub B,22,19.0
ORD04133,C1633,2,Hub B,29,19.0
ORD04134,C1634,3,Hub B,36,19.0
ORD04135,C1635,1,Hub B,43,19.0
ORD04136,C1636,2,Hub B,50,19.0
ORD04137,C1637,3,Hub B,57,19.0
ORD04138,C1638,1,Hub B,64,19.0
ORD04139,C1639,2,Hub B,71,19.0
ORD04140,C1640,3,Hub B,18,19.0
ORD04141,C1641,1,Hub B,25,19.0
ORD04142,C1642,2,Hub B,32,19.0
ORD04143,C1643,3,Hub B,39,19.0
ORD04144,C1644,1,Hub B,46,19.0
ORD04145,C1645,2,Hub B,53,19.0
ORD04146,C1646,3,Hub B,60,19.0
ORD04147,C1647,1,Hub B,67,19.0
ORD04148,C1648,2,Hub B,74,19.0
ORD04149,C1649,3,Hub B,21,19.0
ORD04150,C1650,1,Hub B,28,22.0
ORD04151,C1651,2,Hub B,35,22.0
ORD04152,C1652,3,Hub B,42,22.0
ORD04153,C1653,1,Hub B,49,22.0
ORD04154,C1654,2,Hub B,56,22.0
ORD04155,C1655,3,Hub B,63,22.0
ORD04156,C1656,1,Hub B,70,22.0
ORD04157,C1657,2,Hub B,77,22.0
ORD04158,C1658,3,Hub B,24,22.0
ORD04159,C1659,1,Hub B,31,22.0
ORD04160,C1660,2,Hub B,38,22.0
ORD04161,C1661,3,Hub B,45,22.0
ORD04162,C1662,1,Hub B,52,22.0
ORD04163,C1663,2,Hub B,59,22.0
ORD04164,C1664,3,Hub B,66,22.0
ORD04165,C1665,1,Hub B,73,22.0
ORD04166,C1666,2,Hub B,20,22.0
ORD04167,C1667,3,Hub B,27,22.0
ORD04168,C1668,1,Hub B,34,22.0
ORD04169,C1669,2,Hub B,41,22.0
ORD04170,C1670,3,Hub B,48,22.0
ORD04171,C1671,1,Hub B,55,22.0
ORD04172,C1672,2,Hub B,62,22.0
ORD04173,C1673,3,Hub B,69,22.0
ORD04174,C1674,1,Hub B,76,22.0
ORD04175,C1675,2,Hub B,23,22.0
ORD04176,C1676,3,Hub B,30,22.0
ORD04177,C1677,1,Hub B,37,22.0
ORD04178,C1678,2,Hub B,44,22.0
ORD04179,C1679,3,Hub B,51,22.0
ORD04180,C1680,1,Hub B,58,22.0
ORD04181,C1681,2,Hub B,65,22.0
ORD04182,C1682,3,Hub B,72,22.0
ORD04183,C1683,1,Hub B,19,22.0
ORD04184,C1684,2,Hub B,26,22.0
ORD04185,C1685,3,Hub B,33,22.0
ORD04186,C1686,1,Hub B,40,22.0
ORD04187,C1687,2,Hub B,47,22.0
ORD04188,C1688,3,Hub B,54,22.0
ORD04189,C1689,1,Hub B,61,22.0
ORD04190,C1690,2,Hub B,68,22.0
ORD04191,C1691,3,Hub B,75,22.0
ORD04192,C1692,1,Hub B,22,22.0
ORD04193,C1693,2,Hub B,29,22.0
ORD04194,C1694,3,Hub B,36,22.0
ORD04195,C1695,1,Hub B,43,22.0
ORD04196,C1696,2,Hub B,50,22.0
ORD04197,C1697,3,Hub B,57,22.0
ORD04198,C1698,1,Hub B,64,22.0
ORD04199,C1699,2,Hub B,71,22.0
ORD04200,C1700,3,Hub B,18,22.0
ORD04201,C1701,1,Hub B,25,22.0
ORD04202,C1702,2,Hub B,32,22.0
ORD04203,C1703,3,Hub B,39,22.0
ORD04204,C1704,1,Hub B,46,22.0
ORD04205,C1705,2,Hub B,53,22.0
ORD04206,C1706,3,Hub B,60,22.0
ORD04207,C1707,1,Hub B,67,22.0
ORD04208,C1708,2,Hub B,74,22.0
ORD04209,C1709,3,Hub B,21,22.0
ORD04210,C1710,1,Hub B,28,22.0
ORD04211,C1711,2,Hub B,35,22.0
ORD04212,C1712,3,Hub B,42,22.0
ORD04213,C1713,1,Hub B,49,22.0
ORD04214,C1714,2,Hub B,56,22.0
ORD04215,C1715,3,Hub B,63,22.0
ORD04216,C1716,1,Hub B,70,22.0
ORD04217,C1717,2,Hub B,77,22.0
ORD04218,C1718,3,Hub B,24,22.0
ORD04219,C1719,1,Hub B,31,22.0
ORD04220,C1720,2,Hub B,38,22.0
ORD04221,C1721,3,Hub B,45,22.0
ORD04222,C1722,1,Hub B,52,22.0
ORD04223,C1723,2,Hub B,59,22.0
ORD04224,C1724,3,Hub B,66,22.0
ORD04225,C1725,1,Hub B,73,22.0
ORD04226,C1726,2,Hub B,20,22.0
ORD04227,C1727,3,Hub B,27,22.0
ORD04228,C1728,1,Hub B,34,22.0
ORD04229,C1729,2,Hub B,41,22.0
ORD04230,C1730,3,Hub B,48,22.0
ORD04231,C1731,1,Hub B,55,22.0
ORD04232,C1732,2,Hub B,62,22.0
ORD04233,C1733,3,Hub B,69,22.0
ORD04234,C1734,1,Hub B,76,22.0
ORD04235,C1735,2,Hub B,23,22.0
ORD04236,C1736,3,Hub B,30,22.0
ORD04237,C1737,1,Hub B,37,22.0
ORD04238,C1738,2,Hub B,44,22.0
ORD04239,C1739,3,Hub B,51,22.0
ORD04240,C1740,1,Hub B,58,22.0
ORD04241,C1741,2,Hub B,65,22.0
ORD04242,C1742,3,Hub B,72,22.0
ORD04243,C1743,1,Hub B,19,22.0
ORD04244,C1744,2,Hub B,26,22.0
ORD04245,C1745,3,Hub B,33,22.0
ORD04246,C1746,1,Hub B,40,22.0
ORD04247,C1747,2,Hub B,47,22.0
ORD04248,C1748,3,Hub B,54,22.0
ORD04249,C1749,1,Hub B,61,22.0
ORD04250,C1750,2,Hub B,68,22.0
ORD04251,C1751,3,Hub B,75,22.0
ORD04252,C1752,1,Hub B,22,22.0
ORD04253,C1753,2,Hub B,29,22.0
ORD04254,C1754,3,Hub B,36,22.0
ORD04255,C1755,1,Hub B,43,22.0
ORD04256,C1756,2,Hub B,50,22.0
ORD04257,C1757,3,Hub B,57,22.0
ORD04258,C1758,1,Hub B,64,22.0
ORD04259,C1759,2,Hub B,71,22.0
ORD04260,C1760,3,Hub B,18,22.0
ORD04261,C1761,1,Hub B,25,22.0
ORD04262,C1762,2,Hub B,32,22.0
ORD04263,C1763,3,Hub B,39,22.0
ORD04264,C1764,1,Hub B,46,22.0
ORD04265,C1765,2,Hub B,53,22.0
ORD04266,C1766,3,Hub B,60,22.0
ORD04267,C1767,1,Hub B,67,22.0
ORD04268,C1768,2,Hub B,74,22.0
ORD04269,C1769,3,Hub B,21,22.0
ORD04270,C1770,1,Hub B,28,22.0
ORD04271,C1771,2,Hub B,35,22.0
ORD04272,C1772,3,Hub B,42,22.0
ORD04273,C1773,1,Hub B,49,22.0
ORD04274,C1774,2,Hub B,56,22.0
ORD04275,C1775,3,Hub B,63,22.0
ORD04276,C1776,1,Hub B,70,22.0
ORD04277,C1777,2,Hub B,77,22.0
ORD04278,C1778,3,Hub B,24,22.0
ORD04279,C1779,1,Hub B,31,22.0
ORD04280,C1780,2,Hub B,38,22.0
ORD04281,C1781,3,Hub B,45,22.0
ORD04282,C1782,1,Hub B,52,22.0
ORD04283,C1783,2,Hub B,59,22.0
ORD04284,C1784,3,Hub B,66,22.0
ORD04285,C1785,1,Hub B,73,22.0
ORD04286,C1786,2,Hub B,20,22.0
ORD04287,C1787,3,Hub B,27,22.0
ORD04288,C1788,1,Hub B,34,22.0
ORD04289,C1789,2,Hub B,41,22.0
ORD04290,C1790,3,Hub B,48,22.0
ORD04291,C1791,1,Hub B,55,22.0
ORD04292,C1792,2,Hub B,62,22.0
ORD04293,C1793,3,Hub B,69,22.0
ORD04294,C1794,1,Hub B,76,22.0
ORD04295,C1795,2,Hub B,23,22.0
ORD04296,C1796,3,Hub B,30,22.0
ORD04297,C1797,1,Hub B,37,22.0
ORD04298,C1798,2,Hub B,44,22.0
ORD04299,C1799,3,Hub B,51,22.0
ORD04300,C1800,1,Hub B,58,22.0
ORD04301,C1801,2,Hub B,65,22.0
ORD04302,C1802,3,Hub B,72,22.0
ORD04303,C1803,1,Hub B,19,22.0
ORD04304,C1804,2,Hub B,26,22.0
ORD04305,C1805,3,Hub B,33,22.0
ORD04306,C1806,1,Hub B,40,22.0
ORD04307,C1807,2,Hub B,47,22.0
ORD04308,C1808,3,Hub B,54,22.0
ORD04309,C1809,1,Hub B,61,22.0
ORD04310,C1810,2,Hub B,68,22.0
ORD04311,C1811,3,Hub B,75,22.0
ORD04312,C1812,1,Hub B,22,22.0
ORD04313,C1813,2,Hub B,29,22.0
ORD04314,C1814,3,Hub B,36,22.0
ORD04315,C1815,1,Hub B,43,22.0
ORD04316,C1816,2,Hub B,50,22.0
ORD04317,C1817,3,Hub B,57,22.0
ORD04318,C1818,1,Hub B,64,22.0
ORD04319,C1819,2,Hub B,71,22.0
ORD04320,C1820,3,Hub B,18,22.0
ORD04321,C1821,1,Hub B,25,22.0
ORD04322,C1822,2,Hub B,32,22.0
ORD04323,C1823,3,Hub B,39,22.0
ORD04324,C1824,1,Hub B,46,22.0
ORD04325,C1825,2,Hub B,53,22.0
ORD04326,C1826,3,Hub B,60,22.0
ORD04327,C1827,1,Hub B,67,22.0
ORD04328,C1828,2,Hub B,74,22.0
ORD04329,C1829,3,Hub B,21,22.0
ORD04330,C1830,1,Hub B,28,22.0
ORD04331,C1831,2,Hub B,35,22.0
ORD04332,C1832,3,Hub B,42,22.0
ORD04333,C1833,1,Hub B,49,22.0
ORD04334,C1834,2,Hub B,56,22.0
ORD04335,C1835,3,Hub B,63,22.0
ORD04336,C1836,1,Hub B,70,22.0
ORD04337,C1837,2,Hub B,77,22.0
ORD04338,C1838,3,Hub B,24,22.0
ORD04339,C1839,1,Hub B,31,22.0
ORD04340,C1840,2,Hub B,38,22.0
ORD04341,C1841,3,Hub B,45,22.0
ORD04342,C1842,1,Hub B,52,22.0
ORD04343,C1843,2,Hub B,59,22.0
ORD04344,C1844,3,Hub B,66,22.0
ORD04345,C1845,1,Hub B,73,22.0
ORD04346,C1846,2,Hub B,20,22.0
ORD04347,C1847,3,Hub B,27,22.0
ORD04348,C1848,1,Hub B,34,22.0
ORD04349,C1849,2,Hub B,41,22.0
ORD04350,C1850,3,Hub B,48,22.0
ORD04351,C1851,1,Hub B,55,22.0
ORD04352,C1852,2,Hub B,62,22.0
ORD04353,C1853,3,Hub B,69,22.0
ORD04354,C1854,1,Hub B,76,22.0
ORD04355,C1855,2,Hub B,23,22.0
ORD04356,C1856,3,Hub B,30,22.0
ORD04357,C1857,1,Hub B,37,22.0
ORD04358,C1858,2,Hub B,44,22.0
ORD04359,C1859,3,Hub B,51,22.0
ORD04360,C1860,1,Hub B,58,22.0
ORD04361,C1861,2,Hub B,65,22.0
ORD04362,C1862,3,Hub B,72,22.0
ORD04363,C1863,1,Hub B,19,22.0
ORD04364,C1864,2,Hub B,26,22.0
ORD04365,C1865,3,Hub B,33,22.0
ORD04366,C1866,1,Hub B,40,22.0
ORD04367,C1867,2,Hub B,47,22.0
ORD04368,C1868,3,Hub B,54,22.0
ORD04369,C1869,1,Hub B,61,22.0
ORD04370,C1870,2,Hub B,68,22.0
ORD04371,C1871,3,Hub B,75,22.0
ORD04372,C1872,1,Hub B,22,22.0
ORD04373,C1873,2,Hub B,29,22.0
ORD04374,C1874,3,Hub B,36,22.0
ORD04375,C1875,1,Hub B,43,22.0
ORD04376,C1876,2,Hub B,50,22.0
ORD04377,C1877,3,Hub B,57,22.0
ORD04378,C1878,1,Hub B,64,22.0
ORD04379,C1879,2,Hub B,71,22.0
ORD04380,C1880,3,Hub B,18,22.0
ORD04381,C1881,1,Hub B,25,22.0
ORD04382,C1882,2,Hub B,32,22.0
ORD04383,C1883,3,Hub B,39,22.0
ORD04384,C1884,1,Hub B,46,22.0
ORD04385,C1885,2,Hub B,53,22.0
ORD04386,C1886,3,Hub B,60,22.0
ORD04387,C1887,1,Hub B,67,22.0
ORD04388,C1888,2,Hub B,74,22.0
ORD04389,C1889,3,Hub B,21,22.0
ORD04390,C1890,1,Hub B,28,22.0
ORD04391,C1891,2,Hub B,35,22.0
ORD04392,C1892,3,Hub B,42,22.0
ORD04393,C1893,1,Hub B,49,22.0
ORD04394,C1894,2,Hub B,56,22.0
ORD04395,C1895,3,Hub B,63,22.0
ORD04396,C1896,1,Hub B,70,22.0
ORD04397,C1897,2,Hub B,77,22.0
ORD04398,C1898,3,Hub B,24,22.0
ORD04399,C1899,1,Hub B,31,22.0
ORD04400,C1900,2,Hub B,38,22.0
ORD04401,C1901,3,Hub B,45,22.0
ORD04402,C1902,1,Hub B,52,22.0
ORD04403,C1903,2,Hub B,59,22.0
ORD04404,C1904,3,Hub B,66,22.0
ORD04405,C1905,1,Hub B,73,22.0
ORD04406,C1906,2,Hub B,20,22.0
ORD04407,C1907,3,Hub B,27,22.0
ORD04408,C1908,1,Hub B,34,22.0
ORD04409,C1909,2,Hub B,41,22.0
ORD04410,C1910,3,Hub B,48,22.0
ORD04411,C1911,1,Hub B,55,22.0
ORD04412,C1912,2,Hub B,62,22.0
ORD04413,C1913,3,Hub B,69,22.0
ORD04414,C1914,1,Hub B,76,22.0
ORD04415,C1915,2,Hub B,23,22.0
ORD04416,C1916,3,Hub B,30,22.0
ORD04417,C1917,1,Hub B,37,22.0
ORD04418,C1918,2,Hub B,44,22.0
ORD04419,C1919,3,Hub B,51,22.0
ORD04420,C1920,1,Hub B,58,22.0
ORD04421,C1921,2,Hub B,65,22.0
ORD04422,C1922,3,Hub B,72,22.0
ORD04423,C1923,1,Hub B,19,22.0
ORD04424,C1924,2,Hub B,26,22.0
ORD04425,C1925,3,Hub B,33,22.0
ORD04426,C1926,1,Hub B,40,22.0
ORD04427,C1927,2,Hub B,47,22.0
ORD04428,C1928,3,Hub B,54,22.0
ORD04429,C1929,1,Hub B,61,22.0
ORD04430,C1930,2,Hub B,68,22.0
ORD04431,C1931,3,Hub B,75,22.0
ORD04432,C1932,1,Hub B,22,22.0
ORD04433,C1933,2,Hub B,29,22.0
ORD04434,C1934,3,Hub B,36,22.0
ORD04435,C1935,1,Hub B,43,22.0
ORD04436,C1936,2,Hub B,50,22.0
ORD04437,C1937,3,Hub B,57,22.0
ORD04438,C1938,1,Hub B,64,22.0
ORD04439,C1939,2,Hub B,71,22.0
ORD04440,C1940,3,Hub B,18,22.0
ORD04441,C1941,1,Hub B,25,22.0
ORD04442,C1942,2,Hub B,32,22.0
ORD04443,C1943,3,Hub B,39,22.0
ORD04444,C1944,1,Hub B,46,22.0
ORD04445,C1945,2,Hub B,53,22.0
ORD04446,C1946,3,Hub B,60,22.0
ORD04447,C1947,1,Hub B,67,22.0
ORD04448,C1948,2,Hub B,74,22.0
ORD04449,C1949,3,Hub B,21,22.0
ORD04450,C1950,1,Hub B,28,22.0
ORD04451,C1951,2,Hub B,35,22.0
ORD04452,C1952,3,Hub B,42,22.0
ORD04453,C1953,1,Hub B,49,22.0
ORD04454,C1954,2,Hub B,56,22.0
ORD04455,C1955,3,Hub B,63,22.0
ORD04456,C1956,1,Hub B,70,22.0
ORD04457,C1957,2,Hub B,77,22.0
ORD04458,C1958,3,Hub B,24,22.0
ORD04459,C1959,1,Hub B,31,22.0
ORD04460,C1960,2,Hub B,38,22.0
ORD04461,C1961,3,Hub B,45,22.0
ORD04462,C1962,1,Hub B,52,22.0
ORD04463,C1963,2,Hub B,59,22.0
ORD04464,C1964,3,Hub B,66,22.0
ORD04465,C1965,1,Hub B,73,22.0
ORD04466,C1966,2,Hub B,20,22.0
ORD04467,C1967,3,Hub B,27,22.0
ORD04468,C1968,1,Hub B,34,22.0
ORD04469,C1969,2,Hub B,41,22.0
ORD04470,C1970,3,Hub B,48,22.0
ORD04471,C1971,1,Hub B,55,22.0
ORD04472,C1972,2,Hub B,62,22.0
ORD04473,C1973,3,Hub B,69,22.0
ORD04474,C1974,1,Hub B,76,22.0
ORD04475,C1975,2,Hub B,23,22.0
ORD04476,C1976,3,Hub B,30,22.0
ORD04477,C1977,1,Hub B,37,22.0
ORD04478,C1978,2,Hub B,44,22.0
ORD04479,C1979,3,Hub B,51,22.0
ORD04480,C1980,1,Hub B,58,22.0
ORD04481,C1981,2,Hub B,65,22.0
ORD04482,C1982,3,Hub B,72,22.0
ORD04483,C1983,1,Hub B,19,22.0
ORD04484,C1984,2,Hub B,26,22.0
ORD04485,C1985,3,Hub B,33,22.0
ORD04486,C1986,1,Hub B,40,22.0
ORD04487,C1987,2,Hub B,47,22.0
ORD04488,C1988,3,Hub B,54,22.0
ORD04489,C1989,1,Hub B,61,22.0
ORD04490,C1990,2,Hub B,68,22.0
ORD04491,C1991,3,Hub B,75,22.0
ORD04492,C1992,1,Hub B,22,22.0
ORD04493,C1993,2,Hub B,29,22.0
ORD04494,C1994,3,Hub B,36,22.0
ORD04495,C1995,1,Hub B,43,22.0
ORD04496,C1996,2,Hub B,50,22.0
ORD04497,C1997,3,Hub B,57,22.0
ORD04498,C1998,1,Hub B,64,22.0
ORD04499,C1999,2,Hub B,71,22.0
ORD04500,C2000,3,Hub B,18,22.0
ORD04501,C2001,1,Hub B,25,22.0
ORD04502,C2002,2,Hub B,32,22.0
ORD04503,C2003,3,Hub B,39,22.0
ORD04504,C2004,1,Hub B,46,22.0
ORD04505,C2005,2,Hub B,53,22.0
ORD04506,C2006,3,Hub B,60,22.0
ORD04507,C2007,1,Hub B,67,22.0
ORD04508,C2008,2,Hub B,74,22.0
ORD04509,C2009,3,Hub B,21,22.0
ORD04510,C2010,1,Hub B,28,22.0
ORD04511,C2011,2,Hub B,35,22.0
ORD04512,C2012,3,Hub B,42,22.0
ORD04513,C2013,1,Hub B,49,22.0
ORD04514,C2014,2,Hub B,56,22.0
ORD04515,C2015,3,Hub B,63,22.0
ORD04516,C2016,1,Hub B,70,22.0
ORD04517,C2017,2,Hub B,77,22.0
ORD04518,C2018,3,Hub B,24,22.0
ORD04519,C2019,1,Hub B,31,22.0
ORD04520,C2020,2,Hub B,38,22.0
ORD04521,C2021,3,Hub B,45,22.0
ORD04522,C2022,1,Hub B,52,22.0
ORD04523,C2023,2,Hub B,59,22.0
ORD04524,C2024,3,Hub B,66,22.0
ORD04525,C2025,1,Hub B,73,22.0
ORD04526,C2026,2,Hub B,20,22.0
ORD04527,C2027,3,Hub B,27,22.0
ORD04528,C2028,1,Hub B,34,22.0
ORD04529,C2029,2,Hub B,41,22.0
ORD04530,C2030,3,Hub B,48,22.0
ORD04531,C2031,1,Hub B,55,22.0
ORD04532,C2032,2,Hub B,62,22.0
ORD04533,C2033,3,Hub B,69,22.0
ORD04534,C2034,1,Hub B,76,22.0
ORD04535,C2035,2,Hub B,23,22.0
ORD04536,C2036,3,Hub B,30,22.0
ORD04537,C2037,1,Hub B,37,22.0
ORD04538,C2038,2,Hub B,44,22.0
ORD04539,C2039,3,Hub B,51,22.0
ORD04540,C2040,1,Hub B,58,22.0
ORD04541,C2041,2,Hub B,65,22.0
ORD04542,C2042,3,Hub B,72,22.0
ORD04543,C2043,1,Hub B,19,22.0
ORD04544,C2044,2,Hub B,26,22.0
ORD04545,C2045,3,Hub B,33,22.0
ORD04546,C2046,1,Hub B,40,22.0
ORD04547,C2047,2,Hub B,47,22.0
ORD04548,C2048,3,Hub B,54,22.0
ORD04549,C2049,1,Hub B,61,22.0
ORD04550,C2050,2,Hub B,68,22.0
ORD04551,C2051,3,Hub B,75,22.0
ORD04552,C2052,1,Hub B,22,22.0
ORD04553,C2053,2,Hub B,29,22.0
ORD04554,C2054,3,Hub B,36,22.0
ORD04555,C2055,1,Hub B,43,22.0
ORD04556,C2056,2,Hub B,50,22.0
ORD04557,C2057,3,Hub B,57,22.0
ORD04558,C2058,1,Hub B,64,22.0
ORD04559,C2059,2,Hub B,71,22.0
ORD04560,C2060,3,Hub B,18,22.0
ORD04561,C2061,1,Hub B,25,22.0
ORD04562,C2062,2,Hub B,32,22.0
ORD04563,C2063,3,Hub B,39,22.0
ORD04564,C2064,1,Hub B,46,22.0
ORD04565,C2065,2,Hub B,53,22.0
ORD04566,C2066,3,Hub B,60,22.0
ORD04567,C2067,1,Hub B,67,22.0
ORD04568,C2068,2,Hub B,74,22.0
ORD04569,C2069,3,Hub B,21,22.0
ORD04570,C2070,1,Hub B,28,22.0
ORD04571,C2071,2,Hub B,35,22.0
ORD04572,C2072,3,Hub B,42,22.0
ORD04573,C2073,1,Hub B,49,22.0
ORD04574,C2074,2,Hub B,56,22.0
ORD04575,C2075,3,Hub B,63,22.0
ORD04576,C2076,1,Hub B,70,22.0
ORD04577,C2077,2,Hub B,77,22.0
ORD04578,C2078,3,Hub B,24,22.0
ORD04579,C2079,1,Hub B,31,22.0
ORD04580,C2080,2,Hub B,38,22.0
ORD04581,C2081,3,Hub B,45,22.0
ORD04582,C2082,1,Hub B,52,22.0
ORD04583,C2083,2,Hub B,59,22.0
ORD04584,C2084,3,Hub B,66,22.0
ORD04585,C2085,1,Hub B,73,22.0
ORD04586,C2086,2,Hub B,20,22.0
ORD04587,C2087,3,Hub B,27,22.0
ORD04588,C2088,1,Hub B,34,22.0
ORD04589,C2089,2,Hub B,41,22.0
ORD04590,C2090,3,Hub B,48,22.0
ORD04591,C2091,1,Hub B,55,22.0
ORD04592,C2092,2,Hub B,62,22.0
ORD04593,C2093,3,Hub B,69,22.0
ORD04594,C2094,1,Hub B,76,22.0
ORD04595,C2095,2,Hub B,23,22.0
ORD04596,C2096,3,Hub B,30,22.0
ORD04597,C2097,1,Hub B,37,22.0
ORD04598,C2098,2,Hub B,44,22.0
ORD04599,C2099,3,Hub B,51,22.0
ORD04600,C2100,1,Hub B,58,22.0
ORD04601,C2101,2,Hub B,65,22.0
ORD04602,C2102,3,Hub B,72,22.0
ORD04603,C2103,1,Hub B,19,22.0
ORD04604,C2104,2,Hub B,26,22.0
ORD04605,C2105,3,Hub B,33,22.0
ORD04606,C2106,1,Hub B,40,22.0
ORD04607,C2107,2,Hub B,47,22.0
ORD04608,C2108,3,Hub B,54,22.0
ORD04609,C2109,1,Hub B,61,22.0
ORD04610,C2110,2,Hub B,68,22.0
ORD04611,C2111,3,Hub B,75,22.0
ORD04612,C2112,1,Hub B,22,22.0
ORD04613,C2113,2,Hub B,29,22.0
ORD04614,C2114,3,Hub B,36,22.0
ORD04615,C2115,1,Hub B,43,22.0
ORD04616,C2116,2,Hub B,50,22.0
ORD04617,C2117,3,Hub B,57,22.0
ORD04618,C2118,1,Hub B,64,22.0
ORD04619,C2119,2,Hub B,71,22.0
ORD04620,C2120,3,Hub B,18,22.0
ORD04621,C2121,1,Hub B,25,22.0
ORD04622,C2122,2,Hub B,32,22.0
ORD04623,C2123,3,Hub B,39,22.0
ORD04624,C2124,1,Hub B,46,22.0
ORD04625,C2125,2,Hub B,53,22.0
ORD04626,C2126,3,Hub B,60,22.0
ORD04627,C2127,1,Hub B,67,22.0
ORD04628,C2128,2,Hub B,74,22.0
ORD04629,C2129,3,Hub B,21,22.0
ORD04630,C2130,1,Hub B,28,22.0
ORD04631,C2131,2,Hub B,35,22.0
ORD04632,C2132,3,Hub B,42,22.0
ORD04633,C2133,1,Hub B,49,22.0
ORD04634,C2134,2,Hub B,56,22.0
ORD04635,C2135,3,Hub B,63,22.0
ORD04636,C2136,1,Hub B,70,22.0
ORD04637,C2137,2,Hub B,77,22.0
ORD04638,C2138,3,Hub B,24,22.0
ORD04639,C2139,1,Hub B,31,22.0
ORD04640,C2140,2,Hub B,38,22.0
ORD04641,C2141,3,Hub B,45,22.0
ORD04642,C2142,1,Hub B,52,22.0
ORD04643,C2143,2,Hub B,59,22.0
ORD04644,C2144,3,Hub B,66,22.0
ORD04645,C2145,1,Hub B,73,22.0
ORD04646,C2146,2,Hub B,20,22.0
ORD04647,C2147,3,Hub B,27,22.0
ORD04648,C2148,1,Hub B,34,22.0
ORD04649,C2149,2,Hub B,41,22.0
ORD04650,C2150,3,Hub B,48,22.0
ORD04651,C2151,1,Hub B,55,22.0
ORD04652,C2152,2,Hub B,62,22.0
ORD04653,C2153,3,Hub B,69,22.0
ORD04654,C2154,1,Hub B,76,22.0
ORD04655,C2155,2,Hub B,23,22.0
ORD04656,C2156,3,Hub B,30,22.0
ORD04657,C2157,1,Hub B,37,22.0
ORD04658,C2158,2,Hub B,44,22.0
ORD04659,C2159,3,Hub B,51,22.0
ORD04660,C2160,1,Hub B,58,22.0
ORD04661,C2161,2,Hub B,65,22.0
ORD04662,C2162,3,Hub B,72,22.0
ORD04663,C2163,1,Hub B,19,22.0
ORD04664,C2164,2,Hub B,26,22.0
ORD04665,C2165,3,Hub B,33,22.0
ORD04666,C2166,1,Hub B,40,22.0
ORD04667,C2167,2,Hub B,47,22.0
ORD04668,C2168,3,Hub B,54,22.0
ORD04669,C2169,1,Hub B,61,22.0
ORD04670,C2170,2,Hub B,68,22.0
ORD04671,C2171,3,Hub B,75,22.0
ORD04672,C2172,1,Hub B,22,22.0
ORD04673,C2173,2,Hub B,29,22.0
ORD04674,C2174,3,Hub B,36,22.0
ORD04675,C2175,1,Hub B,43,22.0
ORD04676,C2176,2,Hub B,50,22.0
ORD04677,C2177,3,Hub B,57,22.0
ORD04678,C2178,1,Hub B,64,22.0
ORD04679,C2179,2,Hub B,71,22.0
ORD04680,C2180,3,Hub B,18,22.0
ORD04681,C2181,1,Hub B,25,22.0
ORD04682,C2182,2,Hub B,32,22.0
ORD04683,C2183,3,Hub B,39,22.0
ORD04684,C2184,1,Hub B,46,22.0
ORD04685,C2185,2,Hub B,53,22.0
ORD04686,C2186,3,Hub B,60,22.0
ORD04687,C2187,1,Hub B,67,22.0
ORD04688,C2188,2,Hub B,74,22.0
ORD04689,C2189,3,Hub B,21,22.0
ORD04690,C2190,1,Hub B,28,22.0
ORD04691,C2191,2,Hub B,35,22.0
ORD04692,C2192,3,Hub B,42,22.0
ORD04693,C2193,1,Hub B,49,22.0
ORD04694,C2194,2,Hub B,56,22.0
ORD04695,C2195,3,Hub B,63,22.0
ORD04696,C2196,1,Hub B,70,22.0
ORD04697,C2197,2,Hub B,77,22.0
ORD04698,C2198,3,Hub B,24,22.0
ORD04699,C2199,1,Hub B,31,22.0
ORD04700,C2200,2,Hub B,38,22.0
ORD04701,C2201,3,Hub B,45,22.0
ORD04702,C2202,1,Hub B,52,22.0
ORD04703,C2203,2,Hub B,59,22.0
ORD04704,C2204,3,Hub B,66,22.0
ORD04705,C2205,1,Hub B,73,22.0
ORD04706,C2206,2,Hub B,20,22.0
ORD04707,C2207,3,Hub B,27,22.0
ORD04708,C2208,1,Hub B,34,22.0
ORD04709,C2209,2,Hub B,41,22.0
ORD04710,C2210,3,Hub B,48,22.0
ORD04711,C2211,1,Hub B,55,22.0
ORD04712,C2212,2,Hub B,62,22.0
ORD04713,C2213,3,Hub B,69,22.0
ORD04714,C2214,1,Hub B,76,22.0
ORD04715,C2215,2,Hub B,23,22.0
ORD04716,C2216,3,Hub B,30,22.0
ORD04717,C2217,1,Hub B,37,22.0
ORD04718,C2218,2,Hub B,44,22.0
ORD04719,C2219,3,Hub B,51,22.0
ORD04720,C2220,1,Hub B,58,22.0
ORD04721,C2221,2,Hub B,65,22.0
ORD04722,C2222,3,Hub B,72,22.0
ORD04723,C2223,1,Hub B,19,22.0
ORD04724,C2224,2,Hub B,26,22.0
ORD04725,C2225,3,Hub B,33,22.0
ORD04726,C2226,1,Hub B,40,22.0
ORD04727,C2227,2,Hub B,47,22.0
ORD04728,C2228,3,Hub B,54,22.0
ORD04729,C2229,1,Hub B,61,22.0
ORD04730,C2230,2,Hub B,68,22.0
ORD04731,C2231,3,Hub B,75,22.0
ORD04732,C2232,1,Hub B,22,22.0
ORD04733,C2233,2,Hub B,29,22.0
ORD04734,C2234,3,Hub B,36,22.0
ORD04735,C2235,1,Hub B,43,22.0
ORD04736,C2236,2,Hub B,50,22.0
ORD04737,C2237,3,Hub B,57,22.0
ORD04738,C2238,1,Hub B,64,22.0
ORD04739,C2239,2,Hub B,71,22.0
ORD04740,C2240,3,Hub B,18,22.0
ORD04741,C2241,1,Hub B,25,22.0
ORD04742,C2242,2,Hub B,32,22.0
ORD04743,C2243,3,Hub B,39,22.0
ORD04744,C2244,1,Hub B,46,22.0
ORD04745,C2245,2,Hub B,53,22.0
ORD04746,C2246,3,Hub B,60,22.0
ORD04747,C2247,1,Hub B,67,22.0
ORD04748,C2248,2,Hub B,74,22.0
ORD04749,C2249,3,Hub B,21,22.0
ORD04750,C2250,1,Hub B,28,22.0
ORD04751,C2251,2,Hub B,35,22.0
ORD04752,C2252,3,Hub B,42,22.0
ORD04753,C2253,1,Hub B,49,22.0
ORD04754,C2254,2,Hub B,56,22.0
ORD04755,C2255,3,Hub B,63,22.0
ORD04756,C2256,1,Hub B,70,22.0
ORD04757,C2257,2,Hub B,77,22.0
ORD04758,C2258,3,Hub B,24,22.0
ORD04759,C2259,1,Hub B,31,22.0
ORD04760,C2260,2,Hub B,38,22.0
ORD04761,C2261,3,Hub B,45,22.0
ORD04762,C2262,1,Hub B,52,22.0
ORD04763,C2263,2,Hub B,59,22.0
ORD04764,C2264,3,Hub B,66,22.0
ORD04765,C2265,1,Hub B,73,22.0
ORD04766,C2266,2,Hub B,20,22.0
ORD04767,C2267,3,Hub B,27,22.0
ORD04768,C2268,1,Hub B,34,22.0
ORD04769,C2269,2,Hub B,41,22.0
ORD04770,C2270,3,Hub B,48,22.0
ORD04771,C2271,1,Hub B,55,22.0
ORD04772,C2272,2,Hub B,62,22.0
ORD04773,C2273,3,Hub B,69,22.0
ORD04774,C2274,1,Hub B,76,22.0
ORD04775,C2275,2,Hub B,23,22.0
ORD04776,C2276,3,Hub B,30,22.0
ORD04777,C2277,1,Hub B,37,22.0
ORD04778,C2278,2,Hub B,44,22.0
ORD04779,C2279,3,Hub B,51,22.0
ORD04780,C2280,1,Hub B,58,22.0
ORD04781,C2281,2,Hub B,65,22.0
ORD04782,C2282,3,Hub B,72,22.0
ORD04783,C2283,1,Hub B,19,22.0
ORD04784,C2284,2,Hub B,26,22.0
ORD04785,C2285,3,Hub B,33,22.0
ORD04786,C2286,1,Hub B,40,22.0
ORD04787,C2287,2,Hub B,47,22.0
ORD04788,C2288,3,Hub B,54,22.0
ORD04789,C2289,1,Hub B,61,22.0
ORD04790,C2290,2,Hub B,68,22.0
ORD04791,C2291,3,Hub B,75,22.0
ORD04792,C2292,1,Hub B,22,22.0
ORD04793,C2293,2,Hub B,29,22.0
ORD04794,C2294,3,Hub B,36,22.0
ORD04795,C2295,1,Hub B,43,22.0
ORD04796,C2296,2,Hub B,50,22.0
ORD04797,C2297,3,Hub B,57,22.0
ORD04798,C2298,1,Hub B,64,22.0
ORD04799,C2299,2,Hub B,71,22.0
ORD04800,C2300,3,Hub B,18,22.0
ORD04801,C2301,1,Hub B,25,22.0
ORD04802,C2302,2,Hub B,32,22.0
ORD04803,C2303,3,Hub B,39,22.0
ORD04804,C2304,1,Hub B,46,22.0
ORD04805,C2305,2,Hub B,53,22.0
ORD04806,C2306,3,Hub B,60,22.0
ORD04807,C2307,1,Hub B,67,22.0
ORD04808,C2308,2,Hub B,74,22.0
ORD04809,C2309,3,Hub B,21,22.0
ORD04810,C2310,1,Hub B,28,22.0
ORD04811,C2311,2,Hub B,35,22.0
ORD04812,C2312,3,Hub B,42,22.0
ORD04813,C2313,1,Hub B,49,22.0
ORD04814,C2314,2,Hub B,56,22.0
ORD04815,C2315,3,Hub B,63,22.0
ORD04816,C2316,1,Hub B,70,22.0
ORD04817,C2317,2,Hub B,77,22.0
ORD04818,C2318,3,Hub B,24,22.0
ORD04819,C2319,1,Hub B,31,22.0
ORD04820,C2320,2,Hub B,38,22.0
ORD04821,C2321,3,Hub B,45,22.0
ORD04822,C2322,1,Hub B,52,22.0
ORD04823,C2323,2,Hub B,59,22.0
ORD04824,C2324,3,Hub B,66,22.0
ORD04825,C2325,1,Hub B,73,22.0
ORD04826,C2326,2,Hub B,20,22.0
ORD04827,C2327,3,Hub B,27,22.0
ORD04828,C2328,1,Hub B,34,22.0
ORD04829,C2329,2,Hub B,41,22.0
ORD04830,C2330,3,Hub B,48,22.0
ORD04831,C2331,1,Hub B,55,22.0
ORD04832,C2332,2,Hub B,62,22.0
ORD04833,C2333,3,Hub B,69,22.0
ORD04834,C2334,1,Hub B,76,22.0
ORD04835,C2335,2,Hub B,23,22.0
ORD04836,C2336,3,Hub B,30,22.0
ORD04837,C2337,1,Hub B,37,22.0
ORD04838,C2338,2,Hub B,44,22.0
ORD04839,C2339,3,Hub B,51,22.0
ORD04840,C2340,1,Hub B,58,22.0
ORD04841,C2341,2,Hub B,65,22.0
ORD04842,C2342,3,Hub B,72,22.0
ORD04843,C2343,1,Hub B,19,22.0
ORD04844,C2344,2,Hub B,26,22.0
ORD04845,C2345,3,Hub B,33,22.0
ORD04846,C2346,1,Hub B,40,22.0
ORD04847,C2347,2,Hub B,47,22.0
ORD04848,C2348,3,Hub B,54,22.0
ORD04849,C2349,1,Hub B,61,22.0
ORD04850,C2350,2,Hub B,68,22.0
ORD04851,C2351,3,Hub B,75,22.0
ORD04852,C2352,1,Hub B,22,22.0
ORD04853,C2353,2,Hub B,29,22.0
ORD04854,C2354,3,Hub B,36,22.0
ORD04855,C2355,1,Hub B,43,22.0
ORD04856,C2356,2,Hub B,50,22.0
ORD04857,C2357,3,Hub B,57,22.0
ORD04858,C2358,1,Hub B,64,22.0
ORD04859,C2359,2,Hub B,71,22.0
ORD04860,C2360,3,Hub B,18,22.0
ORD04861,C2361,1,Hub B,25,22.0
ORD04862,C2362,2,Hub B,32,22.0
ORD04863,C2363,3,Hub B,39,22.0
ORD04864,C2364,1,Hub B,46,22.0
ORD04865,C2365,2,Hub B,53,22.0
ORD04866,C2366,3,Hub B,60,22.0
ORD04867,C2367,1,Hub B,67,22.0
ORD04868,C2368,2,Hub B,74,22.0
ORD04869,C2369,3,Hub B,21,22.0
ORD04870,C2370,1,Hub B,28,22.0
ORD04871,C2371,2,Hub B,35,22.0
ORD04872,C2372,3,Hub B,42,22.0
ORD04873,C2373,1,Hub B,49,22.0
ORD04874,C2374,2,Hub B,56,22.0
ORD04875,C2375,3,Hub B,63,22.0
ORD04876,C2376,1,Hub B,70,22.0
ORD04877,C2377,2,Hub B,77,22.0
ORD04878,C2378,3,Hub B,24,22.0
ORD04879,C2379,1,Hub B,31,22.0
ORD04880,C2380,2,Hub B,38,22.0
ORD04881,C2381,3,Hub B,45,22.0
ORD04882,C2382,1,Hub B,52,22.0
ORD04883,C2383,2,Hub B,59,22.0
ORD04884,C2384,3,Hub B,66,22.0
ORD04885,C2385,1,Hub B,73,22.0
ORD04886,C2386,2,Hub B,20,22.0
ORD04887,C2387,3,Hub B,27,22.0
ORD04888,C2388,1,Hub B,34,22.0
ORD04889,C2389,2,Hub B,41,22.0
ORD04890,C2390,3,Hub B,48,22.0
ORD04891,C2391,1,Hub B,55,22.0
ORD04892,C2392,2,Hub B,62,22.0
ORD04893,C2393,3,Hub B,69,22.0
ORD04894,C2394,1,Hub B,76,22.0
ORD04895,C2395,2,Hub B,23,22.0
ORD04896,C2396,3,Hub B,30,22.0
ORD04897,C2397,1,Hub B,37,22.0
ORD04898,C2398,2,Hub B,44,22.0
ORD04899,C2399,3,Hub B,51,22.0
ORD04900,C2400,1,Hub B,58,22.0
ORD04901,C2401,2,Hub B,65,22.0
ORD04902,C2402,3,Hub B,72,22.0
ORD04903,C2403,1,Hub B,19,22.0
ORD04904,C2404,2,Hub B,26,22.0
ORD04905,C2405,3,Hub B,33,22.0
ORD04906,C2406,1,Hub B,40,22.0
ORD04907,C2407,2,Hub B,47,22.0
ORD04908,C2408,3,Hub B,54,22.0
ORD04909,C2409,1,Hub B,61,22.0
ORD04910,C2410,2,Hub B,68,22.0
ORD04911,C2411,3,Hub B,75,22.0
ORD04912,C2412,1,Hub B,22,22.0
ORD04913,C2413,2,Hub B,29,22.0
ORD04914,C2414,3,Hub B,36,22.0
ORD04915,C2415,1,Hub B,43,22.0
ORD04916,C2416,2,Hub B,50,22.0
ORD04917,C2417,3,Hub B,57,22.0
ORD04918,C2418,1,Hub B,64,22.0
ORD04919,C2419,2,Hub B,71,22.0
ORD04920,C2420,3,Hub B,18,22.0
ORD04921,C2421,1,Hub B,25,22.0
ORD04922,C2422,2,Hub B,32,22.0
ORD04923,C2423,3,Hub B,39,22.0
ORD04924,C2424,1,Hub B,46,22.0
ORD04925,C2425,2,Hub B,53,22.0
ORD04926,C2426,3,Hub B,60,22.0
ORD04927,C2427,1,Hub B,67,22.0
ORD04928,C2428,2,Hub B,74,22.0
ORD04929,C2429,3,Hub B,21,22.0
ORD04930,C2430,1,Hub B,28,22.0
ORD04931,C2431,2,Hub B,35,22.0
ORD04932,C2432,3,Hub B,42,22.0
ORD04933,C2433,1,Hub B,49,22.0
ORD04934,C2434,2,Hub B,56,22.0
ORD04935,C2435,3,Hub B,63,22.0
ORD04936,C2436,1,Hub B,70,22.0
ORD04937,C2437,2,Hub B,77,22.0
ORD04938,C2438,3,Hub B,24,22.0
ORD04939,C2439,1,Hub B,31,22.0
ORD04940,C2440,2,Hub B,38,22.0
ORD04941,C2441,3,Hub B,45,22.0
ORD04942,C2442,1,Hub B,52,22.0
ORD04943,C2443,2,Hub B,59,22.0
ORD04944,C2444,3,Hub B,66,22.0
ORD04945,C2445,1,Hub B,73,22.0
ORD04946,C2446,2,Hub B,20,22.0
ORD04947,C2447,3,Hub B,27,22.0
ORD04948,C2448,1,Hub B,34,22.0
ORD04949,C2449,2,Hub B,41,22.0
ORD04950,C2450,3,Hub B,48,22.0
ORD04951,C2451,1,Hub B,55,22.0
ORD04952,C2452,2,Hub B,62,22.0
ORD04953,C2453,3,Hub B,69,22.0
ORD04954,C2454,1,Hub B,76,22.0
ORD04955,C2455,2,Hub B,23,22.0
ORD04956,C2456,3,Hub B,30,22.0
ORD04957,C2457,1,Hub B,37,22.0
ORD04958,C2458,2,Hub B,44,22.0
ORD04959,C2459,3,Hub B,51,22.0
ORD04960,C2460,1,Hub B,58,22.0
ORD04961,C2461,2,Hub B,65,22.0
ORD04962,C2462,3,Hub B,72,22.0
ORD04963,C2463,1,Hub B,19,22.0
ORD04964,C2464,2,Hub B,26,22.0
ORD04965,C2465,3,Hub B,33,22.0
ORD04966,C2466,1,Hub B,40,22.0
ORD04967,C2467,2,Hub B,47,22.0
ORD04968,C2468,3,Hub B,54,22.0
ORD04969,C2469,1,Hub B,61,22.0
ORD04970,C2470,2,Hub B,68,22.0
ORD04971,C2471,3,Hub B,75,22.0
ORD04972,C2472,1,Hub B,22,22.0
ORD04973,C2473,2,Hub B,29,22.0
ORD04974,C2474,3,Hub B,36,22.0
ORD04975,C2475,1,Hub B,43,22.0
ORD04976,C2476,2,Hub B,50,22.0
ORD04977,C2477,3,Hub B,57,22.0
ORD04978,C2478,1,Hub B,64,22.0
ORD04979,C2479,2,Hub B,71,22.0
ORD04980,C2480,3,Hub B,18,22.0
ORD04981,C2481,1,Hub B,25,22.0
ORD04982,C2482,2,Hub B,32,22.0
ORD04983,C2483,3,Hub B,39,22.0
ORD04984,C2484,1,Hub B,46,22.0
ORD04985,C2485,2,Hub B,53,22.0
ORD04986,C2486,3,Hub B,60,22.0
ORD04987,C2487,1,Hub B,67,22.0
ORD04988,C2488,2,Hub B,74,22.0
ORD04989,C2489,3,Hub B,21,22.0
ORD04990,C2490,1,Hub B,28,22.0
ORD04991,C2491,2,Hub B,35,22.0
ORD04992,C2492,3,Hub B,42,22.0
ORD04993,C2493,1,Hub B,49,22.0
ORD04994,C2494,2,Hub B,56,22.0
ORD04995,C2495,3,Hub B,63,22.0
ORD04996,C2496,1,Hub B,70,22.0
ORD04997,C2497,2,Hub B,77,22.0
ORD04998,C2498,3,Hub B,24,22.0
ORD04999,C2499,1,Hub B,31,22.0
ORD05000,C2500,2,Hub B,38,22.0
ORD05001,C0001,3,Hub B,45,22.0
ORD05002,C0002,1,Hub B,52,22.0
ORD05003,C0003,2,Hub B,59,22.0
ORD05004,C0004,3,Hub B,66,22.0
ORD05005,C0005,1,Hub B,73,22.0
ORD05006,C0006,2,Hub B,20,22.0
ORD05007,C0007,3,Hub B,27,22.0
ORD05008,C0008,1,Hub B,34,22.0
ORD05009,C0009,2,Hub B,41,22.0
ORD05010,C0010,3,Hub B,48,22.0
ORD05011,C0011,1,Hub B,55,22.0
ORD05012,C0012,2,Hub B,62,22.0
ORD05013,C0013,3,Hub B,69,22.0
ORD05014,C0014,1,Hub B,76,22.0
ORD05015,C0015,2,Hub B,23,22.0
ORD05016,C0016,3,Hub B,30,22.0
ORD05017,C0017,1,Hub B,37,22.0
ORD05018,C0018,2,Hub B,44,22.0
ORD05019,C0019,3,Hub B,51,22.0
ORD05020,C0020,1,Hub B,58,22.0
ORD05021,C0021,2,Hub B,65,22.0
ORD05022,C0022,3,Hub B,72,22.0
ORD05023,C0023,1,Hub B,19,22.0
ORD05024,C0024,2,Hub B,26,22.0
ORD05025,C0025,3,Hub B,33,22.0
ORD05026,C0026,1,Hub B,40,22.0
ORD05027,C0027,2,Hub B,47,22.0
ORD05028,C0028,3,Hub B,54,22.0
ORD05029,C0029,1,Hub B,61,22.0
ORD05030,C0030,2,Hub B,68,22.0
ORD05031,C0031,3,Hub B,75,22.0
ORD05032,C0032,1,Hub B,22,22.0
ORD05033,C0033,2,Hub B,29,22.0
ORD05034,C0034,3,Hub B,36,22.0
ORD05035,C0035,1,Hub B,43,22.0
ORD05036,C0036,2,Hub B,50,22.0
ORD05037,C0037,3,Hub B,57,22.0
ORD05038,C0038,1,Hub B,64,22.0
ORD05039,C0039,2,Hub B,71,22.0
ORD05040,C0040,3,Hub B,18,22.0
ORD05041,C0041,1,Hub B,25,22.0
ORD05042,C0042,2,Hub B,32,22.0
ORD05043,C0043,3,Hub B,39,22.0
ORD05044,C0044,1,Hub B,46,22.0
ORD05045,C0045,2,Hub B,53,22.0
ORD05046,C0046,3,Hub B,60,22.0
ORD05047,C0047,1,Hub B,67,22.0
ORD05048,C0048,2,Hub B,74,22.0
ORD05049,C0049,3,Hub B,21,22.0
ORD05050,C0050,1,Hub B,28,22.0
ORD05051,C0051,2,Hub B,35,22.0
ORD05052,C0052,3,Hub B,42,22.0
ORD05053,C0053,1,Hub B,49,22.0
ORD05054,C0054,2,Hub B,56,22.0
ORD05055,C0055,3,Hub B,63,22.0
ORD05056,C0056,1,Hub B,70,22.0
ORD05057,C0057,2,Hub B,77,22.0
ORD05058,C0058,3,Hub B,24,22.0
ORD05059,C0059,1,Hub B,31,22.0
ORD05060,C0060,2,Hub B,38,22.0
ORD05061,C0061,3,Hub B,45,22.0
ORD05062,C0062,1,Hub B,52,22.0
ORD05063,C0063,2,Hub B,59,22.0
ORD05064,C0064,3,Hub B,66,22.0
ORD05065,C0065,1,Hub B,73,22.0
ORD05066,C0066,2,Hub B,20,22.0
ORD05067,C0067,3,Hub B,27,22.0
ORD05068,C0068,1,Hub B,34,22.0
ORD05069,C0069,2,Hub B,41,22.0
ORD05070,C0070,3,Hub B,48,22.0
ORD05071,C0071,1,Hub B,55,22.0
ORD05072,C0072,2,Hub B,62,22.0
ORD05073,C0073,3,Hub B,69,22.0
ORD05074,C0074,1,Hub B,76,22.0
ORD05075,C0075,2,Hub B,23,22.0
ORD05076,C0076,3,Hub B,30,22.0
ORD05077,C0077,1,Hub B,37,22.0
ORD05078,C0078,2,Hub B,44,22.0
ORD05079,C0079,3,Hub B,51,22.0
ORD05080,C0080,1,Hub B,58,22.0
ORD05081,C0081,2,Hub B,65,22.0
ORD05082,C0082,3,Hub B,72,22.0
ORD05083,C0083,1,Hub B,19,22.0
ORD05084,C0084,2,Hub B,26,22.0
ORD05085,C0085,3,Hub B,33,22.0
ORD05086,C0086,1,Hub B,40,22.0
ORD05087,C0087,2,Hub B,47,22.0
ORD05088,C0088,3,Hub B,54,22.0
ORD05089,C0089,1,Hub B,61,22.0
ORD05090,C0090,2,Hub B,68,22.0
ORD05091,C0091,3,Hub B,75,22.0
ORD05092,C0092,1,Hub B,22,22.0
ORD05093,C0093,2,Hub B,29,22.0
ORD05094,C0094,3,Hub B,36,22.0
ORD05095,C0095,1,Hub B,43,22.0
ORD05096,C0096,2,Hub B,50,22.0
ORD05097,C0097,3,Hub B,57,22.0
ORD05098,C0098,1,Hub B,64,22.0
ORD05099,C0099,2,Hub B,71,22.0
ORD05100,C0100,3,Hub B,18,22.0
ORD05101,C0101,1,Hub B,25,22.0
ORD05102,C0102,2,Hub B,32,22.0
ORD05103,C0103,3,Hub B,39,22.0
ORD05104,C0104,1,Hub B,46,22.0
ORD05105,C0105,2,Hub B,53,22.0
ORD05106,C0106,3,Hub B,60,22.0
ORD05107,C0107,1,Hub B,67,22.0
ORD05108,C0108,2,Hub B,74,22.0
ORD05109,C0109,3,Hub B,21,22.0
ORD05110,C0110,1,Hub B,28,22.0
ORD05111,C0111,2,Hub B,35,22.0
ORD05112,C0112,3,Hub B,42,22.0
ORD05113,C0113,1,Hub B,49,22.0
ORD05114,C0114,2,Hub B,56,22.0
ORD05115,C0115,3,Hub B,63,22.0
ORD05116,C0116,1,Hub B,70,22.0
ORD05117,C0117,2,Hub B,77,22.0
ORD05118,C0118,3,Hub B,24,22.0
ORD05119,C0119,1,Hub B,31,22.0
ORD05120,C0120,2,Hub B,38,22.0
ORD05121,C0121,3,Hub B,45,22.0
ORD05122,C0122,1,Hub B,52,22.0
ORD05123,C0123,2,Hub B,59,22.0
ORD05124,C0124,3,Hub B,66,22.0
ORD05125,C0125,1,Hub B,73,22.0
ORD05126,C0126,2,Hub B,20,22.0
ORD05127,C0127,3,Hub B,27,22.0
ORD05128,C0128,1,Hub B,34,22.0
ORD05129,C0129,2,Hub B,41,22.0
ORD05130,C0130,3,Hub B,48,22.0
ORD05131,C0131,1,Hub B,55,22.0
ORD05132,C0132,2,Hub B,62,22.0
ORD05133,C0133,3,Hub B,69,22.0
ORD05134,C0134,1,Hub B,76,22.0
ORD05135,C0135,2,Hub B,23,22.0
ORD05136,C0136,3,Hub B,30,22.0
ORD05137,C0137,1,Hub B,37,22.0
ORD05138,C0138,2,Hub B,44,22.0
ORD05139,C0139,3,Hub B,51,22.0
ORD05140,C0140,1,Hub B,58,22.0
ORD05141,C0141,2,Hub B,65,22.0
ORD05142,C0142,3,Hub B,72,22.0
ORD05143,C0143,1,Hub B,19,22.0
ORD05144,C0144,2,Hub B,26,22.0
ORD05145,C0145,3,Hub B,33,22.0
ORD05146,C0146,1,Hub B,40,22.0
ORD05147,C0147,2,Hub B,47,22.0
ORD05148,C0148,3,Hub B,54,22.0
ORD05149,C0149,1,Hub B,61,22.0
ORD05150,C0150,2,Hub B,68,22.0
ORD05151,C0151,3,Hub B,75,22.0
ORD05152,C0152,1,Hub B,22,22.0
ORD05153,C0153,2,Hub B,29,22.0
ORD05154,C0154,3,Hub B,36,22.0
ORD05155,C0155,1,Hub B,43,22.0
ORD05156,C0156,2,Hub B,50,22.0
ORD05157,C0157,3,Hub B,57,22.0
ORD05158,C0158,1,Hub B,64,22.0
ORD05159,C0159,2,Hub B,71,22.0
ORD05160,C0160,3,Hub B,18,22.0
ORD05161,C0161,1,Hub B,25,22.0
ORD05162,C0162,2,Hub B,32,22.0
ORD05163,C0163,3,Hub B,39,22.0
ORD05164,C0164,1,Hub B,46,22.0
ORD05165,C0165,2,Hub B,53,22.0
ORD05166,C0166,3,Hub B,60,22.0
ORD05167,C0167,1,Hub B,67,22.0
ORD05168,C0168,2,Hub B,74,22.0
ORD05169,C0169,3,Hub B,21,22.0
ORD05170,C0170,1,Hub B,28,22.0
ORD05171,C0171,2,Hub B,35,22.0
ORD05172,C0172,3,Hub B,42,22.0
ORD05173,C0173,1,Hub B,49,22.0
ORD05174,C0174,2,Hub B,56,22.0
ORD05175,C0175,3,Hub B,63,22.0
ORD05176,C0176,1,Hub B,70,22.0
ORD05177,C0177,2,Hub B,77,22.0
ORD05178,C0178,3,Hub B,24,22.0
ORD05179,C0179,1,Hub B,31,22.0
ORD05180,C0180,2,Hub B,38,22.0
ORD05181,C0181,3,Hub B,45,22.0
ORD05182,C0182,1,Hub B,52,22.0
ORD05183,C0183,2,Hub B,59,22.0
ORD05184,C0184,3,Hub B,66,22.0
ORD05185,C0185,1,Hub B,73,22.0
ORD05186,C0186,2,Hub B,20,22.0
ORD05187,C0187,3,Hub B,27,22.0
ORD05188,C0188,1,Hub B,34,22.0
ORD05189,C0189,2,Hub B,41,22.0
ORD05190,C0190,3,Hub B,48,22.0
ORD05191,C0191,1,Hub B,55,22.0
ORD05192,C0192,2,Hub B,62,22.0
ORD05193,C0193,3,Hub B,69,22.0
ORD05194,C0194,1,Hub B,76,22.0
ORD05195,C0195,2,Hub B,23,22.0
ORD05196,C0196,3,Hub B,30,22.0
ORD05197,C0197,1,Hub B,37,22.0
ORD05198,C0198,2,Hub B,44,22.0
ORD05199,C0199,3,Hub B,51,22.0
ORD05200,C0200,1,Hub B,58,22.0
ORD05201,C0201,2,Hub B,65,22.0
ORD05202,C0202,3,Hub B,72,22.0
ORD05203,C0203,1,Hub B,19,22.0
ORD05204,C0204,2,Hub B,26,22.0
ORD05205,C0205,3,Hub B,33,22.0
ORD05206,C0206,1,Hub B,40,22.0
ORD05207,C0207,2,Hub B,47,22.0
ORD05208,C0208,3,Hub B,54,22.0
ORD05209,C0209,1,Hub B,61,22.0
ORD05210,C0210,2,Hub B,68,22.0
ORD05211,C0211,3,Hub B,75,22.0
ORD05212,C0212,1,Hub B,22,22.0
ORD05213,C0213,2,Hub B,29,22.0
ORD05214,C0214,3,Hub B,36,22.0
ORD05215,C0215,1,Hub B,43,22.0
ORD05216,C0216,2,Hub B,50,22.0
ORD05217,C0217,3,Hub B,57,22.0
ORD05218,C0218,1,Hub B,64,22.0
ORD05219,C0219,2,Hub B,71,22.0
ORD05220,C0220,3,Hub B,18,22.0
ORD05221,C0221,1,Hub B,25,22.0
ORD05222,C0222,2,Hub B,32,22.0
ORD05223,C0223,3,Hub B,39,22.0
ORD05224,C0224,1,Hub B,46,22.0
ORD05225,C0225,2,Hub B,53,22.0
ORD05226,C0226,3,Hub B,60,22.0
ORD05227,C0227,1,Hub B,67,22.0
ORD05228,C0228,2,Hub B,74,22.0
ORD05229,C0229,3,Hub B,21,22.0
ORD05230,C0230,1,Hub B,28,22.0
ORD05231,C0231,2,Hub B,35,22.0
ORD05232,C0232,3,Hub B,42,22.0
ORD05233,C0233,1,Hub B,49,22.0
ORD05234,C0234,2,Hub B,56,22.0
ORD05235,C0235,3,Hub B,63,22.0
ORD05236,C0236,1,Hub B,70,22.0
ORD05237,C0237,2,Hub B,77,22.0
ORD05238,C0238,3,Hub B,24,22.0
ORD05239,C0239,1,Hub B,31,22.0
ORD05240,C0240,2,Hub B,38,22.0
ORD05241,C0241,3,Hub B,45,22.0
ORD05242,C0242,1,Hub B,52,22.0
ORD05243,C0243,2,Hub B,59,22.0
ORD05244,C0244,3,Hub B,66,22.0
ORD05245,C0245,1,Hub B,73,22.0
ORD05246,C0246,2,Hub B,20,22.0
ORD05247,C0247,3,Hub B,27,22.0
ORD05248,C0248,1,Hub B,34,22.0
ORD05249,C0249,2,Hub B,41,22.0
ORD05250,C0250,3,Hub B,48,22.0
ORD05251,C0251,1,Hub B,55,22.0
ORD05252,C0252,2,Hub B,62,22.0
ORD05253,C0253,3,Hub B,69,22.0
ORD05254,C0254,1,Hub B,76,22.0
ORD05255,C0255,2,Hub B,23,22.0
ORD05256,C0256,3,Hub B,30,22.0
ORD05257,C0257,1,Hub B,37,22.0
ORD05258,C0258,2,Hub B,44,22.0
ORD05259,C0259,3,Hub B,51,22.0
ORD05260,C0260,1,Hub B,58,22.0
ORD05261,C0261,2,Hub B,65,22.0
ORD05262,C0262,3,Hub B,72,22.0
ORD05263,C0263,1,Hub B,19,22.0
ORD05264,C0264,2,Hub B,26,22.0
ORD05265,C0265,3,Hub B,33,22.0
ORD05266,C0266,1,Hub B,40,22.0
ORD05267,C0267,2,Hub B,47,22.0
ORD05268,C0268,3,Hub B,54,22.0
ORD05269,C0269,1,Hub B,61,22.0
ORD05270,C0270,2,Hub B,68,22.0
ORD05271,C0271,3,Hub B,75,22.0
ORD05272,C0272,1,Hub B,22,22.0
ORD05273,C0273,2,Hub B,29,22.0
ORD05274,C0274,3,Hub B,36,22.0
ORD05275,C0275,1,Hub B,43,22.0
ORD05276,C0276,2,Hub B,50,22.0
ORD05277,C0277,3,Hub B,57,22.0
ORD05278,C0278,1,Hub B,64,22.0
ORD05279,C0279,2,Hub B,71,22.0
ORD05280,C0280,3,Hub B,18,22.0
ORD05281,C0281,1,Hub B,25,22.0
ORD05282,C0282,2,Hub B,32,22.0
ORD05283,C0283,3,Hub B,39,22.0
ORD05284,C0284,1,Hub B,46,22.0
ORD05285,C0285,2,Hub B,53,22.0
ORD05286,C0286,3,Hub B,60,22.0
ORD05287,C0287,1,Hub B,67,22.0
ORD05288,C0288,2,Hub B,74,22.0
ORD05289,C0289,3,Hub B,21,22.0
ORD05290,C0290,1,Hub B,28,22.0
ORD05291,C0291,2,Hub B,35,22.0
ORD05292,C0292,3,Hub B,42,22.0
ORD05293,C0293,1,Hub B,49,22.0
ORD05294,C0294,2,Hub B,56,22.0
ORD05295,C0295,3,Hub B,63,22.0
ORD05296,C0296,1,Hub B,70,22.0
ORD05297,C0297,2,Hub B,77,22.0
ORD05298,C0298,3,Hub B,24,22.0
ORD05299,C0299,1,Hub B,31,22.0
ORD05300,C0300,2,Hub B,38,22.0
ORD05301,C0301,3,Hub B,45,22.0
ORD05302,C0302,1,Hub B,52,22.0
ORD05303,C0303,2,Hub B,59,22.0
ORD05304,C0304,3,Hub B,66,22.0
ORD05305,C0305,1,Hub B,73,22.0
ORD05306,C0306,2,Hub B,20,22.0
ORD05307,C0307,3,Hub B,27,22.0
ORD05308,C0308,1,Hub B,34,22.0
ORD05309,C0309,2,Hub B,41,22.0
ORD05310,C0310,3,Hub B,48,22.0
ORD05311,C0311,1,Hub B,55,22.0
ORD05312,C0312,2,Hub B,62,22.0
ORD05313,C0313,3,Hub B,69,22.0
ORD05314,C0314,1,Hub B,76,22.0
ORD05315,C0315,2,Hub B,23,22.0
ORD05316,C0316,3,Hub B,30,22.0
ORD05317,C0317,1,Hub B,37,22.0
ORD05318,C0318,2,Hub B,44,22.0
ORD05319,C0319,3,Hub B,51,22.0
ORD05320,C0320,1,Hub B,58,22.0
ORD05321,C0321,2,Hub B,65,22.0
ORD05322,C0322,3,Hub B,72,22.0
ORD05323,C0323,1,Hub B,19,22.0
ORD05324,C0324,2,Hub B,26,22.0
ORD05325,C0325,3,Hub B,33,22.0
ORD05326,C0326,1,Hub B,40,22.0
ORD05327,C0327,2,Hub B,47,22.0
ORD05328,C0328,3,Hub B,54,22.0
ORD05329,C0329,1,Hub B,61,22.0
ORD05330,C0330,2,Hub B,68,22.0
ORD05331,C0331,3,Hub B,75,22.0
ORD05332,C0332,1,Hub B,22,22.0
ORD05333,C0333,2,Hub B,29,22.0
ORD05334,C0334,3,Hub B,36,22.0
ORD05335,C0335,1,Hub B,43,22.0
ORD05336,C0336,2,Hub B,50,22.0
ORD05337,C0337,3,Hub B,57,22.0
ORD05338,C0338,1,Hub B,64,22.0
ORD05339,C0339,2,Hub B,71,22.0
ORD05340,C0340,3,Hub B,18,22.0
ORD05341,C0341,1,Hub B,25,22.0
ORD05342,C0342,2,Hub B,32,22.0
ORD05343,C0343,3,Hub B,39,22.0
ORD05344,C0344,1,Hub B,46,22.0
ORD05345,C0345,2,Hub B,53,22.0
ORD05346,C0346,3,Hub B,60,22.0
ORD05347,C0347,1,Hub B,67,22.0
ORD05348,C0348,2,Hub B,74,22.0
ORD05349,C0349,3,Hub B,21,22.0
ORD05350,C0350,1,Hub B,28,22.0
ORD05351,C0351,2,Hub B,35,22.0
ORD05352,C0352,3,Hub B,42,22.0
ORD05353,C0353,1,Hub B,49,22.0
ORD05354,C0354,2,Hub B,56,22.0
ORD05355,C0355,3,Hub B,63,22.0
ORD05356,C0356,1,Hub B,70,22.0
ORD05357,C0357,2,Hub B,77,22.0
ORD05358,C0358,3,Hub B,24,22.0
ORD05359,C0359,1,Hub B,31,22.0
ORD05360,C0360,2,Hub B,38,22.0
ORD05361,C0361,3,Hub B,45,22.0
ORD05362,C0362,1,Hub B,52,22.0
ORD05363,C0363,2,Hub B,59,22.0
ORD05364,C0364,3,Hub B,66,22.0
ORD05365,C0365,1,Hub B,73,22.0
ORD05366,C0366,2,Hub B,20,22.0
ORD05367,C0367,3,Hub B,27,22.0
ORD05368,C0368,1,Hub B,34,22.0
ORD05369,C0369,2,Hub B,41,22.0
ORD05370,C0370,3,Hub B,48,22.0
ORD05371,C0371,1,Hub B,55,22.0
ORD05372,C0372,2,Hub B,62,22.0
ORD05373,C0373,3,Hub B,69,22.0
ORD05374,C0374,1,Hub B,76,22.0
ORD05375,C0375,2,Hub B,23,22.0
ORD05376,C0376,3,Hub B,30,22.0
ORD05377,C0377,1,Hub B,37,22.0
ORD05378,C0378,2,Hub B,44,22.0
ORD05379,C0379,3,Hub B,51,22.0
ORD05380,C0380,1,Hub B,58,22.0
ORD05381,C0381,2,Hub B,65,22.0
ORD05382,C0382,3,Hub B,72,22.0
ORD05383,C0383,1,Hub B,19,22.0
ORD05384,C0384,2,Hub B,26,22.0
ORD05385,C0385,3,Hub B,33,22.0
ORD05386,C0386,1,Hub B,40,22.0
ORD05387,C0387,2,Hub B,47,22.0
ORD05388,C0388,3,Hub B,54,22.0
ORD05389,C0389,1,Hub B,61,22.0
ORD05390,C0390,2,Hub B,68,22.0
ORD05391,C0391,3,Hub B,75,22.0
ORD05392,C0392,1,Hub B,22,22.0
ORD05393,C0393,2,Hub B,29,22.0
ORD05394,C0394,3,Hub B,36,22.0
ORD05395,C0395,1,Hub B,43,22.0
ORD05396,C0396,2,Hub B,50,22.0
ORD05397,C0397,3,Hub B,57,22.0
ORD05398,C0398,1,Hub B,64,22.0
ORD05399,C0399,2,Hub B,71,22.0
ORD05400,C0400,3,Hub B,18,22.0
ORD05401,C0401,1,Hub B,25,22.0
ORD05402,C0402,2,Hub B,32,22.0
ORD05403,C0403,3,Hub B,39,22.0
ORD05404,C0404,1,Hub B,46,22.0
ORD05405,C0405,2,Hub B,53,22.0
ORD05406,C0406,3,Hub B,60,22.0
ORD05407,C0407,1,Hub B,67,22.0
ORD05408,C0408,2,Hub B,74,22.0
ORD05409,C0409,3,Hub B,21,22.0
ORD05410,C0410,1,Hub B,28,22.0
ORD05411,C0411,2,Hub B,35,22.0
ORD05412,C0412,3,Hub B,42,22.0
ORD05413,C0413,1,Hub B,49,22.0
ORD05414,C0414,2,Hub B,56,22.0
ORD05415,C0415,3,Hub B,63,22.0
ORD05416,C0416,1,Hub B,70,22.0
ORD05417,C0417,2,Hub B,77,22.0
ORD05418,C0418,3,Hub B,24,22.0
ORD05419,C0419,1,Hub B,31,22.0
ORD05420,C0420,2,Hub B,38,22.0
ORD05421,C0421,3,Hub B,45,22.0
ORD05422,C0422,1,Hub B,52,22.0
ORD05423,C0423,2,Hub B,59,22.0
ORD05424,C0424,3,Hub B,66,22.0
ORD05425,C0425,1,Hub B,73,22.0
ORD05426,C0426,2,Hub B,20,22.0
ORD05427,C0427,3,Hub B,27,22.0
ORD05428,C0428,1,Hub B,34,22.0
ORD05429,C0429,2,Hub B,41,22.0
ORD05430,C0430,3,Hub B,48,22.0
ORD05431,C0431,1,Hub B,55,22.0
ORD05432,C0432,2,Hub B,62,22.0
ORD05433,C0433,3,Hub B,69,22.0
ORD05434,C0434,1,Hub B,76,22.0
ORD05435,C0435,2,Hub B,23,22.0
ORD05436,C0436,3,Hub B,30,22.0
ORD05437,C0437,1,Hub B,37,22.0
ORD05438,C0438,2,Hub B,44,22.0
ORD05439,C0439,3,Hub B,51,22.0
ORD05440,C0440,1,Hub B,58,22.0
ORD05441,C0441,2,Hub B,65,22.0
ORD05442,C0442,3,Hub B,72,22.0
ORD05443,C0443,1,Hub B,19,22.0
ORD05444,C0444,2,Hub B,26,22.0
ORD05445,C0445,3,Hub B,33,22.0
ORD05446,C0446,1,Hub B,40,22.0
ORD05447,C0447,2,Hub B,47,22.0
ORD05448,C0448,3,Hub B,54,22.0
ORD05449,C0449,1,Hub B,61,22.0
ORD05450,C0450,2,Hub B,68,22.0
ORD05451,C0451,3,Hub B,75,22.0
ORD05452,C0452,1,Hub B,22,22.0
ORD05453,C0453,2,Hub B,29,22.0
ORD05454,C0454,3,Hub B,36,22.0
ORD05455,C0455,1,Hub B,43,22.0
ORD05456,C0456,2,Hub B,50,22.0
ORD05457,C0457,3,Hub B,57,22.0
ORD05458,C0458,1,Hub B,64,22.0
ORD05459,C0459,2,Hub B,71,22.0
ORD05460,C0460,3,Hub B,18,22.0
ORD05461,C0461,1,Hub B,25,22.0
ORD05462,C0462,2,Hub B,32,22.0
ORD05463,C0463,3,Hub B,39,22.0
ORD05464,C0464,1,Hub B,46,22.0
ORD05465,C0465,2,Hub B,53,22.0
ORD05466,C0466,3,Hub B,60,22.0
ORD05467,C0467,1,Hub B,67,22.0
ORD05468,C0468,2,Hub B,74,22.0
ORD05469,C0469,3,Hub B,21,22.0
ORD05470,C0470,1,Hub B,28,22.0
ORD05471,C0471,2,Hub B,35,22.0
ORD05472,C0472,3,Hub B,42,22.0
ORD05473,C0473,1,Hub B,49,22.0
ORD05474,C0474,2,Hub B,56,22.0
ORD05475,C0475,3,Hub B,63,22.0
ORD05476,C0476,1,Hub B,70,22.0
ORD05477,C0477,2,Hub B,77,22.0
ORD05478,C0478,3,Hub B,24,22.0
ORD05479,C0479,1,Hub B,31,22.0
ORD05480,C0480,2,Hub B,38,22.0
ORD05481,C0481,3,Hub B,45,22.0
ORD05482,C0482,1,Hub B,52,22.0
ORD05483,C0483,2,Hub B,59,22.0
ORD05484,C0484,3,Hub B,66,22.0
ORD05485,C0485,1,Hub B,73,22.0
ORD05486,C0486,2,Hub B,20,22.0
ORD05487,C0487,3,Hub B,27,22.0
ORD05488,C0488,1,Hub B,34,22.0
ORD05489,C0489,2,Hub B,41,22.0
ORD05490,C0490,3,Hub B,48,22.0
ORD05491,C0491,1,Hub B,55,22.0
ORD05492,C0492,2,Hub B,62,22.0
ORD05493,C0493,3,Hub B,69,22.0
ORD05494,C0494,1,Hub B,76,22.0
ORD05495,C0495,2,Hub B,23,22.0
ORD05496,C0496,3,Hub B,30,22.0
ORD05497,C0497,1,Hub B,37,22.0
ORD05498,C0498,2,Hub B,44,22.0
ORD05499,C0499,3,Hub B,51,22.0
ORD05500,C0500,1,Hub B,58,22.0
ORD05501,C0501,2,Hub B,65,22.0
ORD05502,C0502,3,Hub B,72,22.0
ORD05503,C0503,1,Hub B,19,22.0
ORD05504,C0504,2,Hub B,26,22.0
ORD05505,C0505,3,Hub B,33,22.0
ORD05506,C0506,1,Hub B,40,22.0
ORD05507,C0507,2,Hub B,47,22.0
ORD05508,C0508,3,Hub B,54,22.0
ORD05509,C0509,1,Hub B,61,22.0
ORD05510,C0510,2,Hub B,68,22.0
ORD05511,C0511,3,Hub B,75,22.0
ORD05512,C0512,1,Hub B,22,22.0
ORD05513,C0513,2,Hub B,29,22.0
ORD05514,C0514,3,Hub B,36,22.0
ORD05515,C0515,1,Hub B,43,22.0
ORD05516,C0516,2,Hub B,50,22.0
ORD05517,C0517,3,Hub B,57,22.0
ORD05518,C0518,1,Hub B,64,22.0
ORD05519,C0519,2,Hub B,71,22.0
ORD05520,C0520,3,Hub B,18,22.0
ORD05521,C0521,1,Hub B,25,22.0
ORD05522,C0522,2,Hub B,32,22.0
ORD05523,C0523,3,Hub B,39,22.0
ORD05524,C0524,1,Hub B,46,22.0
ORD05525,C0525,2,Hub B,53,22.0
ORD05526,C0526,3,Hub B,60,22.0
ORD05527,C0527,1,Hub B,67,22.0
ORD05528,C0528,2,Hub B,74,22.0
ORD05529,C0529,3,Hub B,21,22.0
ORD05530,C0530,1,Hub B,28,22.0
ORD05531,C0531,2,Hub B,35,22.0
ORD05532,C0532,3,Hub B,42,22.0
ORD05533,C0533,1,Hub B,49,22.0
ORD05534,C0534,2,Hub B,56,22.0
ORD05535,C0535,3,Hub B,63,22.0
ORD05536,C0536,1,Hub B,70,22.0
ORD05537,C0537,2,Hub B,77,22.0
ORD05538,C0538,3,Hub B,24,22.0
ORD05539,C0539,1,Hub B,31,22.0
ORD05540,C0540,2,Hub B,38,22.0
ORD05541,C0541,3,Hub B,45,22.0
ORD05542,C0542,1,Hub B,52,22.0
ORD05543,C0543,2,Hub B,59,22.0
ORD05544,C0544,3,Hub B,66,22.0
ORD05545,C0545,1,Hub B,73,22.0
ORD05546,C0546,2,Hub B,20,22.0
ORD05547,C0547,3,Hub B,27,22.0
ORD05548,C0548,1,Hub B,34,22.0
ORD05549,C0549,2,Hub B,41,22.0
ORD05550,C0550,3,Hub B,48,22.0
ORD05551,C0551,1,Hub B,55,22.0
ORD05552,C0552,2,Hub B,62,22.0
ORD05553,C0553,3,Hub B,69,22.0
ORD05554,C0554,1,Hub B,76,22.0
ORD05555,C0555,2,Hub B,23,22.0
ORD05556,C0556,3,Hub B,30,22.0
ORD05557,C0557,1,Hub B,37,22.0
ORD05558,C0558,2,Hub B,44,22.0
ORD05559,C0559,3,Hub B,51,22.0
ORD05560,C0560,1,Hub B,58,22.0
ORD05561,C0561,2,Hub B,65,22.0
ORD05562,C0562,3,Hub B,72,22.0
ORD05563,C0563,1,Hub B,19,22.0
ORD05564,C0564,2,Hub B,26,22.0
ORD05565,C0565,3,Hub B,33,22.0
ORD05566,C0566,1,Hub B,40,22.0
ORD05567,C0567,2,Hub B,47,22.0
ORD05568,C0568,3,Hub B,54,22.0
ORD05569,C0569,1,Hub B,61,22.0
ORD05570,C0570,2,Hub B,68,22.0
ORD05571,C0571,3,Hub B,75,22.0
ORD05572,C0572,1,Hub B,22,22.0
ORD05573,C0573,2,Hub B,29,22.0
ORD05574,C0574,3,Hub B,36,22.0
ORD05575,C0575,1,Hub B,43,22.0
ORD05576,C0576,2,Hub B,50,22.0
ORD05577,C0577,3,Hub B,57,22.0
ORD05578,C0578,1,Hub B,64,22.0
ORD05579,C0579,2,Hub B,71,22.0
ORD05580,C0580,3,Hub B,18,22.0
ORD05581,C0581,1,Hub B,25,22.0
ORD05582,C0582,2,Hub B,32,22.0
ORD05583,C0583,3,Hub B,39,22.0
ORD05584,C0584,1,Hub B,46,22.0
ORD05585,C0585,2,Hub B,53,22.0
ORD05586,C0586,3,Hub B,60,22.0
ORD05587,C0587,1,Hub B,67,22.0
ORD05588,C0588,2,Hub B,74,22.0
ORD05589,C0589,3,Hub B,21,22.0
ORD05590,C0590,1,Hub B,28,22.0
ORD05591,C0591,2,Hub B,35,22.0
ORD05592,C0592,3,Hub B,42,22.0
ORD05593,C0593,1,Hub B,49,22.0
ORD05594,C0594,2,Hub B,56,22.0
ORD05595,C0595,3,Hub B,63,22.0
ORD05596,C0596,1,Hub B,70,22.0
ORD05597,C0597,2,Hub B,77,22.0
ORD05598,C0598,3,Hub B,24,22.0
ORD05599,C0599,1,Hub B,31,22.0
ORD05600,C0600,2,Hub B,38,22.0
ORD05601,C0601,3,Hub B,45,22.0
ORD05602,C0602,1,Hub B,52,22.0
ORD05603,C0603,2,Hub B,59,22.0
ORD05604,C0604,3,Hub B,66,22.0
ORD05605,C0605,1,Hub B,73,22.0
ORD05606,C0606,2,Hub B,20,22.0
ORD05607,C0607,3,Hub B,27,22.0
ORD05608,C0608,1,Hub B,34,22.0
ORD05609,C0609,2,Hub B,41,22.0
ORD05610,C0610,3,Hub B,48,22.0
ORD05611,C0611,1,Hub B,55,22.0
ORD05612,C0612,2,Hub B,62,22.0
ORD05613,C0613,3,Hub B,69,22.0
ORD05614,C0614,1,Hub B,76,22.0
ORD05615,C0615,2,Hub B,23,22.0
ORD05616,C0616,3,Hub B,30,22.0
ORD05617,C0617,1,Hub B,37,22.0
ORD05618,C0618,2,Hub B,44,22.0
ORD05619,C0619,3,Hub B,51,22.0
ORD05620,C0620,1,Hub B,58,22.0
ORD05621,C0621,2,Hub B,65,22.0
ORD05622,C0622,3,Hub B,72,22.0
ORD05623,C0623,1,Hub B,19,22.0
ORD05624,C0624,2,Hub B,26,22.0
ORD05625,C0625,3,Hub B,33,22.0
ORD05626,C0626,1,Hub B,40,22.0
ORD05627,C0627,2,Hub B,47,22.0
ORD05628,C0628,3,Hub B,54,22.0
ORD05629,C0629,1,Hub B,61,22.0
ORD05630,C0630,2,Hub B,68,22.0
ORD05631,C0631,3,Hub B,75,22.0
ORD05632,C0632,1,Hub B,22,22.0
ORD05633,C0633,2,Hub B,29,22.0
ORD05634,C0634,3,Hub B,36,22.0
ORD05635,C0635,1,Hub B,43,22.0
ORD05636,C0636,2,Hub B,50,22.0
ORD05637,C0637,3,Hub B,57,22.0
ORD05638,C0638,1,Hub B,64,22.0
ORD05639,C0639,2,Hub B,71,22.0
ORD05640,C0640,3,Hub B,18,22.0
ORD05641,C0641,1,Hub B,25,22.0
ORD05642,C0642,2,Hub B,32,22.0
ORD05643,C0643,3,Hub B,39,22.0
ORD05644,C0644,1,Hub B,46,22.0
ORD05645,C0645,2,Hub B,53,22.0
ORD05646,C0646,3,Hub B,60,22.0
ORD05647,C0647,1,Hub B,67,22.0
ORD05648,C0648,2,Hub B,74,22.0
ORD05649,C0649,3,Hub B,21,22.0
ORD05650,C0650,1,Hub B,28,22.0
ORD05651,C0651,2,Hub B,35,22.0
ORD05652,C0652,3,Hub B,42,22.0
ORD05653,C0653,1,Hub B,49,22.0
ORD05654,C0654,2,Hub B,56,22.0
ORD05655,C0655,3,Hub B,63,22.0
ORD05656,C0656,1,Hub B,70,22.0
ORD05657,C0657,2,Hub B,77,22.0
ORD05658,C0658,3,Hub B,24,22.0
ORD05659,C0659,1,Hub B,31,22.0
ORD05660,C0660,2,Hub B,38,22.0
ORD05661,C0661,3,Hub B,45,22.0
ORD05662,C0662,1,Hub B,52,22.0
ORD05663,C0663,2,Hub B,59,22.0
ORD05664,C0664,3,Hub B,66,22.0
ORD05665,C0665,1,Hub B,73,22.0
ORD05666,C0666,2,Hub B,20,22.0
ORD05667,C0667,3,Hub B,27,22.0
ORD05668,C0668,1,Hub B,34,22.0
ORD05669,C0669,2,Hub B,41,22.0
ORD05670,C0670,3,Hub B,48,22.0
ORD05671,C0671,1,Hub B,55,22.0
ORD05672,C0672,2,Hub B,62,22.0
ORD05673,C0673,3,Hub B,69,22.0
ORD05674,C0674,1,Hub B,76,22.0
ORD05675,C0675,2,Hub B,23,22.0
ORD05676,C0676,3,Hub B,30,22.0
ORD05677,C0677,1,Hub B,37,22.0
ORD05678,C0678,2,Hub B,44,22.0
ORD05679,C0679,3,Hub B,51,22.0
ORD05680,C0680,1,Hub B,58,22.0
ORD05681,C0681,2,Hub B,65,22.0
ORD05682,C0682,3,Hub B,72,22.0
ORD05683,C0683,1,Hub B,19,22.0
ORD05684,C0684,2,Hub B,26,22.0
ORD05685,C0685,3,Hub B,33,22.0
ORD05686,C0686,1,Hub B,40,22.0
ORD05687,C0687,2,Hub B,47,22.0
ORD05688,C0688,3,Hub B,54,22.0
ORD05689,C0689,1,Hub B,61,22.0
ORD05690,C0690,2,Hub B,68,22.0
ORD05691,C0691,3,Hub B,75,22.0
ORD05692,C0692,1,Hub B,22,22.0
ORD05693,C0693,2,Hub B,29,22.0
ORD05694,C0694,3,Hub B,36,22.0
ORD05695,C0695,1,Hub B,43,22.0
ORD05696,C0696,2,Hub B,50,22.0
ORD05697,C0697,3,Hub B,57,22.0
ORD05698,C0698,1,Hub B,64,22.0
ORD05699,C0699,2,Hub B,71,22.0
ORD05700,C0700,3,Hub B,18,22.0
ORD05701,C0701,1,Hub B,25,22.0
ORD05702,C0702,2,Hub B,32,22.0
ORD05703,C0703,3,Hub B,39,22.0
ORD05704,C0704,1,Hub B,46,22.0
ORD05705,C0705,2,Hub B,53,22.0
ORD05706,C0706,3,Hub B,60,22.0
ORD05707,C0707,1,Hub B,67,22.0
ORD05708,C0708,2,Hub B,74,22.0
ORD05709,C0709,3,Hub B,21,22.0
ORD05710,C0710,1,Hub B,28,22.0
ORD05711,C0711,2,Hub B,35,22.0
ORD05712,C0712,3,Hub B,42,22.0
ORD05713,C0713,1,Hub B,49,22.0
ORD05714,C0714,2,Hub B,56,22.0
ORD05715,C0715,3,Hub B,63,22.0
ORD05716,C0716,1,Hub B,70,22.0
ORD05717,C0717,2,Hub B,77,22.0
ORD05718,C0718,3,Hub B,24,22.0
ORD05719,C0719,1,Hub B,31,22.0
ORD05720,C0720,2,Hub B,38,22.0
ORD05721,C0721,3,Hub B,45,22.0
ORD05722,C0722,1,Hub B,52,22.0
ORD05723,C0723,2,Hub B,59,22.0
ORD05724,C0724,3,Hub B,66,22.0
ORD05725,C0725,1,Hub B,73,22.0
ORD05726,C0726,2,Hub B,20,22.0
ORD05727,C0727,3,Hub B,27,22.0
ORD05728,C0728,1,Hub B,34,22.0
ORD05729,C0729,2,Hub B,41,22.0
ORD05730,C0730,3,Hub B,48,22.0
ORD05731,C0731,1,Hub B,55,22.0
ORD05732,C0732,2,Hub B,62,22.0
ORD05733,C0733,3,Hub B,69,22.0
ORD05734,C0734,1,Hub B,76,22.0
ORD05735,C0735,2,Hub B,23,22.0
ORD05736,C0736,3,Hub B,30,22.0
ORD05737,C0737,1,Hub B,37,22.0
ORD05738,C0738,2,Hub B,44,22.0
ORD05739,C0739,3,Hub B,51,22.0
ORD05740,C0740,1,Hub B,58,22.0
ORD05741,C0741,2,Hub B,65,22.0
ORD05742,C0742,3,Hub B,72,22.0
ORD05743,C0743,1,Hub B,19,22.0
ORD05744,C0744,2,Hub B,26,22.0
ORD05745,C0745,3,Hub B,33,22.0
ORD05746,C0746,1,Hub B,40,22.0
ORD05747,C0747,2,Hub B,47,22.0
ORD05748,C0748,3,Hub B,54,22.0
ORD05749,C0749,1,Hub B,61,22.0
ORD05750,C0750,2,Hub B,68,22.0
ORD05751,C0751,3,Hub B,75,22.0
ORD05752,C0752,1,Hub B,22,22.0
ORD05753,C0753,2,Hub B,29,22.0
ORD05754,C0754,3,Hub B,36,22.0
ORD05755,C0755,1,Hub B,43,22.0
ORD05756,C0756,2,Hub B,50,22.0
ORD05757,C0757,3,Hub B,57,22.0
ORD05758,C0758,1,Hub B,64,22.0
ORD05759,C0759,2,Hub B,71,22.0
ORD05760,C0760,3,Hub B,18,22.0
ORD05761,C0761,1,Hub B,25,22.0
ORD05762,C0762,2,Hub B,32,22.0
ORD05763,C0763,3,Hub B,39,22.0
ORD05764,C0764,1,Hub B,46,22.0
ORD05765,C0765,2,Hub B,53,22.0
ORD05766,C0766,3,Hub B,60,22.0
ORD05767,C0767,1,Hub B,67,22.0
ORD05768,C0768,2,Hub B,74,22.0
ORD05769,C0769,3,Hub B,21,22.0
ORD05770,C0770,1,Hub B,28,22.0
ORD05771,C0771,2,Hub B,35,22.0
ORD05772,C0772,3,Hub B,42,22.0
ORD05773,C0773,1,Hub B,49,22.0
ORD05774,C0774,2,Hub B,56,22.0
ORD05775,C0775,3,Hub B,63,22.0
ORD05776,C0776,1,Hub B,70,22.0
ORD05777,C0777,2,Hub B,77,22.0
ORD05778,C0778,3,Hub B,24,22.0
ORD05779,C0779,1,Hub B,31,22.0
ORD05780,C0780,2,Hub B,38,22.0
ORD05781,C0781,3,Hub B,45,22.0
ORD05782,C0782,1,Hub B,52,22.0
ORD05783,C0783,2,Hub B,59,22.0
ORD05784,C0784,3,Hub B,66,22.0
ORD05785,C0785,1,Hub B,73,22.0
ORD05786,C0786,2,Hub B,20,22.0
ORD05787,C0787,3,Hub B,27,22.0
ORD05788,C0788,1,Hub B,34,22.0
ORD05789,C0789,2,Hub B,41,22.0
ORD05790,C0790,3,Hub B,48,22.0
ORD05791,C0791,1,Hub B,55,22.0
ORD05792,C0792,2,Hub B,62,22.0
ORD05793,C0793,3,Hub B,69,22.0
ORD05794,C0794,1,Hub B,76,22.0
ORD05795,C0795,2,Hub B,23,22.0
ORD05796,C0796,3,Hub B,30,22.0
ORD05797,C0797,1,Hub B,37,22.0
ORD05798,C0798,2,Hub B,44,22.0
ORD05799,C0799,3,Hub B,51,22.0
ORD05800,C0800,1,Hub B,58,22.0
ORD05801,C0801,2,Hub B,65,22.0
ORD05802,C0802,3,Hub B,72,22.0
ORD05803,C0803,1,Hub B,19,22.0
ORD05804,C0804,2,Hub B,26,22.0
ORD05805,C0805,3,Hub B,33,22.0
ORD05806,C0806,1,Hub B,40,22.0
ORD05807,C0807,2,Hub B,47,22.0
ORD05808,C0808,3,Hub B,54,22.0
ORD05809,C0809,1,Hub B,61,26.0
ORD05810,C0810,2,Hub B,68,47.544
ORD05811,C0811,3,Hub B,75,47.544
ORD05812,C0812,1,Hub B,22,47.544
ORD05813,C0813,2,Hub B,29,47.544
ORD05814,C0814,3,Hub B,36,47.544
ORD05815,C0815,1,Hub B,43,47.544
ORD05816,C0816,2,Hub B,50,47.544
ORD05817,C0817,3,Hub B,57,47.544
ORD05818,C0818,1,Hub B,64,47.544
ORD05819,C0819,2,Hub B,71,47.544
ORD05820,C0820,3,Hub B,18,47.544
ORD05821,C0821,1,Hub B,25,47.544
ORD05822,C0822,2,Hub B,32,47.544
ORD05823,C0823,3,Hub B,39,47.544
ORD05824,C0824,1,Hub B,46,47.544
ORD05825,C0825,2,Hub B,53,47.544
ORD05826,C0826,3,Hub B,60,47.544
ORD05827,C0827,1,Hub B,67,47.544
ORD05828,C0828,2,Hub B,74,47.544
ORD05829,C0829,3,Hub B,21,47.544
ORD05830,C0830,1,Hub B,28,47.544
ORD05831,C0831,2,Hub B,35,47.544
ORD05832,C0832,3,Hub B,42,47.544
ORD05833,C0833,1,Hub B,49,47.544
ORD05834,C0834,2,Hub B,56,47.544
ORD05835,C0835,3,Hub B,63,47.544
ORD05836,C0836,1,Hub B,70,47.544
ORD05837,C0837,2,Hub B,77,47.544
ORD05838,C0838,3,Hub B,24,47.544
ORD05839,C0839,1,Hub B,31,47.544
ORD05840,C0840,2,Hub B,38,47.544
ORD05841,C0841,3,Hub B,45,47.544
ORD05842,C0842,1,Hub B,52,47.544
ORD05843,C0843,2,Hub B,59,47.544
ORD05844,C0844,3,Hub B,66,47.544
ORD05845,C0845,1,Hub B,73,47.544
ORD05846,C0846,2,Hub B,20,47.544
ORD05847,C0847,3,Hub B,27,47.544
ORD05848,C0848,1,Hub B,34,47.544
ORD05849,C0849,2,Hub B,41,47.544
ORD05850,C0850,3,Hub B,48,47.544
ORD05851,C0851,1,Hub B,55,47.544
ORD05852,C0852,2,Hub B,62,47.544
ORD05853,C0853,3,Hub B,69,47.544
ORD05854,C0854,1,Hub B,76,47.544
ORD05855,C0855,2,Hub B,23,47.544
ORD05856,C0856,3,Hub B,30,47.544
ORD05857,C0857,1,Hub B,37,47.544
ORD05858,C0858,2,Hub B,44,47.544
ORD05859,C0859,3,Hub B,51,47.544
ORD05860,C0860,1,Hub B,58,47.544
ORD05861,C0861,2,Hub B,65,47.544
ORD05862,C0862,3,Hub B,72,47.544
ORD05863,C0863,1,Hub B,19,47.544
ORD05864,C0864,2,Hub B,26,47.544
ORD05865,C0865,3,Hub B,33,47.544
ORD05866,C0866,1,Hub B,40,47.544
ORD05867,C0867,2,Hub B,47,47.544
ORD05868,C0868,3,Hub B,54,47.544
ORD05869,C0869,1,Hub B,61,47.544
ORD05870,C0870,2,Hub B,68,47.544
ORD05871,C0871,3,Hub B,75,47.544
ORD05872,C0872,1,Hub B,22,47.544
ORD05873,C0873,2,Hub B,29,47.544
ORD05874,C0874,3,Hub B,36,47.544
ORD05875,C0875,1,Hub B,43,47.544
ORD05876,C0876,2,Hub B,50,47.544
ORD05877,C0877,3,Hub B,57,47.544
ORD05878,C0878,1,Hub B,64,47.544
ORD05879,C0879,2,Hub B,71,47.544
ORD05880,C0880,3,Hub B,18,47.544
ORD05881,C0881,1,Hub B,25,47.544
ORD05882,C0882,2,Hub B,32,47.544
ORD05883,C0883,3,Hub B,39,47.544
ORD05884,C0884,1,Hub B,46,47.544
ORD05885,C0885,2,Hub B,53,47.544
ORD05886,C0886,3,Hub B,60,47.544
ORD05887,C0887,1,Hub B,67,47.544
ORD05888,C0888,2,Hub B,74,47.544
ORD05889,C0889,3,Hub B,21,47.544
ORD05890,C0890,1,Hub B,28,47.544
ORD05891,C0891,2,Hub B,35,47.544
ORD05892,C0892,3,Hub B,42,47.544
ORD05893,C0893,1,Hub B,49,47.544
ORD05894,C0894,2,Hub B,56,47.544
ORD05895,C0895,3,Hub B,63,47.544
ORD05896,C0896,1,Hub B,70,47.544
ORD05897,C0897,2,Hub B,77,47.544
ORD05898,C0898,3,Hub B,24,47.544
ORD05899,C0899,1,Hub B,31,47.544
ORD05900,C0900,2,Hub B,38,47.544
ORD05901,C0901,3,Hub B,45,47.544
ORD05902,C0902,1,Hub B,52,47.544
ORD05903,C0903,2,Hub B,59,47.544
ORD05904,C0904,3,Hub B,66,47.544
ORD05905,C0905,1,Hub B,73,47.544
ORD05906,C0906,2,Hub B,20,47.544
ORD05907,C0907,3,Hub B,27,47.544
ORD05908,C0908,1,Hub B,34,47.544
ORD05909,C0909,2,Hub B,41,47.544
ORD05910,C0910,3,Hub B,48,47.544
ORD05911,C0911,1,Hub B,55,47.544
ORD05912,C0912,2,Hub B,62,47.544
ORD05913,C0913,3,Hub B,69,47.544
ORD05914,C0914,1,Hub B,76,47.544
ORD05915,C0915,2,Hub B,23,47.544
ORD05916,C0916,3,Hub B,30,47.544
ORD05917,C0917,1,Hub B,37,47.544
ORD05918,C0918,2,Hub B,44,47.544
ORD05919,C0919,3,Hub B,51,47.544
ORD05920,C0920,1,Hub B,58,47.544
ORD05921,C0921,2,Hub B,65,47.544
ORD05922,C0922,3,Hub B,72,47.544
ORD05923,C0923,1,Hub B,19,47.544
ORD05924,C0924,2,Hub B,26,47.544
ORD05925,C0925,3,Hub B,33,47.544
ORD05926,C0926,1,Hub B,40,47.544
ORD05927,C0927,2,Hub B,47,47.544
ORD05928,C0928,3,Hub B,54,47.544
ORD05929,C0929,1,Hub B,61,47.544
ORD05930,C0930,2,Hub B,68,47.544
ORD05931,C0931,3,Hub B,75,47.544
ORD05932,C0932,1,Hub B,22,47.544
ORD05933,C0933,2,Hub B,29,47.544
ORD05934,C0934,3,Hub B,36,47.544
ORD05935,C0935,1,Hub B,43,47.544
ORD05936,C0936,2,Hub B,50,47.544
ORD05937,C0937,3,Hub B,57,47.544
ORD05938,C0938,1,Hub B,64,47.544
ORD05939,C0939,2,Hub B,71,47.544
ORD05940,C0940,3,Hub B,18,47.544
ORD05941,C0941,1,Hub B,25,47.544
ORD05942,C0942,2,Hub B,32,47.544
ORD05943,C0943,3,Hub B,39,47.544
ORD05944,C0944,1,Hub B,46,47.544
ORD05945,C0945,2,Hub B,53,47.544
ORD05946,C0946,3,Hub B,60,47.544
ORD05947,C0947,1,Hub B,67,47.544
ORD05948,C0948,2,Hub B,74,47.544
ORD05949,C0949,3,Hub B,21,47.544
ORD05950,C0950,1,Hub B,28,47.544
ORD05951,C0951,2,Hub B,35,47.544
ORD05952,C0952,3,Hub B,42,47.544
ORD05953,C0953,1,Hub B,49,47.544
ORD05954,C0954,2,Hub B,56,47.544
ORD05955,C0955,3,Hub B,63,47.544
ORD05956,C0956,1,Hub B,70,47.544
ORD05957,C0957,2,Hub B,77,47.544
ORD05958,C0958,3,Hub B,24,47.544
ORD05959,C0959,1,Hub B,31,47.544
ORD05960,C0960,2,Hub B,38,47.544
ORD05961,C0961,3,Hub B,45,47.544
ORD05962,C0962,1,Hub B,52,47.544
ORD05963,C0963,2,Hub B,59,47.544
ORD05964,C0964,3,Hub B,66,47.544
ORD05965,C0965,1,Hub B,73,47.544
ORD05966,C0966,2,Hub B,20,47.544
ORD05967,C0967,3,Hub B,27,47.544
ORD05968,C0968,1,Hub B,34,47.544
ORD05969,C0969,2,Hub B,41,47.544
ORD05970,C0970,3,Hub B,48,47.544
ORD05971,C0971,1,Hub B,55,47.544
ORD05972,C0972,2,Hub B,62,47.544
ORD05973,C0973,3,Hub B,69,47.544
ORD05974,C0974,1,Hub B,76,47.544
ORD05975,C0975,2,Hub B,23,47.544
ORD05976,C0976,3,Hub B,30,47.544
ORD05977,C0977,1,Hub B,37,47.544
ORD05978,C0978,2,Hub B,44,47.544
ORD05979,C0979,3,Hub B,51,47.544
ORD05980,C0980,1,Hub B,58,47.544
ORD05981,C0981,2,Hub B,65,47.544
ORD05982,C0982,3,Hub B,72,47.544
ORD05983,C0983,1,Hub B,19,47.544
ORD05984,C0984,2,Hub B,26,47.544
ORD05985,C0985,3,Hub B,33,47.544
ORD05986,C0986,1,Hub B,40,47.544
ORD05987,C0987,2,Hub B,47,47.544
ORD05988,C0988,3,Hub B,54,47.544
ORD05989,C0989,1,Hub B,61,47.544
ORD05990,C0990,2,Hub B,68,47.544
ORD05991,C0991,3,Hub B,75,47.544
ORD05992,C0992,1,Hub B,22,47.544
ORD05993,C0993,2,Hub B,29,47.544
ORD05994,C0994,3,Hub B,36,47.544
ORD05995,C0995,1,Hub B,43,47.544
ORD05996,C0996,2,Hub B,50,47.544
ORD05997,C0997,3,Hub B,57,47.544
ORD05998,C0998,1,Hub B,64,47.544
ORD05999,C0999,2,Hub B,71,47.544
ORD06000,C1000,3,Hub B,18,47.544
ORD06001,C1001,1,Hub B,25,47.544
ORD06002,C1002,2,Hub B,32,47.544
ORD06003,C1003,3,Hub B,39,47.544
ORD06004,C1004,1,Hub B,46,47.544
ORD06005,C1005,2,Hub B,53,47.544
ORD06006,C1006,3,Hub B,60,47.544
ORD06007,C1007,1,Hub B,67,47.544
ORD06008,C1008,2,Hub B,74,47.544
ORD06009,C1009,3,Hub B,21,47.544
ORD06010,C1010,1,Hub B,28,47.544
ORD06011,C1011,2,Hub B,35,47.544
ORD06012,C1012,3,Hub B,42,47.544
ORD06013,C1013,1,Hub B,49,47.544
ORD06014,C1014,2,Hub B,56,47.544
ORD06015,C1015,3,Hub B,63,47.544
ORD06016,C1016,1,Hub B,70,47.544
ORD06017,C1017,2,Hub B,77,47.544
ORD06018,C1018,3,Hub B,24,47.544
ORD06019,C1019,1,Hub B,31,47.544
ORD06020,C1020,2,Hub B,38,47.544
ORD06021,C1021,3,Hub B,45,47.544
ORD06022,C1022,1,Hub B,52,47.544
ORD06023,C1023,2,Hub B,59,47.544
ORD06024,C1024,3,Hub B,66,47.544
ORD06025,C1025,1,Hub B,73,47.544
ORD06026,C1026,2,Hub B,20,47.544
ORD06027,C1027,3,Hub B,27,47.544
ORD06028,C1028,1,Hub B,34,47.544
ORD06029,C1029,2,Hub B,41,47.544
ORD06030,C1030,3,Hub B,48,47.544
ORD06031,C1031,1,Hub B,55,47.544
ORD06032,C1032,2,Hub B,62,47.544
ORD06033,C1033,3,Hub B,69,47.544
ORD06034,C1034,1,Hub B,76,47.544
ORD06035,C1035,2,Hub B,23,47.544
ORD06036,C1036,3,Hub B,30,47.544
ORD06037,C1037,1,Hub B,37,47.544
ORD06038,C1038,2,Hub B,44,47.544
ORD06039,C1039,3,Hub B,51,47.544
ORD06040,C1040,1,Hub B,58,47.544
ORD06041,C1041,2,Hub B,65,47.544
ORD06042,C1042,3,Hub B,72,47.544
ORD06043,C1043,1,Hub B,19,47.544
ORD06044,C1044,2,Hub B,26,47.544
ORD06045,C1045,3,Hub B,33,47.544
ORD06046,C1046,1,Hub B,40,47.544
ORD06047,C1047,2,Hub B,47,47.544
ORD06048,C1048,3,Hub B,54,47.544
ORD06049,C1049,1,Hub B,61,47.544
ORD06050,C1050,2,Hub B,68,47.544
ORD06051,C1051,3,Hub B,75,47.544
ORD06052,C1052,1,Hub B,22,47.544
ORD06053,C1053,2,Hub B,29,47.544
ORD06054,C1054,3,Hub B,36,47.544
ORD06055,C1055,1,Hub B,43,47.544
ORD06056,C1056,2,Hub B,50,47.544
ORD06057,C1057,3,Hub B,57,47.544
ORD06058,C1058,1,Hub B,64,47.544
ORD06059,C1059,2,Hub B,71,47.544
ORD06060,C1060,3,Hub B,18,47.544
ORD06061,C1061,1,Hub B,25,47.544
ORD06062,C1062,2,Hub B,32,47.544
ORD06063,C1063,3,Hub B,39,47.544
ORD06064,C1064,1,Hub B,46,47.544
ORD06065,C1065,2,Hub B,53,47.544
ORD06066,C1066,3,Hub B,60,47.544
ORD06067,C1067,1,Hub B,67,47.544
ORD06068,C1068,2,Hub B,74,47.544
ORD06069,C1069,3,Hub B,21,47.544
ORD06070,C1070,1,Hub B,28,47.544
ORD06071,C1071,2,Hub B,35,47.544
ORD06072,C1072,3,Hub B,42,47.544
ORD06073,C1073,1,Hub B,49,47.544
ORD06074,C1074,2,Hub B,56,47.544
ORD06075,C1075,3,Hub B,63,47.544
ORD06076,C1076,1,Hub B,70,47.544
ORD06077,C1077,2,Hub B,77,47.544
ORD06078,C1078,3,Hub B,24,47.544
ORD06079,C1079,1,Hub B,31,47.544
ORD06080,C1080,2,Hub B,38,47.544
ORD06081,C1081,3,Hub B,45,47.544
ORD06082,C1082,1,Hub B,52,47.544
ORD06083,C1083,2,Hub B,59,47.544
ORD06084,C1084,3,Hub B,66,47.544
ORD06085,C1085,1,Hub B,73,47.544
ORD06086,C1086,2,Hub B,20,47.544
ORD06087,C1087,3,Hub B,27,47.544
ORD06088,C1088,1,Hub B,34,47.544
ORD06089,C1089,2,Hub B,41,47.544
ORD06090,C1090,3,Hub B,48,47.544
ORD06091,C1091,1,Hub B,55,47.544
ORD06092,C1092,2,Hub B,62,47.544
ORD06093,C1093,3,Hub B,69,47.544
ORD06094,C1094,1,Hub B,76,47.544
ORD06095,C1095,2,Hub B,23,47.544
ORD06096,C1096,3,Hub B,30,47.544
ORD06097,C1097,1,Hub B,37,47.544
ORD06098,C1098,2,Hub B,44,47.544
ORD06099,C1099,3,Hub B,51,47.544
ORD06100,C1100,1,Hub B,58,47.544
ORD06101,C1101,2,Hub B,65,47.544
ORD06102,C1102,3,Hub B,72,47.544
ORD06103,C1103,1,Hub B,19,47.544
ORD06104,C1104,2,Hub B,26,47.544
ORD06105,C1105,3,Hub B,33,47.544
ORD06106,C1106,1,Hub B,40,47.544
ORD06107,C1107,2,Hub B,47,47.544
ORD06108,C1108,3,Hub B,54,47.544
ORD06109,C1109,1,Hub B,61,47.544
ORD06110,C1110,2,Hub B,68,47.544
ORD06111,C1111,3,Hub B,75,47.544
ORD06112,C1112,1,Hub B,22,47.544
ORD06113,C1113,2,Hub B,29,47.544
ORD06114,C1114,3,Hub B,36,47.544
ORD06115,C1115,1,Hub B,43,47.544
ORD06116,C1116,2,Hub B,50,47.544
ORD06117,C1117,3,Hub B,57,47.544
ORD06118,C1118,1,Hub B,64,47.544
ORD06119,C1119,2,Hub B,71,47.544
ORD06120,C1120,3,Hub B,18,47.544
ORD06121,C1121,1,Hub B,25,47.544
ORD06122,C1122,2,Hub B,32,47.544
ORD06123,C1123,3,Hub B,39,47.544
ORD06124,C1124,1,Hub B,46,47.544
ORD06125,C1125,2,Hub B,53,47.544
ORD06126,C1126,3,Hub B,60,47.544
ORD06127,C1127,1,Hub B,67,47.544
ORD06128,C1128,2,Hub B,74,47.544
ORD06129,C1129,3,Hub B,21,47.544
ORD06130,C1130,1,Hub B,28,47.544
ORD06131,C1131,2,Hub B,35,47.544
ORD06132,C1132,3,Hub B,42,47.544
ORD06133,C1133,1,Hub B,49,47.544
ORD06134,C1134,2,Hub B,56,47.544
ORD06135,C1135,3,Hub B,63,47.544
ORD06136,C1136,1,Hub B,70,47.544
ORD06137,C1137,2,Hub B,77,47.544
ORD06138,C1138,3,Hub B,24,47.544
ORD06139,C1139,1,Hub B,31,47.544
ORD06140,C1140,2,Hub B,38,47.544
ORD06141,C1141,3,Hub B,45,47.544
ORD06142,C1142,1,Hub B,52,47.544
ORD06143,C1143,2,Hub B,59,47.544
ORD06144,C1144,3,Hub B,66,47.544
ORD06145,C1145,1,Hub B,73,47.544
ORD06146,C1146,2,Hub B,20,47.544
ORD06147,C1147,3,Hub B,27,47.544
ORD06148,C1148,1,Hub B,34,47.544
ORD06149,C1149,2,Hub B,41,47.544
ORD06150,C1150,3,Hub B,48,47.544
ORD06151,C1151,1,Hub B,55,47.544
ORD06152,C1152,2,Hub B,62,47.544
ORD06153,C1153,3,Hub B,69,47.544
ORD06154,C1154,1,Hub B,76,47.544
ORD06155,C1155,2,Hub B,23,47.544
ORD06156,C1156,3,Hub B,30,47.544
ORD06157,C1157,1,Hub B,37,47.544
ORD06158,C1158,2,Hub B,44,47.544
ORD06159,C1159,3,Hub B,51,47.544
ORD06160,C1160,1,Hub B,58,47.544
ORD06161,C1161,2,Hub B,65,47.544
ORD06162,C1162,3,Hub B,72,47.544
ORD06163,C1163,1,Hub B,19,47.544
ORD06164,C1164,2,Hub B,26,47.544
ORD06165,C1165,3,Hub B,33,47.544
ORD06166,C1166,1,Hub B,40,47.544
ORD06167,C1167,2,Hub B,47,47.544
ORD06168,C1168,3,Hub B,54,47.544
ORD06169,C1169,1,Hub B,61,47.544
ORD06170,C1170,2,Hub B,68,47.544
ORD06171,C1171,3,Hub B,75,47.544
ORD06172,C1172,1,Hub B,22,47.544
ORD06173,C1173,2,Hub B,29,47.544
ORD06174,C1174,3,Hub B,36,47.544
ORD06175,C1175,1,Hub B,43,47.544
ORD06176,C1176,2,Hub B,50,47.544
ORD06177,C1177,3,Hub B,57,47.544
ORD06178,C1178,1,Hub B,64,47.544
ORD06179,C1179,2,Hub B,71,47.544
ORD06180,C1180,3,Hub B,18,47.544
ORD06181,C1181,1,Hub B,25,47.544
ORD06182,C1182,2,Hub B,32,47.544
ORD06183,C1183,3,Hub B,39,47.544
ORD06184,C1184,1,Hub B,46,47.544
ORD06185,C1185,2,Hub B,53,47.544
ORD06186,C1186,3,Hub B,60,47.544
ORD06187,C1187,1,Hub B,67,47.544
ORD06188,C1188,2,Hub B,74,47.544
ORD06189,C1189,3,Hub B,21,47.544
ORD06190,C1190,1,Hub B,28,47.544
ORD06191,C1191,2,Hub B,35,47.544
ORD06192,C1192,3,Hub B,42,47.544
ORD06193,C1193,1,Hub B,49,47.544
ORD06194,C1194,2,Hub B,56,47.544
ORD06195,C1195,3,Hub B,63,47.544
ORD06196,C1196,1,Hub B,70,47.544
ORD06197,C1197,2,Hub B,77,47.544
ORD06198,C1198,3,Hub B,24,47.544
ORD06199,C1199,1,Hub B,31,47.544
ORD06200,C1200,2,Hub B,38,47.544
ORD06201,C1201,3,Hub B,45,47.544
ORD06202,C1202,1,Hub B,52,47.544
ORD06203,C1203,2,Hub B,59,47.544
ORD06204,C1204,3,Hub B,66,47.544
ORD06205,C1205,1,Hub B,73,47.544
ORD06206,C1206,2,Hub B,20,47.544
ORD06207,C1207,3,Hub B,27,47.544
ORD06208,C1208,1,Hub B,34,47.544
ORD06209,C1209,2,Hub B,41,47.544
ORD06210,C1210,3,Hub B,48,47.544
ORD06211,C1211,1,Hub B,55,47.544
ORD06212,C1212,2,Hub B,62,47.544
ORD06213,C1213,3,Hub B,69,47.544
ORD06214,C1214,1,Hub B,76,47.544
ORD06215,C1215,2,Hub B,23,47.544
ORD06216,C1216,3,Hub B,30,47.544
ORD06217,C1217,1,Hub B,37,47.544
ORD06218,C1218,2,Hub B,44,47.544
ORD06219,C1219,3,Hub B,51,47.544
ORD06220,C1220,1,Hub B,58,47.544
ORD06221,C1221,2,Hub B,65,47.544
ORD06222,C1222,3,Hub B,72,47.544
ORD06223,C1223,1,Hub B,19,47.544
ORD06224,C1224,2,Hub B,26,47.544
ORD06225,C1225,3,Hub B,33,47.544
ORD06226,C1226,1,Hub B,40,47.544
ORD06227,C1227,2,Hub B,47,47.544
ORD06228,C1228,3,Hub B,54,47.544
ORD06229,C1229,1,Hub B,61,47.544
ORD06230,C1230,2,Hub B,68,47.544
ORD06231,C1231,3,Hub B,75,47.544
ORD06232,C1232,1,Hub B,22,47.544
ORD06233,C1233,2,Hub B,29,47.544
ORD06234,C1234,3,Hub B,36,47.544
ORD06235,C1235,1,Hub B,43,47.544
ORD06236,C1236,2,Hub B,50,47.544
ORD06237,C1237,3,Hub B,57,47.544
ORD06238,C1238,1,Hub B,64,47.544
ORD06239,C1239,2,Hub B,71,47.544
ORD06240,C1240,3,Hub B,18,47.544
ORD06241,C1241,1,Hub B,25,47.544
ORD06242,C1242,2,Hub B,32,47.544
ORD06243,C1243,3,Hub B,39,47.544
ORD06244,C1244,1,Hub B,46,47.544
ORD06245,C1245,2,Hub B,53,47.544
ORD06246,C1246,3,Hub B,60,47.544
ORD06247,C1247,1,Hub B,67,47.544
ORD06248,C1248,2,Hub B,74,47.544
ORD06249,C1249,3,Hub B,21,47.544
ORD06250,C1250,1,Hub B,28,47.544
ORD06251,C1251,2,Hub B,35,47.544
ORD06252,C1252,3,Hub B,42,47.544
ORD06253,C1253,1,Hub B,49,47.544
ORD06254,C1254,2,Hub B,56,47.544
ORD06255,C1255,3,Hub B,63,47.544
ORD06256,C1256,1,Hub B,70,47.544
ORD06257,C1257,2,Hub B,77,47.544
ORD06258,C1258,3,Hub B,24,47.544
ORD06259,C1259,1,Hub B,31,47.544
ORD06260,C1260,2,Hub B,38,47.544
ORD06261,C1261,3,Hub B,45,47.544
ORD06262,C1262,1,Hub B,52,47.544
ORD06263,C1263,2,Hub B,59,47.544
ORD06264,C1264,3,Hub B,66,47.544
ORD06265,C1265,1,Hub B,73,47.544
ORD06266,C1266,2,Hub B,20,47.544
ORD06267,C1267,3,Hub B,27,47.544
ORD06268,C1268,1,Hub B,34,47.544
ORD06269,C1269,2,Hub B,41,47.544
ORD06270,C1270,3,Hub B,48,47.544
ORD06271,C1271,1,Hub B,55,47.544
ORD06272,C1272,2,Hub B,62,47.544
ORD06273,C1273,3,Hub B,69,47.544
ORD06274,C1274,1,Hub B,76,47.544
ORD06275,C1275,2,Hub B,23,47.544
ORD06276,C1276,3,Hub B,30,47.544
ORD06277,C1277,1,Hub B,37,47.544
ORD06278,C1278,2,Hub B,44,47.544
ORD06279,C1279,3,Hub B,51,47.544
ORD06280,C1280,1,Hub B,58,47.544
ORD06281,C1281,2,Hub B,65,47.544
ORD06282,C1282,3,Hub B,72,47.544
ORD06283,C1283,1,Hub B,19,47.544
ORD06284,C1284,2,Hub B,26,47.544
ORD06285,C1285,3,Hub B,33,47.544
ORD06286,C1286,1,Hub B,40,47.544
ORD06287,C1287,2,Hub B,47,47.544
ORD06288,C1288,3,Hub B,54,47.544
ORD06289,C1289,1,Hub B,61,47.544
ORD06290,C1290,2,Hub B,68,47.544
ORD06291,C1291,3,Hub B,75,47.544
ORD06292,C1292,1,Hub B,22,47.544
ORD06293,C1293,2,Hub B,29,47.544
ORD06294,C1294,3,Hub B,36,47.544
ORD06295,C1295,1,Hub B,43,47.544
ORD06296,C1296,2,Hub B,50,47.544
ORD06297,C1297,3,Hub B,57,47.544
ORD06298,C1298,1,Hub B,64,47.544
ORD06299,C1299,2,Hub B,71,47.544
ORD06300,C1300,3,Hub B,18,47.544
ORD06301,C1301,1,Hub B,25,47.544
ORD06302,C1302,2,Hub B,32,47.544
ORD06303,C1303,3,Hub B,39,47.544
ORD06304,C1304,1,Hub B,46,47.544
ORD06305,C1305,2,Hub B,53,47.544
ORD06306,C1306,3,Hub B,60,47.544
ORD06307,C1307,1,Hub B,67,47.544
ORD06308,C1308,2,Hub B,74,47.544
ORD06309,C1309,3,Hub B,21,47.544
ORD06310,C1310,1,Hub B,28,47.544
ORD06311,C1311,2,Hub B,35,47.544
ORD06312,C1312,3,Hub B,42,47.544
ORD06313,C1313,1,Hub B,49,47.544
ORD06314,C1314,2,Hub B,56,47.544
ORD06315,C1315,3,Hub B,63,47.544
ORD06316,C1316,1,Hub B,70,47.544
ORD06317,C1317,2,Hub B,77,47.544
ORD06318,C1318,3,Hub B,24,47.544
ORD06319,C1319,1,Hub B,31,47.544
ORD06320,C1320,2,Hub B,38,47.544
ORD06321,C1321,3,Hub B,45,47.544
ORD06322,C1322,1,Hub B,52,47.544
ORD06323,C1323,2,Hub B,59,47.544
ORD06324,C1324,3,Hub B,66,47.544
ORD06325,C1325,1,Hub B,73,47.544
ORD06326,C1326,2,Hub B,20,47.544
ORD06327,C1327,3,Hub B,27,47.544
ORD06328,C1328,1,Hub B,34,47.544
ORD06329,C1329,2,Hub B,41,47.544
ORD06330,C1330,3,Hub B,48,47.544
ORD06331,C1331,1,Hub B,55,47.544
ORD06332,C1332,2,Hub B,62,47.544
ORD06333,C1333,3,Hub B,69,47.544
ORD06334,C1334,1,Hub B,76,47.544
ORD06335,C1335,2,Hub B,23,47.544
ORD06336,C1336,3,Hub B,30,47.544
ORD06337,C1337,1,Hub B,37,47.544
ORD06338,C1338,2,Hub B,44,47.544
ORD06339,C1339,3,Hub B,51,47.544
ORD06340,C1340,1,Hub B,58,47.544
ORD06341,C1341,2,Hub B,65,47.544
ORD06342,C1342,3,Hub B,72,47.544
ORD06343,C1343,1,Hub B,19,47.544
ORD06344,C1344,2,Hub B,26,47.544
ORD06345,C1345,3,Hub B,33,47.544
ORD06346,C1346,1,Hub B,40,47.544
ORD06347,C1347,2,Hub B,47,47.544
ORD06348,C1348,3,Hub B,54,47.544
ORD06349,C1349,1,Hub B,61,47.544
ORD06350,C1350,2,Hub B,68,47.544
ORD06351,C1351,3,Hub B,75,47.544
ORD06352,C1352,1,Hub B,22,47.544
ORD06353,C1353,2,Hub B,29,47.544
ORD06354,C1354,3,Hub B,36,47.544
ORD06355,C1355,1,Hub B,43,47.544
ORD06356,C1356,2,Hub B,50,47.544
ORD06357,C1357,3,Hub B,57,47.544
ORD06358,C1358,1,Hub B,64,47.544
ORD06359,C1359,2,Hub B,71,47.544
ORD06360,C1360,3,Hub B,18,47.544
ORD06361,C1361,1,Hub B,25,47.544
ORD06362,C1362,2,Hub B,32,47.544
ORD06363,C1363,3,Hub B,39,47.544
ORD06364,C1364,1,Hub B,46,47.544
ORD06365,C1365,2,Hub B,53,47.544
ORD06366,C1366,3,Hub B,60,47.544
ORD06367,C1367,1,Hub B,67,47.544
ORD06368,C1368,2,Hub B,74,47.544
ORD06369,C1369,3,Hub B,21,47.544
ORD06370,C1370,1,Hub B,28,47.544
ORD06371,C1371,2,Hub B,35,47.544
ORD06372,C1372,3,Hub B,42,47.544
ORD06373,C1373,1,Hub B,49,47.544
ORD06374,C1374,2,Hub B,56,47.544
ORD06375,C1375,3,Hub B,63,47.544
ORD06376,C1376,1,Hub B,70,47.544
ORD06377,C1377,2,Hub B,77,47.544
ORD06378,C1378,3,Hub B,24,47.544
ORD06379,C1379,1,Hub B,31,47.544
ORD06380,C1380,2,Hub B,38,47.544
ORD06381,C1381,3,Hub B,45,47.544
ORD06382,C1382,1,Hub B,52,47.544
ORD06383,C1383,2,Hub B,59,47.544
ORD06384,C1384,3,Hub B,66,47.544
ORD06385,C1385,1,Hub B,73,47.544
ORD06386,C1386,2,Hub B,20,47.544
ORD06387,C1387,3,Hub B,27,47.544
ORD06388,C1388,1,Hub B,34,47.544
ORD06389,C1389,2,Hub B,41,47.544
ORD06390,C1390,3,Hub B,48,47.544
ORD06391,C1391,1,Hub B,55,47.544
ORD06392,C1392,2,Hub B,62,47.544
ORD06393,C1393,3,Hub B,69,47.544
ORD06394,C1394,1,Hub B,76,47.544
ORD06395,C1395,2,Hub B,23,47.544
ORD06396,C1396,3,Hub B,30,47.544
ORD06397,C1397,1,Hub B,37,47.544
ORD06398,C1398,2,Hub B,44,47.544
ORD06399,C1399,3,Hub B,51,47.544
ORD06400,C1400,1,Hub B,58,47.544
ORD06401,C1401,2,Hub B,65,47.544
ORD06402,C1402,3,Hub B,72,47.544
ORD06403,C1403,1,Hub B,19,47.544
ORD06404,C1404,2,Hub B,26,47.544
ORD06405,C1405,3,Hub B,33,47.544
ORD06406,C1406,1,Hub B,40,47.544
ORD06407,C1407,2,Hub B,47,47.544
ORD06408,C1408,3,Hub B,54,47.544
ORD06409,C1409,1,Hub B,61,47.544
ORD06410,C1410,2,Hub B,68,47.544
ORD06411,C1411,3,Hub B,75,47.544
ORD06412,C1412,1,Hub B,22,47.544
ORD06413,C1413,2,Hub B,29,47.544
ORD06414,C1414,3,Hub B,36,47.544
ORD06415,C1415,1,Hub B,43,47.544
ORD06416,C1416,2,Hub B,50,47.544
ORD06417,C1417,3,Hub B,57,47.544
ORD06418,C1418,1,Hub B,64,47.544
ORD06419,C1419,2,Hub B,71,47.544
ORD06420,C1420,3,Hub B,18,47.544
ORD06421,C1421,1,Hub B,25,47.544
ORD06422,C1422,2,Hub B,32,47.544
ORD06423,C1423,3,Hub B,39,47.544
ORD06424,C1424,1,Hub B,46,47.544
ORD06425,C1425,2,Hub B,53,47.544
ORD06426,C1426,3,Hub B,60,47.544
ORD06427,C1427,1,Hub B,67,47.544
ORD06428,C1428,2,Hub B,74,47.544
ORD06429,C1429,3,Hub B,21,47.544
ORD06430,C1430,1,Hub B,28,47.544
ORD06431,C1431,2,Hub B,35,47.544
ORD06432,C1432,3,Hub B,42,47.544
ORD06433,C1433,1,Hub B,49,47.544
ORD06434,C1434,2,Hub B,56,47.544
ORD06435,C1435,3,Hub B,63,47.544
ORD06436,C1436,1,Hub B,70,47.544
ORD06437,C1437,2,Hub B,77,47.544
ORD06438,C1438,3,Hub B,24,47.544
ORD06439,C1439,1,Hub B,31,47.544
ORD06440,C1440,2,Hub B,38,47.544
ORD06441,C1441,3,Hub B,45,47.544
ORD06442,C1442,1,Hub B,52,47.544
ORD06443,C1443,2,Hub B,59,47.544
ORD06444,C1444,3,Hub B,66,47.544
ORD06445,C1445,1,Hub B,73,47.544
ORD06446,C1446,2,Hub B,20,47.544
ORD06447,C1447,3,Hub B,27,47.544
ORD06448,C1448,1,Hub B,34,47.544
ORD06449,C1449,2,Hub B,41,47.544
ORD06450,C1450,3,Hub B,48,47.544
ORD06451,C1451,1,Hub B,55,47.544
ORD06452,C1452,2,Hub B,62,47.544
ORD06453,C1453,3,Hub B,69,47.544
ORD06454,C1454,1,Hub B,76,47.544
ORD06455,C1455,2,Hub B,23,47.544
ORD06456,C1456,3,Hub B,30,47.544
ORD06457,C1457,1,Hub B,37,47.544
ORD06458,C1458,2,Hub B,44,47.544
ORD06459,C1459,3,Hub B,51,47.544
ORD06460,C1460,1,Hub B,58,47.544
ORD06461,C1461,2,Hub B,65,47.544
ORD06462,C1462,3,Hub B,72,47.544
ORD06463,C1463,1,Hub B,19,47.544
ORD06464,C1464,2,Hub B,26,47.544
ORD06465,C1465,3,Hub B,33,47.544
ORD06466,C1466,1,Hub B,40,47.544
ORD06467,C1467,2,Hub B,47,47.544
ORD06468,C1468,3,Hub B,54,47.544
ORD06469,C1469,1,Hub B,61,47.544
ORD06470,C1470,2,Hub B,68,47.544
ORD06471,C1471,3,Hub B,75,47.544
ORD06472,C1472,1,Hub B,22,47.544
ORD06473,C1473,2,Hub B,29,47.544
ORD06474,C1474,3,Hub B,36,47.544
ORD06475,C1475,1,Hub B,43,47.544
ORD06476,C1476,2,Hub B,50,47.544
ORD06477,C1477,3,Hub B,57,47.544
ORD06478,C1478,1,Hub B,64,47.544
ORD06479,C1479,2,Hub B,71,47.544
ORD06480,C1480,3,Hub B,18,47.544
ORD06481,C1481,1,Hub B,25,47.544
ORD06482,C1482,2,Hub B,32,47.544
ORD06483,C1483,3,Hub B,39,47.544
ORD06484,C1484,1,Hub B,46,47.544
ORD06485,C1485,2,Hub B,53,47.544
ORD06486,C1486,3,Hub B,60,47.544
ORD06487,C1487,1,Hub B,67,47.544
ORD06488,C1488,2,Hub B,74,47.544
ORD06489,C1489,3,Hub B,21,47.544
ORD06490,C1490,1,Hub B,28,47.544
ORD06491,C1491,2,Hub B,35,47.544
ORD06492,C1492,3,Hub B,42,47.544
ORD06493,C1493,1,Hub B,49,47.544
ORD06494,C1494,2,Hub B,56,47.544
ORD06495,C1495,3,Hub B,63,47.544
ORD06496,C1496,1,Hub B,70,47.544
ORD06497,C1497,2,Hub B,77,47.544
ORD06498,C1498,3,Hub B,24,47.544
ORD06499,C1499,1,Hub B,31,47.544
ORD06500,C1500,2,Hub B,38,47.544
ORD06501,C1501,3,Hub B,45,47.544
ORD06502,C1502,1,Hub B,52,47.544
ORD06503,C1503,2,Hub B,59,47.544
ORD06504,C1504,3,Hub B,66,47.544
ORD06505,C1505,1,Hub B,73,47.544
ORD06506,C1506,2,Hub B,20,47.544
ORD06507,C1507,3,Hub B,27,47.544
ORD06508,C1508,1,Hub B,34,47.544
ORD06509,C1509,2,Hub B,41,47.544
ORD06510,C1510,3,Hub B,48,47.544
ORD06511,C1511,1,Hub B,55,47.544
ORD06512,C1512,2,Hub B,62,47.544
ORD06513,C1513,3,Hub B,69,47.544
ORD06514,C1514,1,Hub B,76,47.544
ORD06515,C1515,2,Hub B,23,47.544
ORD06516,C1516,3,Hub B,30,47.544
ORD06517,C1517,1,Hub B,37,47.544
ORD06518,C1518,2,Hub B,44,47.544
ORD06519,C1519,3,Hub B,51,47.544
ORD06520,C1520,1,Hub B,58,47.544
ORD06521,C1521,2,Hub B,65,47.544
ORD06522,C1522,3,Hub B,72,47.544
ORD06523,C1523,1,Hub B,19,47.544
ORD06524,C1524,2,Hub B,26,47.544
ORD06525,C1525,3,Hub B,33,47.544
ORD06526,C1526,1,Hub B,40,47.544
ORD06527,C1527,2,Hub B,47,47.544
ORD06528,C1528,3,Hub B,54,47.544
ORD06529,C1529,1,Hub B,61,47.544
ORD06530,C1530,2,Hub B,68,47.544
ORD06531,C1531,3,Hub B,75,47.544
ORD06532,C1532,1,Hub B,22,47.544
ORD06533,C1533,2,Hub B,29,47.544
ORD06534,C1534,3,Hub B,36,47.544
ORD06535,C1535,1,Hub B,43,47.544
ORD06536,C1536,2,Hub B,50,47.544
ORD06537,C1537,3,Hub B,57,47.544
ORD06538,C1538,1,Hub B,64,47.544
ORD06539,C1539,2,Hub B,71,47.544
ORD06540,C1540,3,Hub B,18,47.544
ORD06541,C1541,1,Hub B,25,47.544
ORD06542,C1542,2,Hub B,32,47.544
ORD06543,C1543,3,Hub B,39,47.544
ORD06544,C1544,1,Hub B,46,47.544
ORD06545,C1545,2,Hub B,53,47.544
ORD06546,C1546,3,Hub B,60,47.544
ORD06547,C1547,1,Hub B,67,47.544
ORD06548,C1548,2,Hub B,74,47.544
ORD06549,C1549,3,Hub B,21,47.544
ORD06550,C1550,1,Hub B,28,47.544
ORD06551,C1551,2,Hub B,35,47.544
ORD06552,C1552,3,Hub B,42,47.544
ORD06553,C1553,1,Hub B,49,47.544
ORD06554,C1554,2,Hub B,56,47.544
ORD06555,C1555,3,Hub B,63,47.544
ORD06556,C1556,1,Hub B,70,47.544
ORD06557,C1557,2,Hub B,77,47.544
ORD06558,C1558,3,Hub B,24,47.544
ORD06559,C1559,1,Hub B,31,47.544
ORD06560,C1560,2,Hub B,38,47.544
ORD06561,C1561,3,Hub B,45,47.544
ORD06562,C1562,1,Hub B,52,47.544
ORD06563,C1563,2,Hub B,59,47.544
ORD06564,C1564,3,Hub B,66,47.544
ORD06565,C1565,1,Hub B,73,47.544
ORD06566,C1566,2,Hub B,20,47.544
ORD06567,C1567,3,Hub B,27,47.544
ORD06568,C1568,1,Hub B,34,47.544
ORD06569,C1569,2,Hub B,41,47.544
ORD06570,C1570,3,Hub B,48,47.544
ORD06571,C1571,1,Hub B,55,47.544
ORD06572,C1572,2,Hub B,62,47.544
ORD06573,C1573,3,Hub B,69,47.544
ORD06574,C1574,1,Hub B,76,47.544
ORD06575,C1575,2,Hub B,23,47.544
ORD06576,C1576,3,Hub B,30,47.544
ORD06577,C1577,1,Hub B,37,47.544
ORD06578,C1578,2,Hub B,44,47.544
ORD06579,C1579,3,Hub B,51,47.544
ORD06580,C1580,1,Hub B,58,47.544
ORD06581,C1581,2,Hub B,65,47.544
ORD06582,C1582,3,Hub B,72,47.544
ORD06583,C1583,1,Hub B,19,47.544
ORD06584,C1584,2,Hub B,26,47.544
ORD06585,C1585,3,Hub B,33,47.544
ORD06586,C1586,1,Hub B,40,47.544
ORD06587,C1587,2,Hub B,47,47.544
ORD06588,C1588,3,Hub B,54,47.544
ORD06589,C1589,1,Hub B,61,47.544
ORD06590,C1590,2,Hub B,68,47.544
ORD06591,C1591,3,Hub B,75,47.544
ORD06592,C1592,1,Hub B,22,47.544
ORD06593,C1593,2,Hub B,29,47.544
ORD06594,C1594,3,Hub B,36,47.544
ORD06595,C1595,1,Hub B,43,47.544
ORD06596,C1596,2,Hub B,50,47.544
ORD06597,C1597,3,Hub B,57,47.544
ORD06598,C1598,1,Hub B,64,47.544
ORD06599,C1599,2,Hub B,71,47.544
ORD06600,C1600,3,Hub B,18,47.544
ORD06601,C1601,1,Hub B,25,47.544
ORD06602,C1602,2,Hub B,32,47.544
ORD06603,C1603,3,Hub B,39,47.544
ORD06604,C1604,1,Hub B,46,47.544
ORD06605,C1605,2,Hub B,53,47.544
ORD06606,C1606,3,Hub B,60,47.544
ORD06607,C1607,1,Hub B,67,47.544
ORD06608,C1608,2,Hub B,74,47.544
ORD06609,C1609,3,Hub B,21,47.544
ORD06610,C1610,1,Hub B,28,47.544
ORD06611,C1611,2,Hub B,35,47.544
ORD06612,C1612,3,Hub B,42,47.544
ORD06613,C1613,1,Hub B,49,47.544
ORD06614,C1614,2,Hub B,56,47.544
ORD06615,C1615,3,Hub B,63,47.544
ORD06616,C1616,1,Hub B,70,47.544
ORD06617,C1617,2,Hub B,77,47.544
ORD06618,C1618,3,Hub B,24,47.544
ORD06619,C1619,1,Hub B,31,47.544
ORD06620,C1620,2,Hub B,38,47.544
ORD06621,C1621,3,Hub B,45,47.544
ORD06622,C1622,1,Hub B,52,47.544
ORD06623,C1623,2,Hub B,59,47.544
ORD06624,C1624,3,Hub B,66,47.544
ORD06625,C1625,1,Hub B,73,47.544
ORD06626,C1626,2,Hub B,20,47.544
ORD06627,C1627,3,Hub B,27,47.544
ORD06628,C1628,1,Hub B,34,47.544
ORD06629,C1629,2,Hub B,41,47.544
ORD06630,C1630,3,Hub B,48,47.544
ORD06631,C1631,1,Hub B,55,47.544
ORD06632,C1632,2,Hub B,62,47.544
ORD06633,C1633,3,Hub B,69,47.544
ORD06634,C1634,1,Hub B,76,47.544
ORD06635,C1635,2,Hub B,23,47.544
ORD06636,C1636,3,Hub B,30,47.544
ORD06637,C1637,1,Hub B,37,47.544
ORD06638,C1638,2,Hub B,44,47.792
ORD06639,C1639,3,Hub C,51,13.0
ORD06640,C1640,1,Hub C,58,13.0
ORD06641,C1641,2,Hub C,65,13.0
ORD06642,C1642,3,Hub C,72,13.0
ORD06643,C1643,1,Hub C,19,13.0
ORD06644,C1644,2,Hub C,26,13.0
ORD06645,C1645,3,Hub C,33,13.0
ORD06646,C1646,1,Hub C,40,13.0
ORD06647,C1647,2,Hub C,47,13.0
ORD06648,C1648,3,Hub C,54,13.0
ORD06649,C1649,1,Hub C,61,13.0
ORD06650,C1650,2,Hub C,68,13.0
ORD06651,C1651,3,Hub C,75,13.0
ORD06652,C1652,1,Hub C,22,13.0
ORD06653,C1653,2,Hub C,29,13.0
ORD06654,C1654,3,Hub C,36,13.0
ORD06655,C1655,1,Hub C,43,13.0
ORD06656,C1656,2,Hub C,50,13.0
ORD06657,C1657,3,Hub C,57,13.0
ORD06658,C1658,1,Hub C,64,13.0
ORD06659,C1659,2,Hub C,71,13.0
ORD06660,C1660,3,Hub C,18,13.0
ORD06661,C1661,1,Hub C,25,13.0
ORD06662,C1662,2,Hub C,32,13.0
ORD06663,C1663,3,Hub C,39,13.0
ORD06664,C1664,1,Hub C,46,13.0
ORD06665,C1665,2,Hub C,53,13.0
ORD06666,C1666,3,Hub C,60,13.0
ORD06667,C1667,1,Hub C,67,13.0
ORD06668,C1668,2,Hub C,74,13.0
ORD06669,C1669,3,Hub C,21,13.0
ORD06670,C1670,1,Hub C,28,13.0
ORD06671,C1671,2,Hub C,35,13.0
ORD06672,C1672,3,Hub C,42,13.0
ORD06673,C1673,1,Hub C,49,13.0
ORD06674,C1674,2,Hub C,56,13.0
ORD06675,C1675,3,Hub C,63,13.0
ORD06676,C1676,1,Hub C,70,13.0
ORD06677,C1677,2,Hub C,77,13.0
ORD06678,C1678,3,Hub C,24,13.0
ORD06679,C1679,1,Hub C,31,13.0
ORD06680,C1680,2,Hub C,38,13.0
ORD06681,C1681,3,Hub C,45,13.0
ORD06682,C1682,1,Hub C,52,13.0
ORD06683,C1683,2,Hub C,59,13.0
ORD06684,C1684,3,Hub C,66,13.0
ORD06685,C1685,1,Hub C,73,13.0
ORD06686,C1686,2,Hub C,20,13.0
ORD06687,C1687,3,Hub C,27,13.0
ORD06688,C1688,1,Hub C,34,13.0
ORD06689,C1689,2,Hub C,41,13.0
ORD06690,C1690,3,Hub C,48,13.0
ORD06691,C1691,1,Hub C,55,13.0
ORD06692,C1692,2,Hub C,62,13.0
ORD06693,C1693,3,Hub C,69,13.0
ORD06694,C1694,1,Hub C,76,13.0
ORD06695,C1695,2,Hub C,23,13.0
ORD06696,C1696,3,Hub C,30,13.0
ORD06697,C1697,1,Hub C,37,13.0
ORD06698,C1698,2,Hub C,44,13.0
ORD06699,C1699,3,Hub C,51,13.0
ORD06700,C1700,1,Hub C,58,13.0
ORD06701,C1701,2,Hub C,65,13.0
ORD06702,C1702,3,Hub C,72,13.0
ORD06703,C1703,1,Hub C,19,13.0
ORD06704,C1704,2,Hub C,26,13.0
ORD06705,C1705,3,Hub C,33,13.0
ORD06706,C1706,1,Hub C,40,13.0
ORD06707,C1707,2,Hub C,47,13.0
ORD06708,C1708,3,Hub C,54,13.0
ORD06709,C1709,1,Hub C,61,13.0
ORD06710,C1710,2,Hub C,68,13.0
ORD06711,C1711,3,Hub C,75,13.0
ORD06712,C1712,1,Hub C,22,13.0
ORD06713,C1713,2,Hub C,29,13.0
ORD06714,C1714,3,Hub C,36,13.0
ORD06715,C1715,1,Hub C,43,13.0
ORD06716,C1716,2,Hub C,50,13.0
ORD06717,C1717,3,Hub C,57,13.0
ORD06718,C1718,1,Hub C,64,13.0
ORD06719,C1719,2,Hub C,71,13.0
ORD06720,C1720,3,Hub C,18,13.0
ORD06721,C1721,1,Hub C,25,13.0
ORD06722,C1722,2,Hub C,32,13.0
ORD06723,C1723,3,Hub C,39,13.0
ORD06724,C1724,1,Hub C,46,13.0
ORD06725,C1725,2,Hub C,53,13.0
ORD06726,C1726,3,Hub C,60,13.0
ORD06727,C1727,1,Hub C,67,13.0
ORD06728,C1728,2,Hub C,74,13.0
ORD06729,C1729,3,Hub C,21,13.0
ORD06730,C1730,1,Hub C,28,13.0
ORD06731,C1731,2,Hub C,35,13.0
ORD06732,C1732,3,Hub C,42,13.0
ORD06733,C1733,1,Hub C,49,13.0
ORD06734,C1734,2,Hub C,56,13.0
ORD06735,C1735,3,Hub C,63,13.0
ORD06736,C1736,1,Hub C,70,13.0
ORD06737,C1737,2,Hub C,77,13.0
ORD06738,C1738,3,Hub C,24,13.0
ORD06739,C1739,1,Hub C,31,13.0
ORD06740,C1740,2,Hub C,38,13.0
ORD06741,C1741,3,Hub C,45,13.0
ORD06742,C1742,1,Hub C,52,13.0
ORD06743,C1743,2,Hub C,59,13.0
ORD06744,C1744,3,Hub C,66,13.0
ORD06745,C1745,1,Hub C,73,13.0
ORD06746,C1746,2,Hub C,20,13.0
ORD06747,C1747,3,Hub C,27,13.0
ORD06748,C1748,1,Hub C,34,13.0
ORD06749,C1749,2,Hub C,41,13.0
ORD06750,C1750,3,Hub C,48,13.0
ORD06751,C1751,1,Hub C,55,13.0
ORD06752,C1752,2,Hub C,62,13.0
ORD06753,C1753,3,Hub C,69,13.0
ORD06754,C1754,1,Hub C,76,13.0
ORD06755,C1755,2,Hub C,23,13.0
ORD06756,C1756,3,Hub C,30,13.0
ORD06757,C1757,1,Hub C,37,13.0
ORD06758,C1758,2,Hub C,44,13.0
ORD06759,C1759,3,Hub C,51,13.0
ORD06760,C1760,1,Hub C,58,13.0
ORD06761,C1761,2,Hub C,65,13.0
ORD06762,C1762,3,Hub C,72,13.0
ORD06763,C1763,1,Hub C,19,13.0
ORD06764,C1764,2,Hub C,26,13.0
ORD06765,C1765,3,Hub C,33,13.0
ORD06766,C1766,1,Hub C,40,13.0
ORD06767,C1767,2,Hub C,47,13.0
ORD06768,C1768,3,Hub C,54,13.0
ORD06769,C1769,1,Hub C,61,13.0
ORD06770,C1770,2,Hub C,68,13.0
ORD06771,C1771,3,Hub C,75,13.0
ORD06772,C1772,1,Hub C,22,13.0
ORD06773,C1773,2,Hub C,29,13.0
ORD06774,C1774,3,Hub C,36,13.0
ORD06775,C1775,1,Hub C,43,13.0
ORD06776,C1776,2,Hub C,50,13.0
ORD06777,C1777,3,Hub C,57,13.0
ORD06778,C1778,1,Hub C,64,13.0
ORD06779,C1779,2,Hub C,71,13.0
ORD06780,C1780,3,Hub C,18,13.0
ORD06781,C1781,1,Hub C,25,13.0
ORD06782,C1782,2,Hub C,32,13.0
ORD06783,C1783,3,Hub C,39,13.0
ORD06784,C1784,1,Hub C,46,13.0
ORD06785,C1785,2,Hub C,53,13.0
ORD06786,C1786,3,Hub C,60,13.0
ORD06787,C1787,1,Hub C,67,13.0
ORD06788,C1788,2,Hub C,74,13.0
ORD06789,C1789,3,Hub C,21,13.0
ORD06790,C1790,1,Hub C,28,13.0
ORD06791,C1791,2,Hub C,35,13.0
ORD06792,C1792,3,Hub C,42,13.0
ORD06793,C1793,1,Hub C,49,13.0
ORD06794,C1794,2,Hub C,56,13.0
ORD06795,C1795,3,Hub C,63,13.0
ORD06796,C1796,1,Hub C,70,13.0
ORD06797,C1797,2,Hub C,77,13.0
ORD06798,C1798,3,Hub C,24,13.0
ORD06799,C1799,1,Hub C,31,13.0
ORD06800,C1800,2,Hub C,38,13.0
ORD06801,C1801,3,Hub C,45,13.0
ORD06802,C1802,1,Hub C,52,13.0
ORD06803,C1803,2,Hub C,59,13.0
ORD06804,C1804,3,Hub C,66,13.0
ORD06805,C1805,1,Hub C,73,13.0
ORD06806,C1806,2,Hub C,20,13.0
ORD06807,C1807,3,Hub C,27,13.0
ORD06808,C1808,1,Hub C,34,13.0
ORD06809,C1809,2,Hub C,41,13.0
ORD06810,C1810,3,Hub C,48,13.0
ORD06811,C1811,1,Hub C,55,13.0
ORD06812,C1812,2,Hub C,62,13.0
ORD06813,C1813,3,Hub C,69,13.0
ORD06814,C1814,1,Hub C,76,13.0
ORD06815,C1815,2,Hub C,23,13.0
ORD06816,C1816,3,Hub C,30,13.0
ORD06817,C1817,1,Hub C,37,13.0
ORD06818,C1818,2,Hub C,44,13.0
ORD06819,C1819,3,Hub C,51,13.0
ORD06820,C1820,1,Hub C,58,13.0
ORD06821,C1821,2,Hub C,65,13.0
ORD06822,C1822,3,Hub C,72,13.0
ORD06823,C1823,1,Hub C,19,13.0
ORD06824,C1824,2,Hub C,26,13.0
ORD06825,C1825,3,Hub C,33,13.0
ORD06826,C1826,1,Hub C,40,13.0
ORD06827,C1827,2,Hub C,47,13.0
ORD06828,C1828,3,Hub C,54,13.0
ORD06829,C1829,1,Hub C,61,13.0
ORD06830,C1830,2,Hub C,68,13.0
ORD06831,C1831,3,Hub C,75,13.0
ORD06832,C1832,1,Hub C,22,13.0
ORD06833,C1833,2,Hub C,29,13.0
ORD06834,C1834,3,Hub C,36,13.0
ORD06835,C1835,1,Hub C,43,13.0
ORD06836,C1836,2,Hub C,50,13.0
ORD06837,C1837,3,Hub C,57,13.0
ORD06838,C1838,1,Hub C,64,13.0
ORD06839,C1839,2,Hub C,71,13.0
ORD06840,C1840,3,Hub C,18,13.0
ORD06841,C1841,1,Hub C,25,13.0
ORD06842,C1842,2,Hub C,32,13.0
ORD06843,C1843,3,Hub C,39,13.0
ORD06844,C1844,1,Hub C,46,13.0
ORD06845,C1845,2,Hub C,53,13.0
ORD06846,C1846,3,Hub C,60,13.0
ORD06847,C1847,1,Hub C,67,13.0
ORD06848,C1848,2,Hub C,74,13.0
ORD06849,C1849,3,Hub C,21,13.0
ORD06850,C1850,1,Hub C,28,13.0
ORD06851,C1851,2,Hub C,35,13.0
ORD06852,C1852,3,Hub C,42,13.0
ORD06853,C1853,1,Hub C,49,13.0
ORD06854,C1854,2,Hub C,56,13.0
ORD06855,C1855,3,Hub C,63,13.0
ORD06856,C1856,1,Hub C,70,13.0
ORD06857,C1857,2,Hub C,77,13.0
ORD06858,C1858,3,Hub C,24,13.0
ORD06859,C1859,1,Hub C,31,13.0
ORD06860,C1860,2,Hub C,38,13.0
ORD06861,C1861,3,Hub C,45,13.0
ORD06862,C1862,1,Hub C,52,13.0
ORD06863,C1863,2,Hub C,59,13.0
ORD06864,C1864,3,Hub C,66,13.0
ORD06865,C1865,1,Hub C,73,13.0
ORD06866,C1866,2,Hub C,20,13.0
ORD06867,C1867,3,Hub C,27,13.0
ORD06868,C1868,1,Hub C,34,13.0
ORD06869,C1869,2,Hub C,41,13.0
ORD06870,C1870,3,Hub C,48,13.0
ORD06871,C1871,1,Hub C,55,13.0
ORD06872,C1872,2,Hub C,62,13.0
ORD06873,C1873,3,Hub C,69,13.0
ORD06874,C1874,1,Hub C,76,13.0
ORD06875,C1875,2,Hub C,23,13.0
ORD06876,C1876,3,Hub C,30,13.0
ORD06877,C1877,1,Hub C,37,13.0
ORD06878,C1878,2,Hub C,44,13.0
ORD06879,C1879,3,Hub C,51,13.0
ORD06880,C1880,1,Hub C,58,13.0
ORD06881,C1881,2,Hub C,65,13.0
ORD06882,C1882,3,Hub C,72,13.0
ORD06883,C1883,1,Hub C,19,13.0
ORD06884,C1884,2,Hub C,26,13.0
ORD06885,C1885,3,Hub C,33,13.0
ORD06886,C1886,1,Hub C,40,13.0
ORD06887,C1887,2,Hub C,47,13.0
ORD06888,C1888,3,Hub C,54,13.0
ORD06889,C1889,1,Hub C,61,13.0
ORD06890,C1890,2,Hub C,68,13.0
ORD06891,C1891,3,Hub C,75,13.0
ORD06892,C1892,1,Hub C,22,13.0
ORD06893,C1893,2,Hub C,29,13.0
ORD06894,C1894,3,Hub C,36,13.0
ORD06895,C1895,1,Hub C,43,13.0
ORD06896,C1896,2,Hub C,50,13.0
ORD06897,C1897,3,Hub C,57,13.0
ORD06898,C1898,1,Hub C,64,13.0
ORD06899,C1899,2,Hub C,71,13.0
ORD06900,C1900,3,Hub C,18,13.0
ORD06901,C1901,1,Hub C,25,13.0
ORD06902,C1902,2,Hub C,32,13.0
ORD06903,C1903,3,Hub C,39,13.0
ORD06904,C1904,1,Hub C,46,13.0
ORD06905,C1905,2,Hub C,53,13.0
ORD06906,C1906,3,Hub C,60,13.0
ORD06907,C1907,1,Hub C,67,13.0
ORD06908,C1908,2,Hub C,74,13.0
ORD06909,C1909,3,Hub C,21,13.0
ORD06910,C1910,1,Hub C,28,13.0
ORD06911,C1911,2,Hub C,35,13.0
ORD06912,C1912,3,Hub C,42,13.0
ORD06913,C1913,1,Hub C,49,13.0
ORD06914,C1914,2,Hub C,56,13.0
ORD06915,C1915,3,Hub C,63,13.0
ORD06916,C1916,1,Hub C,70,13.0
ORD06917,C1917,2,Hub C,77,13.0
ORD06918,C1918,3,Hub C,24,13.0
ORD06919,C1919,1,Hub C,31,13.0
ORD06920,C1920,2,Hub C,38,13.0
ORD06921,C1921,3,Hub C,45,13.0
ORD06922,C1922,1,Hub C,52,13.0
ORD06923,C1923,2,Hub C,59,13.0
ORD06924,C1924,3,Hub C,66,13.0
ORD06925,C1925,1,Hub C,73,13.0
ORD06926,C1926,2,Hub C,20,13.0
ORD06927,C1927,3,Hub C,27,13.0
ORD06928,C1928,1,Hub C,34,13.0
ORD06929,C1929,2,Hub C,41,13.0
ORD06930,C1930,3,Hub C,48,13.0
ORD06931,C1931,1,Hub C,55,13.0
ORD06932,C1932,2,Hub C,62,13.0
ORD06933,C1933,3,Hub C,69,13.0
ORD06934,C1934,1,Hub C,76,13.0
ORD06935,C1935,2,Hub C,23,13.0
ORD06936,C1936,3,Hub C,30,13.0
ORD06937,C1937,1,Hub C,37,13.0
ORD06938,C1938,2,Hub C,44,13.0
ORD06939,C1939,3,Hub C,51,13.0
ORD06940,C1940,1,Hub C,58,13.0
ORD06941,C1941,2,Hub C,65,13.0
ORD06942,C1942,3,Hub C,72,13.0
ORD06943,C1943,1,Hub C,19,13.0
ORD06944,C1944,2,Hub C,26,13.0
ORD06945,C1945,3,Hub C,33,13.0
ORD06946,C1946,1,Hub C,40,13.0
ORD06947,C1947,2,Hub C,47,13.0
ORD06948,C1948,3,Hub C,54,13.0
ORD06949,C1949,1,Hub C,61,13.0
ORD06950,C1950,2,Hub C,68,13.0
ORD06951,C1951,3,Hub C,75,13.0
ORD06952,C1952,1,Hub C,22,13.0
ORD06953,C1953,2,Hub C,29,13.0
ORD06954,C1954,3,Hub C,36,13.0
ORD06955,C1955,1,Hub C,43,13.0
ORD06956,C1956,2,Hub C,50,13.0
ORD06957,C1957,3,Hub C,57,13.0
ORD06958,C1958,1,Hub C,64,13.0
ORD06959,C1959,2,Hub C,71,13.0
ORD06960,C1960,3,Hub C,18,13.0
ORD06961,C1961,1,Hub C,25,13.0
ORD06962,C1962,2,Hub C,32,13.0
ORD06963,C1963,3,Hub C,39,13.0
ORD06964,C1964,1,Hub C,46,13.0
ORD06965,C1965,2,Hub C,53,13.0
ORD06966,C1966,3,Hub C,60,13.0
ORD06967,C1967,1,Hub C,67,13.0
ORD06968,C1968,2,Hub C,74,13.0
ORD06969,C1969,3,Hub C,21,13.0
ORD06970,C1970,1,Hub C,28,13.0
ORD06971,C1971,2,Hub C,35,13.0
ORD06972,C1972,3,Hub C,42,13.0
ORD06973,C1973,1,Hub C,49,13.0
ORD06974,C1974,2,Hub C,56,13.0
ORD06975,C1975,3,Hub C,63,13.0
ORD06976,C1976,1,Hub C,70,13.0
ORD06977,C1977,2,Hub C,77,13.0
ORD06978,C1978,3,Hub C,24,13.0
ORD06979,C1979,1,Hub C,31,13.0
ORD06980,C1980,2,Hub C,38,13.0
ORD06981,C1981,3,Hub C,45,13.0
ORD06982,C1982,1,Hub C,52,13.0
ORD06983,C1983,2,Hub C,59,13.0
ORD06984,C1984,3,Hub C,66,13.0
ORD06985,C1985,1,Hub C,73,13.0
ORD06986,C1986,2,Hub C,20,13.0
ORD06987,C1987,3,Hub C,27,13.0
ORD06988,C1988,1,Hub C,34,13.0
ORD06989,C1989,2,Hub C,41,13.0
ORD06990,C1990,3,Hub C,48,13.0
ORD06991,C1991,1,Hub C,55,13.0
ORD06992,C1992,2,Hub C,62,13.0
ORD06993,C1993,3,Hub C,69,13.0
ORD06994,C1994,1,Hub C,76,13.0
ORD06995,C1995,2,Hub C,23,13.0
ORD06996,C1996,3,Hub C,30,13.0
ORD06997,C1997,1,Hub C,37,13.0
ORD06998,C1998,2,Hub C,44,13.0
ORD06999,C1999,3,Hub C,51,13.0
ORD07000,C2000,1,Hub C,58,13.0
ORD07001,C2001,2,Hub C,65,13.0
ORD07002,C2002,3,Hub C,72,13.0
ORD07003,C2003,1,Hub C,19,13.0
ORD07004,C2004,2,Hub C,26,13.0
ORD07005,C2005,3,Hub C,33,13.0
ORD07006,C2006,1,Hub C,40,13.0
ORD07007,C2007,2,Hub C,47,13.0
ORD07008,C2008,3,Hub C,54,13.0
ORD07009,C2009,1,Hub C,61,13.0
ORD07010,C2010,2,Hub C,68,13.0
ORD07011,C2011,3,Hub C,75,13.0
ORD07012,C2012,1,Hub C,22,13.0
ORD07013,C2013,2,Hub C,29,13.0
ORD07014,C2014,3,Hub C,36,13.0
ORD07015,C2015,1,Hub C,43,13.0
ORD07016,C2016,2,Hub C,50,13.0
ORD07017,C2017,3,Hub C,57,13.0
ORD07018,C2018,1,Hub C,64,13.0
ORD07019,C2019,2,Hub C,71,13.0
ORD07020,C2020,3,Hub C,18,13.0
ORD07021,C2021,1,Hub C,25,13.0
ORD07022,C2022,2,Hub C,32,13.0
ORD07023,C2023,3,Hub C,39,13.0
ORD07024,C2024,1,Hub C,46,13.0
ORD07025,C2025,2,Hub C,53,13.0
ORD07026,C2026,3,Hub C,60,13.0
ORD07027,C2027,1,Hub C,67,13.0
ORD07028,C2028,2,Hub C,74,13.0
ORD07029,C2029,3,Hub C,21,13.0
ORD07030,C2030,1,Hub C,28,13.0
ORD07031,C2031,2,Hub C,35,13.0
ORD07032,C2032,3,Hub C,42,13.0
ORD07033,C2033,1,Hub C,49,13.0
ORD07034,C2034,2,Hub C,56,13.0
ORD07035,C2035,3,Hub C,63,13.0
ORD07036,C2036,1,Hub C,70,13.0
ORD07037,C2037,2,Hub C,77,13.0
ORD07038,C2038,3,Hub C,24,13.0
ORD07039,C2039,1,Hub C,31,13.0
ORD07040,C2040,2,Hub C,38,13.0
ORD07041,C2041,3,Hub C,45,13.0
ORD07042,C2042,1,Hub C,52,13.0
ORD07043,C2043,2,Hub C,59,13.0
ORD07044,C2044,3,Hub C,66,13.0
ORD07045,C2045,1,Hub C,73,13.0
ORD07046,C2046,2,Hub C,20,13.0
ORD07047,C2047,3,Hub C,27,13.0
ORD07048,C2048,1,Hub C,34,13.0
ORD07049,C2049,2,Hub C,41,13.0
ORD07050,C2050,3,Hub C,48,13.0
ORD07051,C2051,1,Hub C,55,13.0
ORD07052,C2052,2,Hub C,62,13.0
ORD07053,C2053,3,Hub C,69,13.0
ORD07054,C2054,1,Hub C,76,13.0
ORD07055,C2055,2,Hub C,23,13.0
ORD07056,C2056,3,Hub C,30,13.0
ORD07057,C2057,1,Hub C,37,13.0
ORD07058,C2058,2,Hub C,44,13.0
ORD07059,C2059,3,Hub C,51,13.0
ORD07060,C2060,1,Hub C,58,13.0
ORD07061,C2061,2,Hub C,65,13.0
ORD07062,C2062,3,Hub C,72,13.0
ORD07063,C2063,1,Hub C,19,13.0
ORD07064,C2064,2,Hub C,26,13.0
ORD07065,C2065,3,Hub C,33,13.0
ORD07066,C2066,1,Hub C,40,13.0
ORD07067,C2067,2,Hub C,47,13.0
ORD07068,C2068,3,Hub C,54,13.0
ORD07069,C2069,1,Hub C,61,13.0
ORD07070,C2070,2,Hub C,68,13.0
ORD07071,C2071,3,Hub C,75,13.0
ORD07072,C2072,1,Hub C,22,13.0
ORD07073,C2073,2,Hub C,29,13.0
ORD07074,C2074,3,Hub C,36,13.0
ORD07075,C2075,1,Hub C,43,13.0
ORD07076,C2076,2,Hub C,50,13.0
ORD07077,C2077,3,Hub C,57,13.0
ORD07078,C2078,1,Hub C,64,13.0
ORD07079,C2079,2,Hub C,71,13.0
ORD07080,C2080,3,Hub C,18,13.0
ORD07081,C2081,1,Hub C,25,13.0
ORD07082,C2082,2,Hub C,32,13.0
ORD07083,C2083,3,Hub C,39,13.0
ORD07084,C2084,1,Hub C,46,13.0
ORD07085,C2085,2,Hub C,53,13.0
ORD07086,C2086,3,Hub C,60,13.0
ORD07087,C2087,1,Hub C,67,13.0
ORD07088,C2088,2,Hub C,74,13.0
ORD07089,C2089,3,Hub C,21,13.0
ORD07090,C2090,1,Hub C,28,13.0
ORD07091,C2091,2,Hub C,35,13.0
ORD07092,C2092,3,Hub C,42,13.0
ORD07093,C2093,1,Hub C,49,13.0
ORD07094,C2094,2,Hub C,56,13.0
ORD07095,C2095,3,Hub C,63,13.0
ORD07096,C2096,1,Hub C,70,13.0
ORD07097,C2097,2,Hub C,77,13.0
ORD07098,C2098,3,Hub C,24,13.0
ORD07099,C2099,1,Hub C,31,13.0
ORD07100,C2100,2,Hub C,38,13.0
ORD07101,C2101,3,Hub C,45,13.0
ORD07102,C2102,1,Hub C,52,13.0
ORD07103,C2103,2,Hub C,59,13.0
ORD07104,C2104,3,Hub C,66,13.0
ORD07105,C2105,1,Hub C,73,13.0
ORD07106,C2106,2,Hub C,20,13.0
ORD07107,C2107,3,Hub C,27,13.0
ORD07108,C2108,1,Hub C,34,13.0
ORD07109,C2109,2,Hub C,41,13.0
ORD07110,C2110,3,Hub C,48,13.0
ORD07111,C2111,1,Hub C,55,13.0
ORD07112,C2112,2,Hub C,62,13.0
ORD07113,C2113,3,Hub C,69,13.0
ORD07114,C2114,1,Hub C,76,13.0
ORD07115,C2115,2,Hub C,23,13.0
ORD07116,C2116,3,Hub C,30,13.0
ORD07117,C2117,1,Hub C,37,13.0
ORD07118,C2118,2,Hub C,44,13.0
ORD07119,C2119,3,Hub C,51,13.0
ORD07120,C2120,1,Hub C,58,13.0
ORD07121,C2121,2,Hub C,65,13.0
ORD07122,C2122,3,Hub C,72,13.0
ORD07123,C2123,1,Hub C,19,13.0
ORD07124,C2124,2,Hub C,26,13.0
ORD07125,C2125,3,Hub C,33,13.0
ORD07126,C2126,1,Hub C,40,13.0
ORD07127,C2127,2,Hub C,47,13.0
ORD07128,C2128,3,Hub C,54,13.0
ORD07129,C2129,1,Hub C,61,13.0
ORD07130,C2130,2,Hub C,68,13.0
ORD07131,C2131,3,Hub C,75,13.0
ORD07132,C2132,1,Hub C,22,13.0
ORD07133,C2133,2,Hub C,29,13.0
ORD07134,C2134,3,Hub C,36,13.0
ORD07135,C2135,1,Hub C,43,13.0
ORD07136,C2136,2,Hub C,50,13.0
ORD07137,C2137,3,Hub C,57,13.0
ORD07138,C2138,1,Hub C,64,13.0
ORD07139,C2139,2,Hub C,71,13.0
ORD07140,C2140,3,Hub C,18,13.0
ORD07141,C2141,1,Hub C,25,13.0
ORD07142,C2142,2,Hub C,32,13.0
ORD07143,C2143,3,Hub C,39,13.0
ORD07144,C2144,1,Hub C,46,13.0
ORD07145,C2145,2,Hub C,53,13.0
ORD07146,C2146,3,Hub C,60,13.0
ORD07147,C2147,1,Hub C,67,13.0
ORD07148,C2148,2,Hub C,74,13.0
ORD07149,C2149,3,Hub C,21,13.0
ORD07150,C2150,1,Hub C,28,13.0
ORD07151,C2151,2,Hub C,35,13.0
ORD07152,C2152,3,Hub C,42,13.0
ORD07153,C2153,1,Hub C,49,13.0
ORD07154,C2154,2,Hub C,56,13.0
ORD07155,C2155,3,Hub C,63,13.0
ORD07156,C2156,1,Hub C,70,13.0
ORD07157,C2157,2,Hub C,77,13.0
ORD07158,C2158,3,Hub C,24,13.0
ORD07159,C2159,1,Hub C,31,13.0
ORD07160,C2160,2,Hub C,38,13.0
ORD07161,C2161,3,Hub C,45,13.0
ORD07162,C2162,1,Hub C,52,13.0
ORD07163,C2163,2,Hub C,59,13.0
ORD07164,C2164,3,Hub C,66,13.0
ORD07165,C2165,1,Hub C,73,13.0
ORD07166,C2166,2,Hub C,20,13.0
ORD07167,C2167,3,Hub C,27,13.0
ORD07168,C2168,1,Hub C,34,13.0
ORD07169,C2169,2,Hub C,41,13.0
ORD07170,C2170,3,Hub C,48,13.0
ORD07171,C2171,1,Hub C,55,13.0
ORD07172,C2172,2,Hub C,62,13.0
ORD07173,C2173,3,Hub C,69,13.0
ORD07174,C2174,1,Hub C,76,13.0
ORD07175,C2175,2,Hub C,23,13.0
ORD07176,C2176,3,Hub C,30,13.0
ORD07177,C2177,1,Hub C,37,13.0
ORD07178,C2178,2,Hub C,44,13.0
ORD07179,C2179,3,Hub C,51,13.0
ORD07180,C2180,1,Hub C,58,13.0
ORD07181,C2181,2,Hub C,65,13.0
ORD07182,C2182,3,Hub C,72,13.0
ORD07183,C2183,1,Hub C,19,13.0
ORD07184,C2184,2,Hub C,26,13.0
ORD07185,C2185,3,Hub C,33,13.0
ORD07186,C2186,1,Hub C,40,13.0
ORD07187,C2187,2,Hub C,47,13.0
ORD07188,C2188,3,Hub C,54,13.0
ORD07189,C2189,1,Hub C,61,13.0
ORD07190,C2190,2,Hub C,68,13.0
ORD07191,C2191,3,Hub C,75,13.0
ORD07192,C2192,1,Hub C,22,13.0
ORD07193,C2193,2,Hub C,29,13.0
ORD07194,C2194,3,Hub C,36,13.0
ORD07195,C2195,1,Hub C,43,13.0
ORD07196,C2196,2,Hub C,50,13.0
ORD07197,C2197,3,Hub C,57,13.0
ORD07198,C2198,1,Hub C,64,13.0
ORD07199,C2199,2,Hub C,71,13.0
ORD07200,C2200,3,Hub C,18,13.0
ORD07201,C2201,1,Hub C,25,13.0
ORD07202,C2202,2,Hub C,32,13.0
ORD07203,C2203,3,Hub C,39,13.0
ORD07204,C2204,1,Hub C,46,13.0
ORD07205,C2205,2,Hub C,53,13.0
ORD07206,C2206,3,Hub C,60,13.0
ORD07207,C2207,1,Hub C,67,13.0
ORD07208,C2208,2,Hub C,74,13.0
ORD07209,C2209,3,Hub C,21,13.0
ORD07210,C2210,1,Hub C,28,13.0
ORD07211,C2211,2,Hub C,35,13.0
ORD07212,C2212,3,Hub C,42,13.0
ORD07213,C2213,1,Hub C,49,13.0
ORD07214,C2214,2,Hub C,56,13.0
ORD07215,C2215,3,Hub C,63,13.0
ORD07216,C2216,1,Hub C,70,13.0
ORD07217,C2217,2,Hub C,77,13.0
ORD07218,C2218,3,Hub C,24,13.0
ORD07219,C2219,1,Hub C,31,13.0
ORD07220,C2220,2,Hub C,38,13.0
ORD07221,C2221,3,Hub C,45,13.0
ORD07222,C2222,1,Hub C,52,13.0
ORD07223,C2223,2,Hub C,59,13.0
ORD07224,C2224,3,Hub C,66,13.0
ORD07225,C2225,1,Hub C,73,13.0
ORD07226,C2226,2,Hub C,20,13.0
ORD07227,C2227,3,Hub C,27,13.0
ORD07228,C2228,1,Hub C,34,13.0
ORD07229,C2229,2,Hub C,41,13.0
ORD07230,C2230,3,Hub C,48,13.0
ORD07231,C2231,1,Hub C,55,13.0
ORD07232,C2232,2,Hub C,62,13.0
ORD07233,C2233,3,Hub C,69,13.0
ORD07234,C2234,1,Hub C,76,13.0
ORD07235,C2235,2,Hub C,23,13.0
ORD07236,C2236,3,Hub C,30,13.0
ORD07237,C2237,1,Hub C,37,13.0
ORD07238,C2238,2,Hub C,44,13.0
ORD07239,C2239,3,Hub C,51,13.0
ORD07240,C2240,1,Hub C,58,13.0
ORD07241,C2241,2,Hub C,65,13.0
ORD07242,C2242,3,Hub C,72,13.0
ORD07243,C2243,1,Hub C,19,13.0
ORD07244,C2244,2,Hub C,26,13.0
ORD07245,C2245,3,Hub C,33,13.0
ORD07246,C2246,1,Hub C,40,13.0
ORD07247,C2247,2,Hub C,47,13.0
ORD07248,C2248,3,Hub C,54,13.0
ORD07249,C2249,1,Hub C,61,13.0
ORD07250,C2250,2,Hub C,68,13.0
ORD07251,C2251,3,Hub C,75,13.0
ORD07252,C2252,1,Hub C,22,13.0
ORD07253,C2253,2,Hub C,29,13.0
ORD07254,C2254,3,Hub C,36,13.0
ORD07255,C2255,1,Hub C,43,13.0
ORD07256,C2256,2,Hub C,50,13.0
ORD07257,C2257,3,Hub C,57,13.0
ORD07258,C2258,1,Hub C,64,13.0
ORD07259,C2259,2,Hub C,71,13.0
ORD07260,C2260,3,Hub C,18,13.0
ORD07261,C2261,1,Hub C,25,13.0
ORD07262,C2262,2,Hub C,32,13.0
ORD07263,C2263,3,Hub C,39,13.0
ORD07264,C2264,1,Hub C,46,13.0
ORD07265,C2265,2,Hub C,53,13.0
ORD07266,C2266,3,Hub C,60,13.0
ORD07267,C2267,1,Hub C,67,13.0
ORD07268,C2268,2,Hub C,74,13.0
ORD07269,C2269,3,Hub C,21,13.0
ORD07270,C2270,1,Hub C,28,13.0
ORD07271,C2271,2,Hub C,35,13.0
ORD07272,C2272,3,Hub C,42,13.0
ORD07273,C2273,1,Hub C,49,13.0
ORD07274,C2274,2,Hub C,56,13.0
ORD07275,C2275,3,Hub C,63,13.0
ORD07276,C2276,1,Hub C,70,13.0
ORD07277,C2277,2,Hub C,77,13.0
ORD07278,C2278,3,Hub C,24,13.0
ORD07279,C2279,1,Hub C,31,13.0
ORD07280,C2280,2,Hub C,38,13.0
ORD07281,C2281,3,Hub C,45,13.0
ORD07282,C2282,1,Hub C,52,13.0
ORD07283,C2283,2,Hub C,59,13.0
ORD07284,C2284,3,Hub C,66,13.0
ORD07285,C2285,1,Hub C,73,13.0
ORD07286,C2286,2,Hub C,20,13.0
ORD07287,C2287,3,Hub C,27,13.0
ORD07288,C2288,1,Hub C,34,13.0
ORD07289,C2289,2,Hub C,41,13.0
ORD07290,C2290,3,Hub C,48,13.0
ORD07291,C2291,1,Hub C,55,13.0
ORD07292,C2292,2,Hub C,62,13.0
ORD07293,C2293,3,Hub C,69,13.0
ORD07294,C2294,1,Hub C,76,13.0
ORD07295,C2295,2,Hub C,23,13.0
ORD07296,C2296,3,Hub C,30,13.0
ORD07297,C2297,1,Hub C,37,13.0
ORD07298,C2298,2,Hub C,44,13.0
ORD07299,C2299,3,Hub C,51,13.0
ORD07300,C2300,1,Hub C,58,13.0
ORD07301,C2301,2,Hub C,65,13.0
ORD07302,C2302,3,Hub C,72,13.0
ORD07303,C2303,1,Hub C,19,13.0
ORD07304,C2304,2,Hub C,26,13.0
ORD07305,C2305,3,Hub C,33,13.0
ORD07306,C2306,1,Hub C,40,13.0
ORD07307,C2307,2,Hub C,47,13.0
ORD07308,C2308,3,Hub C,54,13.0
ORD07309,C2309,1,Hub C,61,13.0
ORD07310,C2310,2,Hub C,68,13.0
ORD07311,C2311,3,Hub C,75,13.0
ORD07312,C2312,1,Hub C,22,13.0
ORD07313,C2313,2,Hub C,29,13.0
ORD07314,C2314,3,Hub C,36,13.0
ORD07315,C2315,1,Hub C,43,13.0
ORD07316,C2316,2,Hub C,50,13.0
ORD07317,C2317,3,Hub C,57,13.0
ORD07318,C2318,1,Hub C,64,13.0
ORD07319,C2319,2,Hub C,71,13.0
ORD07320,C2320,3,Hub C,18,13.0
ORD07321,C2321,1,Hub C,25,13.0
ORD07322,C2322,2,Hub C,32,13.0
ORD07323,C2323,3,Hub C,39,13.0
ORD07324,C2324,1,Hub C,46,13.0
ORD07325,C2325,2,Hub C,53,13.0
ORD07326,C2326,3,Hub C,60,13.0
ORD07327,C2327,1,Hub C,67,13.0
ORD07328,C2328,2,Hub C,74,13.0
ORD07329,C2329,3,Hub C,21,13.0
ORD07330,C2330,1,Hub C,28,13.0
ORD07331,C2331,2,Hub C,35,13.0
ORD07332,C2332,3,Hub C,42,13.0
ORD07333,C2333,1,Hub C,49,13.0
ORD07334,C2334,2,Hub C,56,13.0
ORD07335,C2335,3,Hub C,63,13.0
ORD07336,C2336,1,Hub C,70,13.0
ORD07337,C2337,2,Hub C,77,13.0
ORD07338,C2338,3,Hub C,24,13.0
ORD07339,C2339,1,Hub C,31,13.0
ORD07340,C2340,2,Hub C,38,13.0
ORD07341,C2341,3,Hub C,45,13.0
ORD07342,C2342,1,Hub C,52,13.0
ORD07343,C2343,2,Hub C,59,13.0
ORD07344,C2344,3,Hub C,66,13.0
ORD07345,C2345,1,Hub C,73,13.0
ORD07346,C2346,2,Hub C,20,13.0
ORD07347,C2347,3,Hub C,27,13.0
ORD07348,C2348,1,Hub C,34,13.0
ORD07349,C2349,2,Hub C,41,13.0
ORD07350,C2350,3,Hub C,48,13.0
ORD07351,C2351,1,Hub C,55,13.0
ORD07352,C2352,2,Hub C,62,13.0
ORD07353,C2353,3,Hub C,69,13.0
ORD07354,C2354,1,Hub C,76,13.0
ORD07355,C2355,2,Hub C,23,13.0
ORD07356,C2356,3,Hub C,30,13.0
ORD07357,C2357,1,Hub C,37,13.0
ORD07358,C2358,2,Hub C,44,13.0
ORD07359,C2359,3,Hub C,51,13.0
ORD07360,C2360,1,Hub C,58,13.0
ORD07361,C2361,2,Hub C,65,13.0
ORD07362,C2362,3,Hub C,72,13.0
ORD07363,C2363,1,Hub C,19,13.0
ORD07364,C2364,2,Hub C,26,13.0
ORD07365,C2365,3,Hub C,33,13.0
ORD07366,C2366,1,Hub C,40,13.0
ORD07367,C2367,2,Hub C,47,13.0
ORD07368,C2368,3,Hub C,54,13.0
ORD07369,C2369,1,Hub C,61,13.0
ORD07370,C2370,2,Hub C,68,13.0
ORD07371,C2371,3,Hub C,75,13.0
ORD07372,C2372,1,Hub C,22,13.0
ORD07373,C2373,2,Hub C,29,13.0
ORD07374,C2374,3,Hub C,36,13.0
ORD07375,C2375,1,Hub C,43,13.0
ORD07376,C2376,2,Hub C,50,13.0
ORD07377,C2377,3,Hub C,57,13.0
ORD07378,C2378,1,Hub C,64,13.0
ORD07379,C2379,2,Hub C,71,13.0
ORD07380,C2380,3,Hub C,18,13.0
ORD07381,C2381,1,Hub C,25,13.0
ORD07382,C2382,2,Hub C,32,13.0
ORD07383,C2383,3,Hub C,39,13.0
ORD07384,C2384,1,Hub C,46,13.0
ORD07385,C2385,2,Hub C,53,13.0
ORD07386,C2386,3,Hub C,60,13.0
ORD07387,C2387,1,Hub C,67,13.0
ORD07388,C2388,2,Hub C,74,13.0
ORD07389,C2389,3,Hub C,21,13.0
ORD07390,C2390,1,Hub C,28,13.0
ORD07391,C2391,2,Hub C,35,13.0
ORD07392,C2392,3,Hub C,42,13.0
ORD07393,C2393,1,Hub C,49,13.0
ORD07394,C2394,2,Hub C,56,13.0
ORD07395,C2395,3,Hub C,63,13.0
ORD07396,C2396,1,Hub C,70,13.0
ORD07397,C2397,2,Hub C,77,13.0
ORD07398,C2398,3,Hub C,24,13.0
ORD07399,C2399,1,Hub C,31,13.0
ORD07400,C2400,2,Hub C,38,13.0
ORD07401,C2401,3,Hub C,45,13.0
ORD07402,C2402,1,Hub C,52,13.0
ORD07403,C2403,2,Hub C,59,13.0
ORD07404,C2404,3,Hub C,66,13.0
ORD07405,C2405,1,Hub C,73,13.0
ORD07406,C2406,2,Hub C,20,13.0
ORD07407,C2407,3,Hub C,27,13.0
ORD07408,C2408,1,Hub C,34,13.0
ORD07409,C2409,2,Hub C,41,13.0
ORD07410,C2410,3,Hub C,48,13.0
ORD07411,C2411,1,Hub C,55,13.0
ORD07412,C2412,2,Hub C,62,13.0
ORD07413,C2413,3,Hub C,69,13.0
ORD07414,C2414,1,Hub C,76,13.0
ORD07415,C2415,2,Hub C,23,13.0
ORD07416,C2416,3,Hub C,30,13.0
ORD07417,C2417,1,Hub C,37,13.0
ORD07418,C2418,2,Hub C,44,13.0
ORD07419,C2419,3,Hub C,51,13.0
ORD07420,C2420,1,Hub C,58,13.0
ORD07421,C2421,2,Hub C,65,13.0
ORD07422,C2422,3,Hub C,72,13.0
ORD07423,C2423,1,Hub C,19,13.0
ORD07424,C2424,2,Hub C,26,13.0
ORD07425,C2425,3,Hub C,33,13.0
ORD07426,C2426,1,Hub C,40,13.0
ORD07427,C2427,2,Hub C,47,13.0
ORD07428,C2428,3,Hub C,54,13.0
ORD07429,C2429,1,Hub C,61,13.0
ORD07430,C2430,2,Hub C,68,13.0
ORD07431,C2431,3,Hub C,75,13.0
ORD07432,C2432,1,Hub C,22,13.0
ORD07433,C2433,2,Hub C,29,13.0
ORD07434,C2434,3,Hub C,36,13.0
ORD07435,C2435,1,Hub C,43,13.0
ORD07436,C2436,2,Hub C,50,13.0
ORD07437,C2437,3,Hub C,57,13.0
ORD07438,C2438,1,Hub C,64,13.0
ORD07439,C2439,2,Hub C,71,13.0
ORD07440,C2440,3,Hub C,18,13.0
ORD07441,C2441,1,Hub C,25,13.0
ORD07442,C2442,2,Hub C,32,13.0
ORD07443,C2443,3,Hub C,39,13.0
ORD07444,C2444,1,Hub C,46,13.0
ORD07445,C2445,2,Hub C,53,13.0
ORD07446,C2446,3,Hub C,60,13.0
ORD07447,C2447,1,Hub C,67,13.0
ORD07448,C2448,2,Hub C,74,13.0
ORD07449,C2449,3,Hub C,21,13.0
ORD07450,C2450,1,Hub C,28,13.0
ORD07451,C2451,2,Hub C,35,13.0
ORD07452,C2452,3,Hub C,42,13.0
ORD07453,C2453,1,Hub C,49,13.0
ORD07454,C2454,2,Hub C,56,13.0
ORD07455,C2455,3,Hub C,63,13.0
ORD07456,C2456,1,Hub C,70,13.0
ORD07457,C2457,2,Hub C,77,13.0
ORD07458,C2458,3,Hub C,24,13.0
ORD07459,C2459,1,Hub C,31,13.0
ORD07460,C2460,2,Hub C,38,13.0
ORD07461,C2461,3,Hub C,45,13.0
ORD07462,C2462,1,Hub C,52,13.0
ORD07463,C2463,2,Hub C,59,13.0
ORD07464,C2464,3,Hub C,66,13.0
ORD07465,C2465,1,Hub C,73,13.0
ORD07466,C2466,2,Hub C,20,13.0
ORD07467,C2467,3,Hub C,27,13.0
ORD07468,C2468,1,Hub C,34,14.0
ORD07469,C2469,2,Hub C,41,14.0
ORD07470,C2470,3,Hub C,48,22.0
ORD07471,C2471,1,Hub C,55,22.0
ORD07472,C2472,2,Hub C,62,22.0
ORD07473,C2473,3,Hub C,69,22.0
ORD07474,C2474,1,Hub C,76,22.0
ORD07475,C2475,2,Hub C,23,22.0
ORD07476,C2476,3,Hub C,30,22.0
ORD07477,C2477,1,Hub C,37,22.0
ORD07478,C2478,2,Hub C,44,22.0
ORD07479,C2479,3,Hub C,51,22.0
ORD07480,C2480,1,Hub C,58,22.0
ORD07481,C2481,2,Hub C,65,22.0
ORD07482,C2482,3,Hub C,72,22.0
ORD07483,C2483,1,Hub C,19,22.0
ORD07484,C2484,2,Hub C,26,22.0
ORD07485,C2485,3,Hub C,33,22.0
ORD07486,C2486,1,Hub C,40,22.0
ORD07487,C2487,2,Hub C,47,22.0
ORD07488,C2488,3,Hub C,54,22.0
ORD07489,C2489,1,Hub C,61,22.0
ORD07490,C2490,2,Hub C,68,22.0
ORD07491,C2491,3,Hub C,75,22.0
ORD07492,C2492,1,Hub C,22,22.0
ORD07493,C2493,2,Hub C,29,22.0
ORD07494,C2494,3,Hub C,36,22.0
ORD07495,C2495,1,Hub C,43,22.0
ORD07496,C2496,2,Hub C,50,22.0
ORD07497,C2497,3,Hub C,57,22.0
ORD07498,C2498,1,Hub C,64,22.0
ORD07499,C2499,2,Hub C,71,22.0
ORD07500,C2500,3,Hub C,18,22.0
ORD07501,C0001,1,Hub C,25,22.0
ORD07502,C0002,2,Hub C,32,22.0
ORD07503,C0003,3,Hub C,39,22.0
ORD07504,C0004,1,Hub C,46,22.0
ORD07505,C0005,2,Hub C,53,22.0
ORD07506,C0006,3,Hub C,60,22.0
ORD07507,C0007,1,Hub C,67,22.0
ORD07508,C0008,2,Hub C,74,22.0
ORD07509,C0009,3,Hub C,21,22.0
ORD07510,C0010,1,Hub C,28,22.0
ORD07511,C0011,2,Hub C,35,22.0
ORD07512,C0012,3,Hub C,42,22.0
ORD07513,C0013,1,Hub C,49,22.0
ORD07514,C0014,2,Hub C,56,22.0
ORD07515,C0015,3,Hub C,63,22.0
ORD07516,C0016,1,Hub C,70,22.0
ORD07517,C0017,2,Hub C,77,22.0
ORD07518,C0018,3,Hub C,24,22.0
ORD07519,C0019,1,Hub C,31,22.0
ORD07520,C0020,2,Hub C,38,22.0
ORD07521,C0021,3,Hub C,45,22.0
ORD07522,C0022,1,Hub C,52,22.0
ORD07523,C0023,2,Hub C,59,22.0
ORD07524,C0024,3,Hub C,66,22.0
ORD07525,C0025,1,Hub C,73,22.0
ORD07526,C0026,2,Hub C,20,22.0
ORD07527,C0027,3,Hub C,27,22.0
ORD07528,C0028,1,Hub C,34,22.0
ORD07529,C0029,2,Hub C,41,22.0
ORD07530,C0030,3,Hub C,48,22.0
ORD07531,C0031,1,Hub C,55,22.0
ORD07532,C0032,2,Hub C,62,22.0
ORD07533,C0033,3,Hub C,69,22.0
ORD07534,C0034,1,Hub C,76,22.0
ORD07535,C0035,2,Hub C,23,22.0
ORD07536,C0036,3,Hub C,30,22.0
ORD07537,C0037,1,Hub C,37,22.0
ORD07538,C0038,2,Hub C,44,22.0
ORD07539,C0039,3,Hub C,51,22.0
ORD07540,C0040,1,Hub C,58,22.0
ORD07541,C0041,2,Hub C,65,22.0
ORD07542,C0042,3,Hub C,72,22.0
ORD07543,C0043,1,Hub C,19,22.0
ORD07544,C0044,2,Hub C,26,22.0
ORD07545,C0045,3,Hub C,33,22.0
ORD07546,C0046,1,Hub C,40,22.0
ORD07547,C0047,2,Hub C,47,22.0
ORD07548,C0048,3,Hub C,54,22.0
ORD07549,C0049,1,Hub C,61,22.0
ORD07550,C0050,2,Hub C,68,22.0
ORD07551,C0051,3,Hub C,75,22.0
ORD07552,C0052,1,Hub C,22,22.0
ORD07553,C0053,2,Hub C,29,22.0
ORD07554,C0054,3,Hub C,36,22.0
ORD07555,C0055,1,Hub C,43,22.0
ORD07556,C0056,2,Hub C,50,22.0
ORD07557,C0057,3,Hub C,57,22.0
ORD07558,C0058,1,Hub C,64,22.0
ORD07559,C0059,2,Hub C,71,22.0
ORD07560,C0060,3,Hub C,18,22.0
ORD07561,C0061,1,Hub C,25,22.0
ORD07562,C0062,2,Hub C,32,22.0
ORD07563,C0063,3,Hub C,39,22.0
ORD07564,C0064,1,Hub C,46,22.0
ORD07565,C0065,2,Hub C,53,22.0
ORD07566,C0066,3,Hub C,60,22.0
ORD07567,C0067,1,Hub C,67,22.0
ORD07568,C0068,2,Hub C,74,22.0
ORD07569,C0069,3,Hub C,21,22.0
ORD07570,C0070,1,Hub C,28,22.0
ORD07571,C0071,2,Hub C,35,22.0
ORD07572,C0072,3,Hub C,42,22.0
ORD07573,C0073,1,Hub C,49,22.0
ORD07574,C0074,2,Hub C,56,22.0
ORD07575,C0075,3,Hub C,63,22.0
ORD07576,C0076,1,Hub C,70,22.0
ORD07577,C0077,2,Hub C,77,22.0
ORD07578,C0078,3,Hub C,24,22.0
ORD07579,C0079,1,Hub C,31,22.0
ORD07580,C0080,2,Hub C,38,22.0
ORD07581,C0081,3,Hub C,45,22.0
ORD07582,C0082,1,Hub C,52,22.0
ORD07583,C0083,2,Hub C,59,22.0
ORD07584,C0084,3,Hub C,66,22.0
ORD07585,C0085,1,Hub C,73,22.0
ORD07586,C0086,2,Hub C,20,22.0
ORD07587,C0087,3,Hub C,27,22.0
ORD07588,C0088,1,Hub C,34,22.0
ORD07589,C0089,2,Hub C,41,22.0
ORD07590,C0090,3,Hub C,48,22.0
ORD07591,C0091,1,Hub C,55,22.0
ORD07592,C0092,2,Hub C,62,22.0
ORD07593,C0093,3,Hub C,69,22.0
ORD07594,C0094,1,Hub C,76,22.0
ORD07595,C0095,2,Hub C,23,22.0
ORD07596,C0096,3,Hub C,30,22.0
ORD07597,C0097,1,Hub C,37,22.0
ORD07598,C0098,2,Hub C,44,22.0
ORD07599,C0099,3,Hub C,51,22.0
ORD07600,C0100,1,Hub C,58,22.0
ORD07601,C0101,2,Hub C,65,22.0
ORD07602,C0102,3,Hub C,72,22.0
ORD07603,C0103,1,Hub C,19,22.0
ORD07604,C0104,2,Hub C,26,22.0
ORD07605,C0105,3,Hub C,33,22.0
ORD07606,C0106,1,Hub C,40,22.0
ORD07607,C0107,2,Hub C,47,22.0
ORD07608,C0108,3,Hub C,54,22.0
ORD07609,C0109,1,Hub C,61,22.0
ORD07610,C0110,2,Hub C,68,22.0
ORD07611,C0111,3,Hub C,75,22.0
ORD07612,C0112,1,Hub C,22,22.0
ORD07613,C0113,2,Hub C,29,22.0
ORD07614,C0114,3,Hub C,36,22.0
ORD07615,C0115,1,Hub C,43,22.0
ORD07616,C0116,2,Hub C,50,22.0
ORD07617,C0117,3,Hub C,57,22.0
ORD07618,C0118,1,Hub C,64,22.0
ORD07619,C0119,2,Hub C,71,22.0
ORD07620,C0120,3,Hub C,18,22.0
ORD07621,C0121,1,Hub C,25,22.0
ORD07622,C0122,2,Hub C,32,22.0
ORD07623,C0123,3,Hub C,39,22.0
ORD07624,C0124,1,Hub C,46,22.0
ORD07625,C0125,2,Hub C,53,22.0
ORD07626,C0126,3,Hub C,60,22.0
ORD07627,C0127,1,Hub C,67,22.0
ORD07628,C0128,2,Hub C,74,22.0
ORD07629,C0129,3,Hub C,21,22.0
ORD07630,C0130,1,Hub C,28,22.0
ORD07631,C0131,2,Hub C,35,22.0
ORD07632,C0132,3,Hub C,42,22.0
ORD07633,C0133,1,Hub C,49,22.0
ORD07634,C0134,2,Hub C,56,22.0
ORD07635,C0135,3,Hub C,63,22.0
ORD07636,C0136,1,Hub C,70,22.0
ORD07637,C0137,2,Hub C,77,22.0
ORD07638,C0138,3,Hub C,24,22.0
ORD07639,C0139,1,Hub C,31,22.0
ORD07640,C0140,2,Hub C,38,22.0
ORD07641,C0141,3,Hub C,45,22.0
ORD07642,C0142,1,Hub C,52,22.0
ORD07643,C0143,2,Hub C,59,22.0
ORD07644,C0144,3,Hub C,66,22.0
ORD07645,C0145,1,Hub C,73,22.0
ORD07646,C0146,2,Hub C,20,22.0
ORD07647,C0147,3,Hub C,27,22.0
ORD07648,C0148,1,Hub C,34,22.0
ORD07649,C0149,2,Hub C,41,22.0
ORD07650,C0150,3,Hub C,48,22.0
ORD07651,C0151,1,Hub C,55,22.0
ORD07652,C0152,2,Hub C,62,22.0
ORD07653,C0153,3,Hub C,69,22.0
ORD07654,C0154,1,Hub C,76,22.0
ORD07655,C0155,2,Hub C,23,22.0
ORD07656,C0156,3,Hub C,30,22.0
ORD07657,C0157,1,Hub C,37,22.0
ORD07658,C0158,2,Hub C,44,22.0
ORD07659,C0159,3,Hub C,51,22.0
ORD07660,C0160,1,Hub C,58,22.0
ORD07661,C0161,2,Hub C,65,22.0
ORD07662,C0162,3,Hub C,72,22.0
ORD07663,C0163,1,Hub C,19,22.0
ORD07664,C0164,2,Hub C,26,22.0
ORD07665,C0165,3,Hub C,33,22.0
ORD07666,C0166,1,Hub C,40,22.0
ORD07667,C0167,2,Hub C,47,22.0
ORD07668,C0168,3,Hub C,54,22.0
ORD07669,C0169,1,Hub C,61,22.0
ORD07670,C0170,2,Hub C,68,22.0
ORD07671,C0171,3,Hub C,75,22.0
ORD07672,C0172,1,Hub C,22,22.0
ORD07673,C0173,2,Hub C,29,22.0
ORD07674,C0174,3,Hub C,36,22.0
ORD07675,C0175,1,Hub C,43,22.0
ORD07676,C0176,2,Hub C,50,22.0
ORD07677,C0177,3,Hub C,57,22.0
ORD07678,C0178,1,Hub C,64,22.0
ORD07679,C0179,2,Hub C,71,22.0
ORD07680,C0180,3,Hub C,18,22.0
ORD07681,C0181,1,Hub C,25,22.0
ORD07682,C0182,2,Hub C,32,22.0
ORD07683,C0183,3,Hub C,39,22.0
ORD07684,C0184,1,Hub C,46,22.0
ORD07685,C0185,2,Hub C,53,22.0
ORD07686,C0186,3,Hub C,60,22.0
ORD07687,C0187,1,Hub C,67,22.0
ORD07688,C0188,2,Hub C,74,22.0
ORD07689,C0189,3,Hub C,21,22.0
ORD07690,C0190,1,Hub C,28,22.0
ORD07691,C0191,2,Hub C,35,22.0
ORD07692,C0192,3,Hub C,42,22.0
ORD07693,C0193,1,Hub C,49,22.0
ORD07694,C0194,2,Hub C,56,22.0
ORD07695,C0195,3,Hub C,63,22.0
ORD07696,C0196,1,Hub C,70,22.0
ORD07697,C0197,2,Hub C,77,22.0
ORD07698,C0198,3,Hub C,24,22.0
ORD07699,C0199,1,Hub C,31,22.0
ORD07700,C0200,2,Hub C,38,22.0
ORD07701,C0201,3,Hub C,45,22.0
ORD07702,C0202,1,Hub C,52,22.0
ORD07703,C0203,2,Hub C,59,22.0
ORD07704,C0204,3,Hub C,66,22.0
ORD07705,C0205,1,Hub C,73,22.0
ORD07706,C0206,2,Hub C,20,22.0
ORD07707,C0207,3,Hub C,27,22.0
ORD07708,C0208,1,Hub C,34,22.0
ORD07709,C0209,2,Hub C,41,22.0
ORD07710,C0210,3,Hub C,48,22.0
ORD07711,C0211,1,Hub C,55,22.0
ORD07712,C0212,2,Hub C,62,22.0
ORD07713,C0213,3,Hub C,69,22.0
ORD07714,C0214,1,Hub C,76,22.0
ORD07715,C0215,2,Hub C,23,22.0
ORD07716,C0216,3,Hub C,30,22.0
ORD07717,C0217,1,Hub C,37,22.0
ORD07718,C0218,2,Hub C,44,22.0
ORD07719,C0219,3,Hub C,51,22.0
ORD07720,C0220,1,Hub C,58,22.0
ORD07721,C0221,2,Hub C,65,22.0
ORD07722,C0222,3,Hub C,72,22.0
ORD07723,C0223,1,Hub C,19,22.0
ORD07724,C0224,2,Hub C,26,22.0
ORD07725,C0225,3,Hub C,33,22.0
ORD07726,C0226,1,Hub C,40,22.0
ORD07727,C0227,2,Hub C,47,22.0
ORD07728,C0228,3,Hub C,54,22.0
ORD07729,C0229,1,Hub C,61,22.0
ORD07730,C0230,2,Hub C,68,22.0
ORD07731,C0231,3,Hub C,75,22.0
ORD07732,C0232,1,Hub C,22,22.0
ORD07733,C0233,2,Hub C,29,22.0
ORD07734,C0234,3,Hub C,36,22.0
ORD07735,C0235,1,Hub C,43,22.0
ORD07736,C0236,2,Hub C,50,22.0
ORD07737,C0237,3,Hub C,57,22.0
ORD07738,C0238,1,Hub C,64,22.0
ORD07739,C0239,2,Hub C,71,22.0
ORD07740,C0240,3,Hub C,18,22.0
ORD07741,C0241,1,Hub C,25,22.0
ORD07742,C0242,2,Hub C,32,22.0
ORD07743,C0243,3,Hub C,39,22.0
ORD07744,C0244,1,Hub C,46,22.0
ORD07745,C0245,2,Hub C,53,22.0
ORD07746,C0246,3,Hub C,60,22.0
ORD07747,C0247,1,Hub C,67,22.0
ORD07748,C0248,2,Hub C,74,22.0
ORD07749,C0249,3,Hub C,21,22.0
ORD07750,C0250,1,Hub C,28,22.0
ORD07751,C0251,2,Hub C,35,22.0
ORD07752,C0252,3,Hub C,42,22.0
ORD07753,C0253,1,Hub C,49,22.0
ORD07754,C0254,2,Hub C,56,22.0
ORD07755,C0255,3,Hub C,63,22.0
ORD07756,C0256,1,Hub C,70,22.0
ORD07757,C0257,2,Hub C,77,22.0
ORD07758,C0258,3,Hub C,24,22.0
ORD07759,C0259,1,Hub C,31,22.0
ORD07760,C0260,2,Hub C,38,22.0
ORD07761,C0261,3,Hub C,45,22.0
ORD07762,C0262,1,Hub C,52,22.0
ORD07763,C0263,2,Hub C,59,22.0
ORD07764,C0264,3,Hub C,66,22.0
ORD07765,C0265,1,Hub C,73,22.0
ORD07766,C0266,2,Hub C,20,22.0
ORD07767,C0267,3,Hub C,27,22.0
ORD07768,C0268,1,Hub C,34,22.0
ORD07769,C0269,2,Hub C,41,22.0
ORD07770,C0270,3,Hub C,48,22.0
ORD07771,C0271,1,Hub C,55,22.0
ORD07772,C0272,2,Hub C,62,22.0
ORD07773,C0273,3,Hub C,69,22.0
ORD07774,C0274,1,Hub C,76,22.0
ORD07775,C0275,2,Hub C,23,22.0
ORD07776,C0276,3,Hub C,30,22.0
ORD07777,C0277,1,Hub C,37,22.0
ORD07778,C0278,2,Hub C,44,22.0
ORD07779,C0279,3,Hub C,51,22.0
ORD07780,C0280,1,Hub C,58,22.0
ORD07781,C0281,2,Hub C,65,22.0
ORD07782,C0282,3,Hub C,72,22.0
ORD07783,C0283,1,Hub C,19,22.0
ORD07784,C0284,2,Hub C,26,22.0
ORD07785,C0285,3,Hub C,33,22.0
ORD07786,C0286,1,Hub C,40,22.0
ORD07787,C0287,2,Hub C,47,22.0
ORD07788,C0288,3,Hub C,54,22.0
ORD07789,C0289,1,Hub C,61,22.0
ORD07790,C0290,2,Hub C,68,22.0
ORD07791,C0291,3,Hub C,75,22.0
ORD07792,C0292,1,Hub C,22,22.0
ORD07793,C0293,2,Hub C,29,22.0
ORD07794,C0294,3,Hub C,36,22.0
ORD07795,C0295,1,Hub C,43,22.0
ORD07796,C0296,2,Hub C,50,22.0
ORD07797,C0297,3,Hub C,57,22.0
ORD07798,C0298,1,Hub C,64,22.0
ORD07799,C0299,2,Hub C,71,22.0
ORD07800,C0300,3,Hub C,18,22.0
ORD07801,C0301,1,Hub C,25,22.0
ORD07802,C0302,2,Hub C,32,22.0
ORD07803,C0303,3,Hub C,39,22.0
ORD07804,C0304,1,Hub C,46,22.0
ORD07805,C0305,2,Hub C,53,22.0
ORD07806,C0306,3,Hub C,60,22.0
ORD07807,C0307,1,Hub C,67,22.0
ORD07808,C0308,2,Hub C,74,22.0
ORD07809,C0309,3,Hub C,21,22.0
ORD07810,C0310,1,Hub C,28,22.0
ORD07811,C0311,2,Hub C,35,22.0
ORD07812,C0312,3,Hub C,42,22.0
ORD07813,C0313,1,Hub C,49,22.0
ORD07814,C0314,2,Hub C,56,22.0
ORD07815,C0315,3,Hub C,63,22.0
ORD07816,C0316,1,Hub C,70,22.0
ORD07817,C0317,2,Hub C,77,22.0
ORD07818,C0318,3,Hub C,24,22.0
ORD07819,C0319,1,Hub C,31,22.0
ORD07820,C0320,2,Hub C,38,22.0
ORD07821,C0321,3,Hub C,45,22.0
ORD07822,C0322,1,Hub C,52,22.0
ORD07823,C0323,2,Hub C,59,22.0
ORD07824,C0324,3,Hub C,66,22.0
ORD07825,C0325,1,Hub C,73,22.0
ORD07826,C0326,2,Hub C,20,22.0
ORD07827,C0327,3,Hub C,27,22.0
ORD07828,C0328,1,Hub C,34,22.0
ORD07829,C0329,2,Hub C,41,22.0
ORD07830,C0330,3,Hub C,48,22.0
ORD07831,C0331,1,Hub C,55,22.0
ORD07832,C0332,2,Hub C,62,22.0
ORD07833,C0333,3,Hub C,69,22.0
ORD07834,C0334,1,Hub C,76,22.0
ORD07835,C0335,2,Hub C,23,22.0
ORD07836,C0336,3,Hub C,30,22.0
ORD07837,C0337,1,Hub C,37,22.0
ORD07838,C0338,2,Hub C,44,22.0
ORD07839,C0339,3,Hub C,51,22.0
ORD07840,C0340,1,Hub C,58,22.0
ORD07841,C0341,2,Hub C,65,22.0
ORD07842,C0342,3,Hub C,72,22.0
ORD07843,C0343,1,Hub C,19,22.0
ORD07844,C0344,2,Hub C,26,22.0
ORD07845,C0345,3,Hub C,33,22.0
ORD07846,C0346,1,Hub C,40,22.0
ORD07847,C0347,2,Hub C,47,22.0
ORD07848,C0348,3,Hub C,54,22.0
ORD07849,C0349,1,Hub C,61,22.0
ORD07850,C0350,2,Hub C,68,22.0
ORD07851,C0351,3,Hub C,75,22.0
ORD07852,C0352,1,Hub C,22,22.0
ORD07853,C0353,2,Hub C,29,22.0
ORD07854,C0354,3,Hub C,36,22.0
ORD07855,C0355,1,Hub C,43,22.0
ORD07856,C0356,2,Hub C,50,22.0
ORD07857,C0357,3,Hub C,57,22.0
ORD07858,C0358,1,Hub C,64,22.0
ORD07859,C0359,2,Hub C,71,22.0
ORD07860,C0360,3,Hub C,18,22.0
ORD07861,C0361,1,Hub C,25,22.0
ORD07862,C0362,2,Hub C,32,22.0
ORD07863,C0363,3,Hub C,39,22.0
ORD07864,C0364,1,Hub C,46,22.0
ORD07865,C0365,2,Hub C,53,22.0
ORD07866,C0366,3,Hub C,60,22.0
ORD07867,C0367,1,Hub C,67,22.0
ORD07868,C0368,2,Hub C,74,22.0
ORD07869,C0369,3,Hub C,21,22.0
ORD07870,C0370,1,Hub C,28,22.0
ORD07871,C0371,2,Hub C,35,22.0
ORD07872,C0372,3,Hub C,42,22.0
ORD07873,C0373,1,Hub C,49,22.0
ORD07874,C0374,2,Hub C,56,22.0
ORD07875,C0375,3,Hub C,63,22.0
ORD07876,C0376,1,Hub C,70,22.0
ORD07877,C0377,2,Hub C,77,22.0
ORD07878,C0378,3,Hub C,24,22.0
ORD07879,C0379,1,Hub C,31,22.0
ORD07880,C0380,2,Hub C,38,22.0
ORD07881,C0381,3,Hub C,45,22.0
ORD07882,C0382,1,Hub C,52,22.0
ORD07883,C0383,2,Hub C,59,22.0
ORD07884,C0384,3,Hub C,66,22.0
ORD07885,C0385,1,Hub C,73,22.0
ORD07886,C0386,2,Hub C,20,22.0
ORD07887,C0387,3,Hub C,27,22.0
ORD07888,C0388,1,Hub C,34,22.0
ORD07889,C0389,2,Hub C,41,22.0
ORD07890,C0390,3,Hub C,48,22.0
ORD07891,C0391,1,Hub C,55,22.0
ORD07892,C0392,2,Hub C,62,22.0
ORD07893,C0393,3,Hub C,69,22.0
ORD07894,C0394,1,Hub C,76,22.0
ORD07895,C0395,2,Hub C,23,22.0
ORD07896,C0396,3,Hub C,30,22.0
ORD07897,C0397,1,Hub C,37,22.0
ORD07898,C0398,2,Hub C,44,22.0
ORD07899,C0399,3,Hub C,51,22.0
ORD07900,C0400,1,Hub C,58,22.0
ORD07901,C0401,2,Hub C,65,22.0
ORD07902,C0402,3,Hub C,72,22.0
ORD07903,C0403,1,Hub C,19,22.0
ORD07904,C0404,2,Hub C,26,22.0
ORD07905,C0405,3,Hub C,33,22.0
ORD07906,C0406,1,Hub C,40,22.0
ORD07907,C0407,2,Hub C,47,22.0
ORD07908,C0408,3,Hub C,54,22.0
ORD07909,C0409,1,Hub C,61,22.0
ORD07910,C0410,2,Hub C,68,22.0
ORD07911,C0411,3,Hub C,75,22.0
ORD07912,C0412,1,Hub C,22,22.0
ORD07913,C0413,2,Hub C,29,22.0
ORD07914,C0414,3,Hub C,36,22.0
ORD07915,C0415,1,Hub C,43,22.0
ORD07916,C0416,2,Hub C,50,22.0
ORD07917,C0417,3,Hub C,57,22.0
ORD07918,C0418,1,Hub C,64,22.0
ORD07919,C0419,2,Hub C,71,22.0
ORD07920,C0420,3,Hub C,18,22.0
ORD07921,C0421,1,Hub C,25,22.0
ORD07922,C0422,2,Hub C,32,22.0
ORD07923,C0423,3,Hub C,39,22.0
ORD07924,C0424,1,Hub C,46,22.0
ORD07925,C0425,2,Hub C,53,22.0
ORD07926,C0426,3,Hub C,60,22.0
ORD07927,C0427,1,Hub C,67,22.0
ORD07928,C0428,2,Hub C,74,22.0
ORD07929,C0429,3,Hub C,21,22.0
ORD07930,C0430,1,Hub C,28,22.0
ORD07931,C0431,2,Hub C,35,22.0
ORD07932,C0432,3,Hub C,42,22.0
ORD07933,C0433,1,Hub C,49,22.0
ORD07934,C0434,2,Hub C,56,22.0
ORD07935,C0435,3,Hub C,63,22.0
ORD07936,C0436,1,Hub C,70,22.0
ORD07937,C0437,2,Hub C,77,22.0
ORD07938,C0438,3,Hub C,24,22.0
ORD07939,C0439,1,Hub C,31,22.0
ORD07940,C0440,2,Hub C,38,22.0
ORD07941,C0441,3,Hub C,45,22.0
ORD07942,C0442,1,Hub C,52,22.0
ORD07943,C0443,2,Hub C,59,22.0
ORD07944,C0444,3,Hub C,66,22.0
ORD07945,C0445,1,Hub C,73,22.0
ORD07946,C0446,2,Hub C,20,22.0
ORD07947,C0447,3,Hub C,27,22.0
ORD07948,C0448,1,Hub C,34,22.0
ORD07949,C0449,2,Hub C,41,22.0
ORD07950,C0450,3,Hub C,48,22.0
ORD07951,C0451,1,Hub C,55,22.0
ORD07952,C0452,2,Hub C,62,22.0
ORD07953,C0453,3,Hub C,69,22.0
ORD07954,C0454,1,Hub C,76,22.0
ORD07955,C0455,2,Hub C,23,22.0
ORD07956,C0456,3,Hub C,30,22.0
ORD07957,C0457,1,Hub C,37,22.0
ORD07958,C0458,2,Hub C,44,22.0
ORD07959,C0459,3,Hub C,51,22.0
ORD07960,C0460,1,Hub C,58,22.0
ORD07961,C0461,2,Hub C,65,22.0
ORD07962,C0462,3,Hub C,72,22.0
ORD07963,C0463,1,Hub C,19,22.0
ORD07964,C0464,2,Hub C,26,22.0
ORD07965,C0465,3,Hub C,33,22.0
ORD07966,C0466,1,Hub C,40,22.0
ORD07967,C0467,2,Hub C,47,22.0
ORD07968,C0468,3,Hub C,54,22.0
ORD07969,C0469,1,Hub C,61,22.0
ORD07970,C0470,2,Hub C,68,22.0
ORD07971,C0471,3,Hub C,75,22.0
ORD07972,C0472,1,Hub C,22,22.0
ORD07973,C0473,2,Hub C,29,22.0
ORD07974,C0474,3,Hub C,36,22.0
ORD07975,C0475,1,Hub C,43,22.0
ORD07976,C0476,2,Hub C,50,22.0
ORD07977,C0477,3,Hub C,57,22.0
ORD07978,C0478,1,Hub C,64,22.0
ORD07979,C0479,2,Hub C,71,22.0
ORD07980,C0480,3,Hub C,18,22.0
ORD07981,C0481,1,Hub C,25,22.0
ORD07982,C0482,2,Hub C,32,22.0
ORD07983,C0483,3,Hub C,39,22.0
ORD07984,C0484,1,Hub C,46,22.0
ORD07985,C0485,2,Hub C,53,22.0
ORD07986,C0486,3,Hub C,60,22.0
ORD07987,C0487,1,Hub C,67,22.0
ORD07988,C0488,2,Hub C,74,22.0
ORD07989,C0489,3,Hub C,21,22.0
ORD07990,C0490,1,Hub C,28,22.0
ORD07991,C0491,2,Hub C,35,22.0
ORD07992,C0492,3,Hub C,42,22.0
ORD07993,C0493,1,Hub C,49,22.0
ORD07994,C0494,2,Hub C,56,22.0
ORD07995,C0495,3,Hub C,63,22.0
ORD07996,C0496,1,Hub C,70,22.0
ORD07997,C0497,2,Hub C,77,22.0
ORD07998,C0498,3,Hub C,24,22.0
ORD07999,C0499,1,Hub C,31,22.0
ORD08000,C0500,2,Hub C,38,22.0
ORD08001,C0501,3,Hub C,45,22.0
ORD08002,C0502,1,Hub C,52,22.0
ORD08003,C0503,2,Hub C,59,22.0
ORD08004,C0504,3,Hub C,66,22.0
ORD08005,C0505,1,Hub C,73,22.0
ORD08006,C0506,2,Hub C,20,22.0
ORD08007,C0507,3,Hub C,27,22.0
ORD08008,C0508,1,Hub C,34,22.0
ORD08009,C0509,2,Hub C,41,22.0
ORD08010,C0510,3,Hub C,48,22.0
ORD08011,C0511,1,Hub C,55,22.0
ORD08012,C0512,2,Hub C,62,22.0
ORD08013,C0513,3,Hub C,69,22.0
ORD08014,C0514,1,Hub C,76,22.0
ORD08015,C0515,2,Hub C,23,22.0
ORD08016,C0516,3,Hub C,30,22.0
ORD08017,C0517,1,Hub C,37,22.0
ORD08018,C0518,2,Hub C,44,22.0
ORD08019,C0519,3,Hub C,51,22.0
ORD08020,C0520,1,Hub C,58,22.0
ORD08021,C0521,2,Hub C,65,22.0
ORD08022,C0522,3,Hub C,72,22.0
ORD08023,C0523,1,Hub C,19,22.0
ORD08024,C0524,2,Hub C,26,22.0
ORD08025,C0525,3,Hub C,33,22.0
ORD08026,C0526,1,Hub C,40,22.0
ORD08027,C0527,2,Hub C,47,22.0
ORD08028,C0528,3,Hub C,54,22.0
ORD08029,C0529,1,Hub C,61,22.0
ORD08030,C0530,2,Hub C,68,22.0
ORD08031,C0531,3,Hub C,75,22.0
ORD08032,C0532,1,Hub C,22,22.0
ORD08033,C0533,2,Hub C,29,22.0
ORD08034,C0534,3,Hub C,36,22.0
ORD08035,C0535,1,Hub C,43,22.0
ORD08036,C0536,2,Hub C,50,22.0
ORD08037,C0537,3,Hub C,57,22.0
ORD08038,C0538,1,Hub C,64,22.0
ORD08039,C0539,2,Hub C,71,22.0
ORD08040,C0540,3,Hub C,18,22.0
ORD08041,C0541,1,Hub C,25,22.0
ORD08042,C0542,2,Hub C,32,22.0
ORD08043,C0543,3,Hub C,39,22.0
ORD08044,C0544,1,Hub C,46,22.0
ORD08045,C0545,2,Hub C,53,22.0
ORD08046,C0546,3,Hub C,60,22.0
ORD08047,C0547,1,Hub C,67,22.0
ORD08048,C0548,2,Hub C,74,22.0
ORD08049,C0549,3,Hub C,21,22.0
ORD08050,C0550,1,Hub C,28,22.0
ORD08051,C0551,2,Hub C,35,22.0
ORD08052,C0552,3,Hub C,42,22.0
ORD08053,C0553,1,Hub C,49,22.0
ORD08054,C0554,2,Hub C,56,22.0
ORD08055,C0555,3,Hub C,63,22.0
ORD08056,C0556,1,Hub C,70,22.0
ORD08057,C0557,2,Hub C,77,22.0
ORD08058,C0558,3,Hub C,24,22.0
ORD08059,C0559,1,Hub C,31,22.0
ORD08060,C0560,2,Hub C,38,22.0
ORD08061,C0561,3,Hub C,45,22.0
ORD08062,C0562,1,Hub C,52,22.0
ORD08063,C0563,2,Hub C,59,22.0
ORD08064,C0564,3,Hub C,66,22.0
ORD08065,C0565,1,Hub C,73,22.0
ORD08066,C0566,2,Hub C,20,22.0
ORD08067,C0567,3,Hub C,27,22.0
ORD08068,C0568,1,Hub C,34,22.0
ORD08069,C0569,2,Hub C,41,22.0
ORD08070,C0570,3,Hub C,48,22.0
ORD08071,C0571,1,Hub C,55,22.0
ORD08072,C0572,2,Hub C,62,22.0
ORD08073,C0573,3,Hub C,69,22.0
ORD08074,C0574,1,Hub C,76,22.0
ORD08075,C0575,2,Hub C,23,22.0
ORD08076,C0576,3,Hub C,30,22.0
ORD08077,C0577,1,Hub C,37,22.0
ORD08078,C0578,2,Hub C,44,22.0
ORD08079,C0579,3,Hub C,51,22.0
ORD08080,C0580,1,Hub C,58,22.0
ORD08081,C0581,2,Hub C,65,22.0
ORD08082,C0582,3,Hub C,72,22.0
ORD08083,C0583,1,Hub C,19,22.0
ORD08084,C0584,2,Hub C,26,22.0
ORD08085,C0585,3,Hub C,33,22.0
ORD08086,C0586,1,Hub C,40,22.0
ORD08087,C0587,2,Hub C,47,22.0
ORD08088,C0588,3,Hub C,54,22.0
ORD08089,C0589,1,Hub C,61,22.0
ORD08090,C0590,2,Hub C,68,22.0
ORD08091,C0591,3,Hub C,75,22.0
ORD08092,C0592,1,Hub C,22,22.0
ORD08093,C0593,2,Hub C,29,22.0
ORD08094,C0594,3,Hub C,36,22.0
ORD08095,C0595,1,Hub C,43,22.0
ORD08096,C0596,2,Hub C,50,22.0
ORD08097,C0597,3,Hub C,57,22.0
ORD08098,C0598,1,Hub C,64,22.0
ORD08099,C0599,2,Hub C,71,22.0
ORD08100,C0600,3,Hub C,18,22.0
ORD08101,C0601,1,Hub C,25,22.0
ORD08102,C0602,2,Hub C,32,22.0
ORD08103,C0603,3,Hub C,39,22.0
ORD08104,C0604,1,Hub C,46,22.0
ORD08105,C0605,2,Hub C,53,22.0
ORD08106,C0606,3,Hub C,60,22.0
ORD08107,C0607,1,Hub C,67,22.0
ORD08108,C0608,2,Hub C,74,22.0
ORD08109,C0609,3,Hub C,21,22.0
ORD08110,C0610,1,Hub C,28,22.0
ORD08111,C0611,2,Hub C,35,22.0
ORD08112,C0612,3,Hub C,42,22.0
ORD08113,C0613,1,Hub C,49,22.0
ORD08114,C0614,2,Hub C,56,22.0
ORD08115,C0615,3,Hub C,63,22.0
ORD08116,C0616,1,Hub C,70,22.0
ORD08117,C0617,2,Hub C,77,22.0
ORD08118,C0618,3,Hub C,24,22.0
ORD08119,C0619,1,Hub C,31,22.0
ORD08120,C0620,2,Hub C,38,22.0
ORD08121,C0621,3,Hub C,45,22.0
ORD08122,C0622,1,Hub C,52,22.0
ORD08123,C0623,2,Hub C,59,22.0
ORD08124,C0624,3,Hub C,66,22.0
ORD08125,C0625,1,Hub C,73,22.0
ORD08126,C0626,2,Hub C,20,22.0
ORD08127,C0627,3,Hub C,27,22.0
ORD08128,C0628,1,Hub C,34,22.0
ORD08129,C0629,2,Hub C,41,22.0
ORD08130,C0630,3,Hub C,48,22.0
ORD08131,C0631,1,Hub C,55,22.0
ORD08132,C0632,2,Hub C,62,22.0
ORD08133,C0633,3,Hub C,69,22.0
ORD08134,C0634,1,Hub C,76,22.0
ORD08135,C0635,2,Hub C,23,22.0
ORD08136,C0636,3,Hub C,30,22.0
ORD08137,C0637,1,Hub C,37,22.0
ORD08138,C0638,2,Hub C,44,22.0
ORD08139,C0639,3,Hub C,51,22.0
ORD08140,C0640,1,Hub C,58,22.0
ORD08141,C0641,2,Hub C,65,22.0
ORD08142,C0642,3,Hub C,72,22.0
ORD08143,C0643,1,Hub C,19,22.0
ORD08144,C0644,2,Hub C,26,22.0
ORD08145,C0645,3,Hub C,33,22.0
ORD08146,C0646,1,Hub C,40,22.0
ORD08147,C0647,2,Hub C,47,22.0
ORD08148,C0648,3,Hub C,54,22.0
ORD08149,C0649,1,Hub C,61,22.0
ORD08150,C0650,2,Hub C,68,22.0
ORD08151,C0651,3,Hub C,75,22.0
ORD08152,C0652,1,Hub C,22,22.0
ORD08153,C0653,2,Hub C,29,22.0
ORD08154,C0654,3,Hub C,36,22.0
ORD08155,C0655,1,Hub C,43,22.0
ORD08156,C0656,2,Hub C,50,22.0
ORD08157,C0657,3,Hub C,57,22.0
ORD08158,C0658,1,Hub C,64,22.0
ORD08159,C0659,2,Hub C,71,22.0
ORD08160,C0660,3,Hub C,18,22.0
ORD08161,C0661,1,Hub C,25,22.0
ORD08162,C0662,2,Hub C,32,22.0
ORD08163,C0663,3,Hub C,39,22.0
ORD08164,C0664,1,Hub C,46,22.0
ORD08165,C0665,2,Hub C,53,22.0
ORD08166,C0666,3,Hub C,60,22.0
ORD08167,C0667,1,Hub C,67,22.0
ORD08168,C0668,2,Hub C,74,22.0
ORD08169,C0669,3,Hub C,21,22.0
ORD08170,C0670,1,Hub C,28,22.0
ORD08171,C0671,2,Hub C,35,22.0
ORD08172,C0672,3,Hub C,42,22.0
ORD08173,C0673,1,Hub C,49,22.0
ORD08174,C0674,2,Hub C,56,22.0
ORD08175,C0675,3,Hub C,63,22.0
ORD08176,C0676,1,Hub C,70,22.0
ORD08177,C0677,2,Hub C,77,22.0
ORD08178,C0678,3,Hub C,24,22.0
ORD08179,C0679,1,Hub C,31,22.0
ORD08180,C0680,2,Hub C,38,22.0
ORD08181,C0681,3,Hub C,45,22.0
ORD08182,C0682,1,Hub C,52,22.0
ORD08183,C0683,2,Hub C,59,22.0
ORD08184,C0684,3,Hub C,66,22.0
ORD08185,C0685,1,Hub C,73,22.0
ORD08186,C0686,2,Hub C,20,22.0
ORD08187,C0687,3,Hub C,27,22.0
ORD08188,C0688,1,Hub C,34,22.0
ORD08189,C0689,2,Hub C,41,22.0
ORD08190,C0690,3,Hub C,48,22.0
ORD08191,C0691,1,Hub C,55,22.0
ORD08192,C0692,2,Hub C,62,22.0
ORD08193,C0693,3,Hub C,69,22.0
ORD08194,C0694,1,Hub C,76,22.0
ORD08195,C0695,2,Hub C,23,22.0
ORD08196,C0696,3,Hub C,30,22.0
ORD08197,C0697,1,Hub C,37,22.0
ORD08198,C0698,2,Hub C,44,22.0
ORD08199,C0699,3,Hub C,51,22.0
ORD08200,C0700,1,Hub C,58,22.0
ORD08201,C0701,2,Hub C,65,22.0
ORD08202,C0702,3,Hub C,72,22.0
ORD08203,C0703,1,Hub C,19,22.0
ORD08204,C0704,2,Hub C,26,22.0
ORD08205,C0705,3,Hub C,33,22.0
ORD08206,C0706,1,Hub C,40,22.0
ORD08207,C0707,2,Hub C,47,22.0
ORD08208,C0708,3,Hub C,54,22.0
ORD08209,C0709,1,Hub C,61,22.0
ORD08210,C0710,2,Hub C,68,22.0
ORD08211,C0711,3,Hub C,75,22.0
ORD08212,C0712,1,Hub C,22,22.0
ORD08213,C0713,2,Hub C,29,22.0
ORD08214,C0714,3,Hub C,36,22.0
ORD08215,C0715,1,Hub C,43,22.0
ORD08216,C0716,2,Hub C,50,22.0
ORD08217,C0717,3,Hub C,57,22.0
ORD08218,C0718,1,Hub C,64,22.0
ORD08219,C0719,2,Hub C,71,22.0
ORD08220,C0720,3,Hub C,18,22.0
ORD08221,C0721,1,Hub C,25,22.0
ORD08222,C0722,2,Hub C,32,22.0
ORD08223,C0723,3,Hub C,39,22.0
ORD08224,C0724,1,Hub C,46,22.0
ORD08225,C0725,2,Hub C,53,22.0
ORD08226,C0726,3,Hub C,60,22.0
ORD08227,C0727,1,Hub C,67,22.0
ORD08228,C0728,2,Hub C,74,22.0
ORD08229,C0729,3,Hub C,21,22.0
ORD08230,C0730,1,Hub C,28,22.0
ORD08231,C0731,2,Hub C,35,22.0
ORD08232,C0732,3,Hub C,42,22.0
ORD08233,C0733,1,Hub C,49,22.0
ORD08234,C0734,2,Hub C,56,22.0
ORD08235,C0735,3,Hub C,63,22.0
ORD08236,C0736,1,Hub C,70,22.0
ORD08237,C0737,2,Hub C,77,22.0
ORD08238,C0738,3,Hub C,24,22.0
ORD08239,C0739,1,Hub C,31,22.0
ORD08240,C0740,2,Hub C,38,22.0
ORD08241,C0741,3,Hub C,45,22.0
ORD08242,C0742,1,Hub C,52,22.0
ORD08243,C0743,2,Hub C,59,22.0
ORD08244,C0744,3,Hub C,66,22.0
ORD08245,C0745,1,Hub C,73,22.0
ORD08246,C0746,2,Hub C,20,22.0
ORD08247,C0747,3,Hub C,27,22.0
ORD08248,C0748,1,Hub C,34,22.0
ORD08249,C0749,2,Hub C,41,22.0
ORD08250,C0750,3,Hub C,48,22.0
ORD08251,C0751,1,Hub C,55,22.0
ORD08252,C0752,2,Hub C,62,22.0
ORD08253,C0753,3,Hub C,69,22.0
ORD08254,C0754,1,Hub C,76,22.0
ORD08255,C0755,2,Hub C,23,22.0
ORD08256,C0756,3,Hub C,30,22.0
ORD08257,C0757,1,Hub C,37,22.0
ORD08258,C0758,2,Hub C,44,22.0
ORD08259,C0759,3,Hub C,51,22.0
ORD08260,C0760,1,Hub C,58,22.0
ORD08261,C0761,2,Hub C,65,22.0
ORD08262,C0762,3,Hub C,72,22.0
ORD08263,C0763,1,Hub C,19,22.0
ORD08264,C0764,2,Hub C,26,22.0
ORD08265,C0765,3,Hub C,33,22.0
ORD08266,C0766,1,Hub C,40,22.0
ORD08267,C0767,2,Hub C,47,22.0
ORD08268,C0768,3,Hub C,54,22.0
ORD08269,C0769,1,Hub C,61,22.0
ORD08270,C0770,2,Hub C,68,22.0
ORD08271,C0771,3,Hub C,75,22.0
ORD08272,C0772,1,Hub C,22,22.0
ORD08273,C0773,2,Hub C,29,22.0
ORD08274,C0774,3,Hub C,36,22.0
ORD08275,C0775,1,Hub C,43,22.0
ORD08276,C0776,2,Hub C,50,22.0
ORD08277,C0777,3,Hub C,57,22.0
ORD08278,C0778,1,Hub C,64,22.0
ORD08279,C0779,2,Hub C,71,22.0
ORD08280,C0780,3,Hub C,18,22.0
ORD08281,C0781,1,Hub C,25,22.0
ORD08282,C0782,2,Hub C,32,22.0
ORD08283,C0783,3,Hub C,39,22.0
ORD08284,C0784,1,Hub C,46,22.0
ORD08285,C0785,2,Hub C,53,22.0
ORD08286,C0786,3,Hub C,60,22.0
ORD08287,C0787,1,Hub C,67,22.0
ORD08288,C0788,2,Hub C,74,22.0
ORD08289,C0789,3,Hub C,21,22.0
ORD08290,C0790,1,Hub C,28,22.0
ORD08291,C0791,2,Hub C,35,22.0
ORD08292,C0792,3,Hub C,42,22.0
ORD08293,C0793,1,Hub C,49,22.0
ORD08294,C0794,2,Hub C,56,22.0
ORD08295,C0795,3,Hub C,63,22.0
ORD08296,C0796,1,Hub C,70,22.0
ORD08297,C0797,2,Hub C,77,22.0
ORD08298,C0798,3,Hub C,24,22.0
ORD08299,C0799,1,Hub C,31,22.0
ORD08300,C0800,2,Hub C,38,31.0
ORD08301,C0801,3,Hub C,45,31.0
ORD08302,C0802,1,Hub C,52,31.0
ORD08303,C0803,2,Hub C,59,31.0
ORD08304,C0804,3,Hub C,66,31.0
ORD08305,C0805,1,Hub C,73,31.0
ORD08306,C0806,2,Hub C,20,31.0
ORD08307,C0807,3,Hub C,27,31.0
ORD08308,C0808,1,Hub C,34,31.0
ORD08309,C0809,2,Hub C,41,31.0
ORD08310,C0810,3,Hub C,48,31.0
ORD08311,C0811,1,Hub C,55,31.0
ORD08312,C0812,2,Hub C,62,31.0
ORD08313,C0813,3,Hub C,69,31.0
ORD08314,C0814,1,Hub C,76,31.0
ORD08315,C0815,2,Hub C,23,31.0
ORD08316,C0816,3,Hub C,30,31.0
ORD08317,C0817,1,Hub C,37,31.0
ORD08318,C0818,2,Hub C,44,31.0
ORD08319,C0819,3,Hub C,51,31.0
ORD08320,C0820,1,Hub C,58,31.0
ORD08321,C0821,2,Hub C,65,31.0
ORD08322,C0822,3,Hub C,72,31.0
ORD08323,C0823,1,Hub C,19,31.0
ORD08324,C0824,2,Hub C,26,31.0
ORD08325,C0825,3,Hub C,33,31.0
ORD08326,C0826,1,Hub C,40,31.0
ORD08327,C0827,2,Hub C,47,31.0
ORD08328,C0828,3,Hub C,54,31.0
ORD08329,C0829,1,Hub C,61,31.0
ORD08330,C0830,2,Hub C,68,31.0
ORD08331,C0831,3,Hub C,75,31.0
ORD08332,C0832,1,Hub C,22,31.0
ORD08333,C0833,2,Hub C,29,31.0
ORD08334,C0834,3,Hub C,36,31.0
ORD08335,C0835,1,Hub C,43,31.0
ORD08336,C0836,2,Hub C,50,31.0
ORD08337,C0837,3,Hub C,57,31.0
ORD08338,C0838,1,Hub C,64,31.0
ORD08339,C0839,2,Hub C,71,31.0
ORD08340,C0840,3,Hub C,18,31.0
ORD08341,C0841,1,Hub C,25,31.0
ORD08342,C0842,2,Hub C,32,31.0
ORD08343,C0843,3,Hub C,39,31.0
ORD08344,C0844,1,Hub C,46,31.0
ORD08345,C0845,2,Hub C,53,31.0
ORD08346,C0846,3,Hub C,60,31.0
ORD08347,C0847,1,Hub C,67,31.0
ORD08348,C0848,2,Hub C,74,31.0
ORD08349,C0849,3,Hub C,21,31.0
ORD08350,C0850,1,Hub C,28,31.0
ORD08351,C0851,2,Hub C,35,31.0
ORD08352,C0852,3,Hub C,42,31.0
ORD08353,C0853,1,Hub C,49,31.0
ORD08354,C0854,2,Hub C,56,31.0
ORD08355,C0855,3,Hub C,63,31.0
ORD08356,C0856,1,Hub C,70,31.0
ORD08357,C0857,2,Hub C,77,31.0
ORD08358,C0858,3,Hub C,24,31.0
ORD08359,C0859,1,Hub C,31,31.0
ORD08360,C0860,2,Hub C,38,31.0
ORD08361,C0861,3,Hub C,45,31.0
ORD08362,C0862,1,Hub C,52,31.0
ORD08363,C0863,2,Hub C,59,31.0
ORD08364,C0864,3,Hub C,66,31.0
ORD08365,C0865,1,Hub C,73,31.0
ORD08366,C0866,2,Hub C,20,31.0
ORD08367,C0867,3,Hub C,27,31.0
ORD08368,C0868,1,Hub C,34,31.0
ORD08369,C0869,2,Hub C,41,31.0
ORD08370,C0870,3,Hub C,48,31.0
ORD08371,C0871,1,Hub C,55,31.0
ORD08372,C0872,2,Hub C,62,31.0
ORD08373,C0873,3,Hub C,69,31.0
ORD08374,C0874,1,Hub C,76,31.0
ORD08375,C0875,2,Hub C,23,31.0
ORD08376,C0876,3,Hub C,30,31.0
ORD08377,C0877,1,Hub C,37,31.0
ORD08378,C0878,2,Hub C,44,31.0
ORD08379,C0879,3,Hub C,51,31.0
ORD08380,C0880,1,Hub C,58,31.0
ORD08381,C0881,2,Hub C,65,31.0
ORD08382,C0882,3,Hub C,72,31.0
ORD08383,C0883,1,Hub C,19,31.0
ORD08384,C0884,2,Hub C,26,31.0
ORD08385,C0885,3,Hub C,33,31.0
ORD08386,C0886,1,Hub C,40,31.0
ORD08387,C0887,2,Hub C,47,31.0
ORD08388,C0888,3,Hub C,54,31.0
ORD08389,C0889,1,Hub C,61,31.0
ORD08390,C0890,2,Hub C,68,31.0
ORD08391,C0891,3,Hub C,75,31.0
ORD08392,C0892,1,Hub C,22,31.0
ORD08393,C0893,2,Hub C,29,31.0
ORD08394,C0894,3,Hub C,36,31.0
ORD08395,C0895,1,Hub C,43,31.0
ORD08396,C0896,2,Hub C,50,31.0
ORD08397,C0897,3,Hub C,57,31.0
ORD08398,C0898,1,Hub C,64,31.0
ORD08399,C0899,2,Hub C,71,31.0
ORD08400,C0900,3,Hub C,18,31.0
ORD08401,C0901,1,Hub C,25,31.0
ORD08402,C0902,2,Hub C,32,31.0
ORD08403,C0903,3,Hub C,39,31.0
ORD08404,C0904,1,Hub C,46,31.0
ORD08405,C0905,2,Hub C,53,31.0
ORD08406,C0906,3,Hub C,60,31.0
ORD08407,C0907,1,Hub C,67,31.0
ORD08408,C0908,2,Hub C,74,31.0
ORD08409,C0909,3,Hub C,21,31.0
ORD08410,C0910,1,Hub C,28,31.0
ORD08411,C0911,2,Hub C,35,31.0
ORD08412,C0912,3,Hub C,42,31.0
ORD08413,C0913,1,Hub C,49,31.0
ORD08414,C0914,2,Hub C,56,31.0
ORD08415,C0915,3,Hub C,63,31.0
ORD08416,C0916,1,Hub C,70,31.0
ORD08417,C0917,2,Hub C,77,31.0
ORD08418,C0918,3,Hub C,24,31.0
ORD08419,C0919,1,Hub C,31,31.0
ORD08420,C0920,2,Hub C,38,31.0
ORD08421,C0921,3,Hub C,45,31.0
ORD08422,C0922,1,Hub C,52,31.0
ORD08423,C0923,2,Hub C,59,31.0
ORD08424,C0924,3,Hub C,66,31.0
ORD08425,C0925,1,Hub C,73,31.0
ORD08426,C0926,2,Hub C,20,31.0
ORD08427,C0927,3,Hub C,27,31.0
ORD08428,C0928,1,Hub C,34,31.0
ORD08429,C0929,2,Hub C,41,31.0
ORD08430,C0930,3,Hub C,48,31.0
ORD08431,C0931,1,Hub C,55,31.0
ORD08432,C0932,2,Hub C,62,31.0
ORD08433,C0933,3,Hub C,69,31.0
ORD08434,C0934,1,Hub C,76,31.0
ORD08435,C0935,2,Hub C,23,31.0
ORD08436,C0936,3,Hub C,30,31.0
ORD08437,C0937,1,Hub C,37,31.0
ORD08438,C0938,2,Hub C,44,31.0
ORD08439,C0939,3,Hub C,51,31.0
ORD08440,C0940,1,Hub C,58,31.0
ORD08441,C0941,2,Hub C,65,31.0
ORD08442,C0942,3,Hub C,72,31.0
ORD08443,C0943,1,Hub C,19,31.0
ORD08444,C0944,2,Hub C,26,31.0
ORD08445,C0945,3,Hub C,33,31.0
ORD08446,C0946,1,Hub C,40,31.0
ORD08447,C0947,2,Hub C,47,31.0
ORD08448,C0948,3,Hub C,54,31.0
ORD08449,C0949,1,Hub C,61,31.0
ORD08450,C0950,2,Hub C,68,31.0
ORD08451,C0951,3,Hub C,75,31.0
ORD08452,C0952,1,Hub C,22,31.0
ORD08453,C0953,2,Hub C,29,31.0
ORD08454,C0954,3,Hub C,36,31.0
ORD08455,C0955,1,Hub C,43,31.0
ORD08456,C0956,2,Hub C,50,31.0
ORD08457,C0957,3,Hub C,57,31.0
ORD08458,C0958,1,Hub C,64,31.0
ORD08459,C0959,2,Hub C,71,31.0
ORD08460,C0960,3,Hub C,18,31.0
ORD08461,C0961,1,Hub C,25,31.0
ORD08462,C0962,2,Hub C,32,31.0
ORD08463,C0963,3,Hub C,39,31.0
ORD08464,C0964,1,Hub C,46,31.0
ORD08465,C0965,2,Hub C,53,31.0
ORD08466,C0966,3,Hub C,60,31.0
ORD08467,C0967,1,Hub C,67,31.0
ORD08468,C0968,2,Hub C,74,31.0
ORD08469,C0969,3,Hub C,21,31.0
ORD08470,C0970,1,Hub C,28,31.0
ORD08471,C0971,2,Hub C,35,31.0
ORD08472,C0972,3,Hub C,42,31.0
ORD08473,C0973,1,Hub C,49,31.0
ORD08474,C0974,2,Hub C,56,31.0
ORD08475,C0975,3,Hub C,63,31.0
ORD08476,C0976,1,Hub C,70,31.0
ORD08477,C0977,2,Hub C,77,31.0
ORD08478,C0978,3,Hub C,24,31.0
ORD08479,C0979,1,Hub C,31,31.0
ORD08480,C0980,2,Hub C,38,31.0
ORD08481,C0981,3,Hub C,45,31.0
ORD08482,C0982,1,Hub C,52,31.0
ORD08483,C0983,2,Hub C,59,31.0
ORD08484,C0984,3,Hub C,66,31.0
ORD08485,C0985,1,Hub C,73,31.0
ORD08486,C0986,2,Hub C,20,31.0
ORD08487,C0987,3,Hub C,27,31.0
ORD08488,C0988,1,Hub C,34,31.0
ORD08489,C0989,2,Hub C,41,31.0
ORD08490,C0990,3,Hub C,48,31.0
ORD08491,C0991,1,Hub C,55,31.0
ORD08492,C0992,2,Hub C,62,31.0
ORD08493,C0993,3,Hub C,69,31.0
ORD08494,C0994,1,Hub C,76,31.0
ORD08495,C0995,2,Hub C,23,31.0
ORD08496,C0996,3,Hub C,30,31.0
ORD08497,C0997,1,Hub C,37,31.0
ORD08498,C0998,2,Hub C,44,31.0
ORD08499,C0999,3,Hub C,51,31.0
ORD08500,C1000,1,Hub C,58,31.0
ORD08501,C1001,2,Hub C,65,31.0
ORD08502,C1002,3,Hub C,72,31.0
ORD08503,C1003,1,Hub C,19,31.0
ORD08504,C1004,2,Hub C,26,31.0
ORD08505,C1005,3,Hub C,33,31.0
ORD08506,C1006,1,Hub C,40,31.0
ORD08507,C1007,2,Hub C,47,31.0
ORD08508,C1008,3,Hub C,54,31.0
ORD08509,C1009,1,Hub C,61,31.0
ORD08510,C1010,2,Hub C,68,31.0
ORD08511,C1011,3,Hub C,75,31.0
ORD08512,C1012,1,Hub C,22,31.0
ORD08513,C1013,2,Hub C,29,31.0
ORD08514,C1014,3,Hub C,36,31.0
ORD08515,C1015,1,Hub C,43,31.0
ORD08516,C1016,2,Hub C,50,31.0
ORD08517,C1017,3,Hub C,57,31.0
ORD08518,C1018,1,Hub C,64,31.0
ORD08519,C1019,2,Hub C,71,31.0
ORD08520,C1020,3,Hub C,18,31.0
ORD08521,C1021,1,Hub C,25,31.0
ORD08522,C1022,2,Hub C,32,31.0
ORD08523,C1023,3,Hub C,39,31.0
ORD08524,C1024,1,Hub C,46,31.0
ORD08525,C1025,2,Hub C,53,31.0
ORD08526,C1026,3,Hub C,60,31.0
ORD08527,C1027,1,Hub C,67,31.0
ORD08528,C1028,2,Hub C,74,31.0
ORD08529,C1029,3,Hub C,21,31.0
ORD08530,C1030,1,Hub C,28,31.0
ORD08531,C1031,2,Hub C,35,31.0
ORD08532,C1032,3,Hub C,42,31.0
ORD08533,C1033,1,Hub C,49,31.0
ORD08534,C1034,2,Hub C,56,31.0
ORD08535,C1035,3,Hub C,63,31.0
ORD08536,C1036,1,Hub C,70,31.0
ORD08537,C1037,2,Hub C,77,31.0
ORD08538,C1038,3,Hub C,24,31.0
ORD08539,C1039,1,Hub C,31,31.0
ORD08540,C1040,2,Hub C,38,31.0
ORD08541,C1041,3,Hub C,45,31.0
ORD08542,C1042,1,Hub C,52,31.0
ORD08543,C1043,2,Hub C,59,31.0
ORD08544,C1044,3,Hub C,66,31.0
ORD08545,C1045,1,Hub C,73,31.0
ORD08546,C1046,2,Hub C,20,31.0
ORD08547,C1047,3,Hub C,27,31.0
ORD08548,C1048,1,Hub C,34,31.0
ORD08549,C1049,2,Hub C,41,31.0
ORD08550,C1050,3,Hub C,48,31.0
ORD08551,C1051,1,Hub C,55,31.0
ORD08552,C1052,2,Hub C,62,31.0
ORD08553,C1053,3,Hub C,69,31.0
ORD08554,C1054,1,Hub C,76,31.0
ORD08555,C1055,2,Hub C,23,31.0
ORD08556,C1056,3,Hub C,30,31.0
ORD08557,C1057,1,Hub C,37,31.0
ORD08558,C1058,2,Hub C,44,31.0
ORD08559,C1059,3,Hub C,51,31.0
ORD08560,C1060,1,Hub C,58,31.0
ORD08561,C1061,2,Hub C,65,31.0
ORD08562,C1062,3,Hub C,72,31.0
ORD08563,C1063,1,Hub C,19,31.0
ORD08564,C1064,2,Hub C,26,31.0
ORD08565,C1065,3,Hub C,33,31.0
ORD08566,C1066,1,Hub C,40,31.0
ORD08567,C1067,2,Hub C,47,31.0
ORD08568,C1068,3,Hub C,54,31.0
ORD08569,C1069,1,Hub C,61,31.0
ORD08570,C1070,2,Hub C,68,31.0
ORD08571,C1071,3,Hub C,75,31.0
ORD08572,C1072,1,Hub C,22,31.0
ORD08573,C1073,2,Hub C,29,31.0
ORD08574,C1074,3,Hub C,36,31.0
ORD08575,C1075,1,Hub C,43,31.0
ORD08576,C1076,2,Hub C,50,31.0
ORD08577,C1077,3,Hub C,57,31.0
ORD08578,C1078,1,Hub C,64,31.0
ORD08579,C1079,2,Hub C,71,31.0
ORD08580,C1080,3,Hub C,18,31.0
ORD08581,C1081,1,Hub C,25,31.0
ORD08582,C1082,2,Hub C,32,31.0
ORD08583,C1083,3,Hub C,39,31.0
ORD08584,C1084,1,Hub C,46,31.0
ORD08585,C1085,2,Hub C,53,31.0
ORD08586,C1086,3,Hub C,60,31.0
ORD08587,C1087,1,Hub C,67,31.0
ORD08588,C1088,2,Hub C,74,31.0
ORD08589,C1089,3,Hub C,21,31.0
ORD08590,C1090,1,Hub C,28,31.0
ORD08591,C1091,2,Hub C,35,31.0
ORD08592,C1092,3,Hub C,42,31.0
ORD08593,C1093,1,Hub C,49,31.0
ORD08594,C1094,2,Hub C,56,31.0
ORD08595,C1095,3,Hub C,63,31.0
ORD08596,C1096,1,Hub C,70,31.0
ORD08597,C1097,2,Hub C,77,31.0
ORD08598,C1098,3,Hub C,24,31.0
ORD08599,C1099,1,Hub C,31,31.0
ORD08600,C1100,2,Hub C,38,31.0
ORD08601,C1101,3,Hub C,45,31.0
ORD08602,C1102,1,Hub C,52,31.0
ORD08603,C1103,2,Hub C,59,31.0
ORD08604,C1104,3,Hub C,66,31.0
ORD08605,C1105,1,Hub C,73,31.0
ORD08606,C1106,2,Hub C,20,31.0
ORD08607,C1107,3,Hub C,27,31.0
ORD08608,C1108,1,Hub C,34,31.0
ORD08609,C1109,2,Hub C,41,31.0
ORD08610,C1110,3,Hub C,48,31.0
ORD08611,C1111,1,Hub C,55,31.0
ORD08612,C1112,2,Hub C,62,31.0
ORD08613,C1113,3,Hub C,69,31.0
ORD08614,C1114,1,Hub C,76,31.0
ORD08615,C1115,2,Hub C,23,31.0
ORD08616,C1116,3,Hub C,30,31.0
ORD08617,C1117,1,Hub C,37,31.0
ORD08618,C1118,2,Hub C,44,31.0
ORD08619,C1119,3,Hub C,51,31.0
ORD08620,C1120,1,Hub C,58,31.0
ORD08621,C1121,2,Hub C,65,31.0
ORD08622,C1122,3,Hub C,72,31.0
ORD08623,C1123,1,Hub C,19,31.0
ORD08624,C1124,2,Hub C,26,31.0
ORD08625,C1125,3,Hub C,33,31.0
ORD08626,C1126,1,Hub C,40,31.0
ORD08627,C1127,2,Hub C,47,31.0
ORD08628,C1128,3,Hub C,54,31.0
ORD08629,C1129,1,Hub C,61,31.0
ORD08630,C1130,2,Hub C,68,31.0
ORD08631,C1131,3,Hub C,75,31.0
ORD08632,C1132,1,Hub C,22,31.0
ORD08633,C1133,2,Hub C,29,31.0
ORD08634,C1134,3,Hub C,36,31.0
ORD08635,C1135,1,Hub C,43,31.0
ORD08636,C1136,2,Hub C,50,31.0
ORD08637,C1137,3,Hub C,57,31.0
ORD08638,C1138,1,Hub C,64,31.0
ORD08639,C1139,2,Hub C,71,31.0
ORD08640,C1140,3,Hub C,18,31.0
ORD08641,C1141,1,Hub C,25,31.0
ORD08642,C1142,2,Hub C,32,31.0
ORD08643,C1143,3,Hub C,39,31.0
ORD08644,C1144,1,Hub C,46,31.0
ORD08645,C1145,2,Hub C,53,31.0
ORD08646,C1146,3,Hub C,60,31.0
ORD08647,C1147,1,Hub C,67,31.0
ORD08648,C1148,2,Hub C,74,31.0
ORD08649,C1149,3,Hub C,21,31.0
ORD08650,C1150,1,Hub C,28,31.0
ORD08651,C1151,2,Hub C,35,31.0
ORD08652,C1152,3,Hub C,42,31.0
ORD08653,C1153,1,Hub C,49,31.0
ORD08654,C1154,2,Hub C,56,31.0
ORD08655,C1155,3,Hub C,63,31.0
ORD08656,C1156,1,Hub C,70,31.0
ORD08657,C1157,2,Hub C,77,31.0
ORD08658,C1158,3,Hub C,24,31.0
ORD08659,C1159,1,Hub C,31,31.0
ORD08660,C1160,2,Hub C,38,31.0
ORD08661,C1161,3,Hub C,45,31.0
ORD08662,C1162,1,Hub C,52,31.0
ORD08663,C1163,2,Hub C,59,31.0
ORD08664,C1164,3,Hub C,66,31.0
ORD08665,C1165,1,Hub C,73,31.0
ORD08666,C1166,2,Hub C,20,31.0
ORD08667,C1167,3,Hub C,27,31.0
ORD08668,C1168,1,Hub C,34,31.0
ORD08669,C1169,2,Hub C,41,31.0
ORD08670,C1170,3,Hub C,48,31.0
ORD08671,C1171,1,Hub C,55,31.0
ORD08672,C1172,2,Hub C,62,31.0
ORD08673,C1173,3,Hub C,69,31.0
ORD08674,C1174,1,Hub C,76,31.0
ORD08675,C1175,2,Hub C,23,31.0
ORD08676,C1176,3,Hub C,30,31.0
ORD08677,C1177,1,Hub C,37,31.0
ORD08678,C1178,2,Hub C,44,31.0
ORD08679,C1179,3,Hub C,51,31.0
ORD08680,C1180,1,Hub C,58,31.0
ORD08681,C1181,2,Hub C,65,31.0
ORD08682,C1182,3,Hub C,72,31.0
ORD08683,C1183,1,Hub C,19,31.0
ORD08684,C1184,2,Hub C,26,31.0
ORD08685,C1185,3,Hub C,33,31.0
ORD08686,C1186,1,Hub C,40,31.0
ORD08687,C1187,2,Hub C,47,31.0
ORD08688,C1188,3,Hub C,54,31.0
ORD08689,C1189,1,Hub C,61,31.0
ORD08690,C1190,2,Hub C,68,31.0
ORD08691,C1191,3,Hub C,75,31.0
ORD08692,C1192,1,Hub C,22,31.0
ORD08693,C1193,2,Hub C,29,31.0
ORD08694,C1194,3,Hub C,36,31.0
ORD08695,C1195,1,Hub C,43,31.0
ORD08696,C1196,2,Hub C,50,31.0
ORD08697,C1197,3,Hub C,57,31.0
ORD08698,C1198,1,Hub C,64,31.0
ORD08699,C1199,2,Hub C,71,31.0
ORD08700,C1200,3,Hub C,18,31.0
ORD08701,C1201,1,Hub C,25,31.0
ORD08702,C1202,2,Hub C,32,31.0
ORD08703,C1203,3,Hub C,39,31.0
ORD08704,C1204,1,Hub C,46,31.0
ORD08705,C1205,2,Hub C,53,31.0
ORD08706,C1206,3,Hub C,60,31.0
ORD08707,C1207,1,Hub C,67,31.0
ORD08708,C1208,2,Hub C,74,31.0
ORD08709,C1209,3,Hub C,21,31.0
ORD08710,C1210,1,Hub C,28,31.0
ORD08711,C1211,2,Hub C,35,31.0
ORD08712,C1212,3,Hub C,42,31.0
ORD08713,C1213,1,Hub C,49,31.0
ORD08714,C1214,2,Hub C,56,31.0
ORD08715,C1215,3,Hub C,63,31.0
ORD08716,C1216,1,Hub C,70,31.0
ORD08717,C1217,2,Hub C,77,31.0
ORD08718,C1218,3,Hub C,24,31.0
ORD08719,C1219,1,Hub C,31,31.0
ORD08720,C1220,2,Hub C,38,31.0
ORD08721,C1221,3,Hub C,45,31.0
ORD08722,C1222,1,Hub C,52,31.0
ORD08723,C1223,2,Hub C,59,31.0
ORD08724,C1224,3,Hub C,66,31.0
ORD08725,C1225,1,Hub C,73,31.0
ORD08726,C1226,2,Hub C,20,31.0
ORD08727,C1227,3,Hub C,27,31.0
ORD08728,C1228,1,Hub C,34,31.0
ORD08729,C1229,2,Hub C,41,31.0
ORD08730,C1230,3,Hub C,48,31.0
ORD08731,C1231,1,Hub C,55,31.0
ORD08732,C1232,2,Hub C,62,31.0
ORD08733,C1233,3,Hub C,69,31.0
ORD08734,C1234,1,Hub C,76,31.0
ORD08735,C1235,2,Hub C,23,31.0
ORD08736,C1236,3,Hub C,30,31.0
ORD08737,C1237,1,Hub C,37,31.0
ORD08738,C1238,2,Hub C,44,31.0
ORD08739,C1239,3,Hub C,51,31.0
ORD08740,C1240,1,Hub C,58,31.0
ORD08741,C1241,2,Hub C,65,31.0
ORD08742,C1242,3,Hub C,72,31.0
ORD08743,C1243,1,Hub C,19,31.0
ORD08744,C1244,2,Hub C,26,31.0
ORD08745,C1245,3,Hub C,33,31.0
ORD08746,C1246,1,Hub C,40,31.0
ORD08747,C1247,2,Hub C,47,31.0
ORD08748,C1248,3,Hub C,54,31.0
ORD08749,C1249,1,Hub C,61,31.0
ORD08750,C1250,2,Hub C,68,31.0
ORD08751,C1251,3,Hub C,75,31.0
ORD08752,C1252,1,Hub C,22,31.0
ORD08753,C1253,2,Hub C,29,31.0
ORD08754,C1254,3,Hub C,36,31.0
ORD08755,C1255,1,Hub C,43,31.0
ORD08756,C1256,2,Hub C,50,31.0
ORD08757,C1257,3,Hub C,57,31.0
ORD08758,C1258,1,Hub C,64,31.0
ORD08759,C1259,2,Hub C,71,31.0
ORD08760,C1260,3,Hub C,18,31.0
ORD08761,C1261,1,Hub C,25,31.0
ORD08762,C1262,2,Hub C,32,31.0
ORD08763,C1263,3,Hub C,39,31.0
ORD08764,C1264,1,Hub C,46,31.0
ORD08765,C1265,2,Hub C,53,31.0
ORD08766,C1266,3,Hub C,60,31.0
ORD08767,C1267,1,Hub C,67,31.0
ORD08768,C1268,2,Hub C,74,31.0
ORD08769,C1269,3,Hub C,21,31.0
ORD08770,C1270,1,Hub C,28,31.0
ORD08771,C1271,2,Hub C,35,31.0
ORD08772,C1272,3,Hub C,42,31.0
ORD08773,C1273,1,Hub C,49,31.0
ORD08774,C1274,2,Hub C,56,31.0
ORD08775,C1275,3,Hub C,63,31.0
ORD08776,C1276,1,Hub C,70,31.0
ORD08777,C1277,2,Hub C,77,31.0
ORD08778,C1278,3,Hub C,24,31.0
ORD08779,C1279,1,Hub C,31,31.0
ORD08780,C1280,2,Hub C,38,31.0
ORD08781,C1281,3,Hub C,45,31.0
ORD08782,C1282,1,Hub C,52,31.0
ORD08783,C1283,2,Hub C,59,31.0
ORD08784,C1284,3,Hub C,66,31.0
ORD08785,C1285,1,Hub C,73,31.0
ORD08786,C1286,2,Hub C,20,31.0
ORD08787,C1287,3,Hub C,27,31.0
ORD08788,C1288,1,Hub C,34,31.0
ORD08789,C1289,2,Hub C,41,31.0
ORD08790,C1290,3,Hub C,48,31.0
ORD08791,C1291,1,Hub C,55,31.0
ORD08792,C1292,2,Hub C,62,31.0
ORD08793,C1293,3,Hub C,69,31.0
ORD08794,C1294,1,Hub C,76,31.0
ORD08795,C1295,2,Hub C,23,31.0
ORD08796,C1296,3,Hub C,30,31.0
ORD08797,C1297,1,Hub C,37,31.0
ORD08798,C1298,2,Hub C,44,31.0
ORD08799,C1299,3,Hub C,51,31.0
ORD08800,C1300,1,Hub C,58,31.0
ORD08801,C1301,2,Hub C,65,31.0
ORD08802,C1302,3,Hub C,72,31.0
ORD08803,C1303,1,Hub C,19,31.0
ORD08804,C1304,2,Hub C,26,31.0
ORD08805,C1305,3,Hub C,33,31.0
ORD08806,C1306,1,Hub C,40,31.0
ORD08807,C1307,2,Hub C,47,31.0
ORD08808,C1308,3,Hub C,54,31.0
ORD08809,C1309,1,Hub C,61,31.0
ORD08810,C1310,2,Hub C,68,31.0
ORD08811,C1311,3,Hub C,75,31.0
ORD08812,C1312,1,Hub C,22,31.0
ORD08813,C1313,2,Hub C,29,31.0
ORD08814,C1314,3,Hub C,36,31.0
ORD08815,C1315,1,Hub C,43,31.0
ORD08816,C1316,2,Hub C,50,31.0
ORD08817,C1317,3,Hub C,57,31.0
ORD08818,C1318,1,Hub C,64,31.0
ORD08819,C1319,2,Hub C,71,31.0
ORD08820,C1320,3,Hub C,18,31.0
ORD08821,C1321,1,Hub C,25,31.0
ORD08822,C1322,2,Hub C,32,31.0
ORD08823,C1323,3,Hub C,39,31.0
ORD08824,C1324,1,Hub C,46,31.0
ORD08825,C1325,2,Hub C,53,31.0
ORD08826,C1326,3,Hub C,60,31.0
ORD08827,C1327,1,Hub C,67,31.0
ORD08828,C1328,2,Hub C,74,31.0
ORD08829,C1329,3,Hub C,21,31.0
ORD08830,C1330,1,Hub C,28,31.0
ORD08831,C1331,2,Hub C,35,31.0
ORD08832,C1332,3,Hub C,42,31.0
ORD08833,C1333,1,Hub C,49,31.0
ORD08834,C1334,2,Hub C,56,31.0
ORD08835,C1335,3,Hub C,63,31.0
ORD08836,C1336,1,Hub C,70,31.0
ORD08837,C1337,2,Hub C,77,31.0
ORD08838,C1338,3,Hub C,24,31.0
ORD08839,C1339,1,Hub C,31,31.0
ORD08840,C1340,2,Hub C,38,31.0
ORD08841,C1341,3,Hub C,45,31.0
ORD08842,C1342,1,Hub C,52,31.0
ORD08843,C1343,2,Hub C,59,31.0
ORD08844,C1344,3,Hub C,66,31.0
ORD08845,C1345,1,Hub C,73,31.0
ORD08846,C1346,2,Hub C,20,31.0
ORD08847,C1347,3,Hub C,27,31.0
ORD08848,C1348,1,Hub C,34,31.0
ORD08849,C1349,2,Hub C,41,31.0
ORD08850,C1350,3,Hub C,48,31.0
ORD08851,C1351,1,Hub C,55,31.0
ORD08852,C1352,2,Hub C,62,31.0
ORD08853,C1353,3,Hub C,69,31.0
ORD08854,C1354,1,Hub C,76,31.0
ORD08855,C1355,2,Hub C,23,31.0
ORD08856,C1356,3,Hub C,30,31.0
ORD08857,C1357,1,Hub C,37,31.0
ORD08858,C1358,2,Hub C,44,31.0
ORD08859,C1359,3,Hub C,51,31.0
ORD08860,C1360,1,Hub C,58,31.0
ORD08861,C1361,2,Hub C,65,31.0
ORD08862,C1362,3,Hub C,72,31.0
ORD08863,C1363,1,Hub C,19,31.0
ORD08864,C1364,2,Hub C,26,31.0
ORD08865,C1365,3,Hub C,33,31.0
ORD08866,C1366,1,Hub C,40,31.0
ORD08867,C1367,2,Hub C,47,31.0
ORD08868,C1368,3,Hub C,54,31.0
ORD08869,C1369,1,Hub C,61,31.0
ORD08870,C1370,2,Hub C,68,31.0
ORD08871,C1371,3,Hub C,75,31.0
ORD08872,C1372,1,Hub C,22,31.0
ORD08873,C1373,2,Hub C,29,31.0
ORD08874,C1374,3,Hub C,36,31.0
ORD08875,C1375,1,Hub C,43,31.0
ORD08876,C1376,2,Hub C,50,31.0
ORD08877,C1377,3,Hub C,57,31.0
ORD08878,C1378,1,Hub C,64,31.0
ORD08879,C1379,2,Hub C,71,31.0
ORD08880,C1380,3,Hub C,18,31.0
ORD08881,C1381,1,Hub C,25,31.0
ORD08882,C1382,2,Hub C,32,31.0
ORD08883,C1383,3,Hub C,39,31.0
ORD08884,C1384,1,Hub C,46,31.0
ORD08885,C1385,2,Hub C,53,31.0
ORD08886,C1386,3,Hub C,60,31.0
ORD08887,C1387,1,Hub C,67,31.0
ORD08888,C1388,2,Hub C,74,31.0
ORD08889,C1389,3,Hub C,21,31.0
ORD08890,C1390,1,Hub C,28,31.0
ORD08891,C1391,2,Hub C,35,31.0
ORD08892,C1392,3,Hub C,42,31.0
ORD08893,C1393,1,Hub C,49,31.0
ORD08894,C1394,2,Hub C,56,31.0
ORD08895,C1395,3,Hub C,63,31.0
ORD08896,C1396,1,Hub C,70,31.0
ORD08897,C1397,2,Hub C,77,31.0
ORD08898,C1398,3,Hub C,24,31.0
ORD08899,C1399,1,Hub C,31,31.0
ORD08900,C1400,2,Hub C,38,31.0
ORD08901,C1401,3,Hub C,45,31.0
ORD08902,C1402,1,Hub C,52,31.0
ORD08903,C1403,2,Hub C,59,31.0
ORD08904,C1404,3,Hub C,66,31.0
ORD08905,C1405,1,Hub C,73,31.0
ORD08906,C1406,2,Hub C,20,31.0
ORD08907,C1407,3,Hub C,27,31.0
ORD08908,C1408,1,Hub C,34,31.0
ORD08909,C1409,2,Hub C,41,31.0
ORD08910,C1410,3,Hub C,48,31.0
ORD08911,C1411,1,Hub C,55,31.0
ORD08912,C1412,2,Hub C,62,31.0
ORD08913,C1413,3,Hub C,69,31.0
ORD08914,C1414,1,Hub C,76,31.0
ORD08915,C1415,2,Hub C,23,31.0
ORD08916,C1416,3,Hub C,30,31.0
ORD08917,C1417,1,Hub C,37,31.0
ORD08918,C1418,2,Hub C,44,31.0
ORD08919,C1419,3,Hub C,51,31.0
ORD08920,C1420,1,Hub C,58,31.0
ORD08921,C1421,2,Hub C,65,31.0
ORD08922,C1422,3,Hub C,72,31.0
ORD08923,C1423,1,Hub C,19,31.0
ORD08924,C1424,2,Hub C,26,31.0
ORD08925,C1425,3,Hub C,33,31.0
ORD08926,C1426,1,Hub C,40,31.0
ORD08927,C1427,2,Hub C,47,31.0
ORD08928,C1428,3,Hub C,54,31.0
ORD08929,C1429,1,Hub C,61,31.0
ORD08930,C1430,2,Hub C,68,31.0
ORD08931,C1431,3,Hub C,75,31.0
ORD08932,C1432,1,Hub C,22,31.0
ORD08933,C1433,2,Hub C,29,31.0
ORD08934,C1434,3,Hub C,36,31.0
ORD08935,C1435,1,Hub C,43,31.0
ORD08936,C1436,2,Hub C,50,31.0
ORD08937,C1437,3,Hub C,57,31.0
ORD08938,C1438,1,Hub C,64,31.0
ORD08939,C1439,2,Hub C,71,31.0
ORD08940,C1440,3,Hub C,18,31.0
ORD08941,C1441,1,Hub C,25,31.0
ORD08942,C1442,2,Hub C,32,31.0
ORD08943,C1443,3,Hub C,39,31.0
ORD08944,C1444,1,Hub C,46,31.0
ORD08945,C1445,2,Hub C,53,31.0
ORD08946,C1446,3,Hub C,60,31.0
ORD08947,C1447,1,Hub C,67,31.0
ORD08948,C1448,2,Hub C,74,31.0
ORD08949,C1449,3,Hub C,21,31.0
ORD08950,C1450,1,Hub C,28,31.0
ORD08951,C1451,2,Hub C,35,31.0
ORD08952,C1452,3,Hub C,42,31.0
ORD08953,C1453,1,Hub C,49,31.0
ORD08954,C1454,2,Hub C,56,31.0
ORD08955,C1455,3,Hub C,63,31.0
ORD08956,C1456,1,Hub C,70,31.0
ORD08957,C1457,2,Hub C,77,31.0
ORD08958,C1458,3,Hub C,24,31.0
ORD08959,C1459,1,Hub C,31,31.0
ORD08960,C1460,2,Hub C,38,31.0
ORD08961,C1461,3,Hub C,45,31.0
ORD08962,C1462,1,Hub C,52,31.0
ORD08963,C1463,2,Hub C,59,31.0
ORD08964,C1464,3,Hub C,66,31.0
ORD08965,C1465,1,Hub C,73,31.0
ORD08966,C1466,2,Hub C,20,31.0
ORD08967,C1467,3,Hub C,27,31.0
ORD08968,C1468,1,Hub C,34,31.0
ORD08969,C1469,2,Hub C,41,31.0
ORD08970,C1470,3,Hub C,48,31.0
ORD08971,C1471,1,Hub C,55,31.0
ORD08972,C1472,2,Hub C,62,31.0
ORD08973,C1473,3,Hub C,69,31.0
ORD08974,C1474,1,Hub C,76,31.0
ORD08975,C1475,2,Hub C,23,31.0
ORD08976,C1476,3,Hub C,30,31.0
ORD08977,C1477,1,Hub C,37,31.0
ORD08978,C1478,2,Hub C,44,31.0
ORD08979,C1479,3,Hub C,51,31.0
ORD08980,C1480,1,Hub C,58,31.0
ORD08981,C1481,2,Hub C,65,31.0
ORD08982,C1482,3,Hub C,72,31.0
ORD08983,C1483,1,Hub C,19,31.0
ORD08984,C1484,2,Hub C,26,31.0
ORD08985,C1485,3,Hub C,33,31.0
ORD08986,C1486,1,Hub C,40,31.0
ORD08987,C1487,2,Hub C,47,31.0
ORD08988,C1488,3,Hub C,54,31.0
ORD08989,C1489,1,Hub C,61,31.0
ORD08990,C1490,2,Hub C,68,31.0
ORD08991,C1491,3,Hub C,75,31.0
ORD08992,C1492,1,Hub C,22,31.0
ORD08993,C1493,2,Hub C,29,31.0
ORD08994,C1494,3,Hub C,36,31.0
ORD08995,C1495,1,Hub C,43,31.0
ORD08996,C1496,2,Hub C,50,31.0
ORD08997,C1497,3,Hub C,57,31.0
ORD08998,C1498,1,Hub C,64,31.0
ORD08999,C1499,2,Hub C,71,31.0
ORD09000,C1500,3,Hub C,18,31.0
ORD09001,C1501,1,Hub C,25,31.0
ORD09002,C1502,2,Hub C,32,31.0
ORD09003,C1503,3,Hub C,39,31.0
ORD09004,C1504,1,Hub C,46,31.0
ORD09005,C1505,2,Hub C,53,31.0
ORD09006,C1506,3,Hub C,60,31.0
ORD09007,C1507,1,Hub C,67,31.0
ORD09008,C1508,2,Hub C,74,31.0
ORD09009,C1509,3,Hub C,21,31.0
ORD09010,C1510,1,Hub C,28,31.0
ORD09011,C1511,2,Hub C,35,31.0
ORD09012,C1512,3,Hub C,42,31.0
ORD09013,C1513,1,Hub C,49,31.0
ORD09014,C1514,2,Hub C,56,31.0
ORD09015,C1515,3,Hub C,63,31.0
ORD09016,C1516,1,Hub C,70,31.0
ORD09017,C1517,2,Hub C,77,31.0
ORD09018,C1518,3,Hub C,24,31.0
ORD09019,C1519,1,Hub C,31,31.0
ORD09020,C1520,2,Hub C,38,31.0
ORD09021,C1521,3,Hub C,45,31.0
ORD09022,C1522,1,Hub C,52,31.0
ORD09023,C1523,2,Hub C,59,31.0
ORD09024,C1524,3,Hub C,66,31.0
ORD09025,C1525,1,Hub C,73,31.0
ORD09026,C1526,2,Hub C,20,31.0
ORD09027,C1527,3,Hub C,27,31.0
ORD09028,C1528,1,Hub C,34,31.0
ORD09029,C1529,2,Hub C,41,31.0
ORD09030,C1530,3,Hub C,48,31.0
ORD09031,C1531,1,Hub C,55,31.0
ORD09032,C1532,2,Hub C,62,31.0
ORD09033,C1533,3,Hub C,69,31.0
ORD09034,C1534,1,Hub C,76,31.0
ORD09035,C1535,2,Hub C,23,31.0
ORD09036,C1536,3,Hub C,30,31.0
ORD09037,C1537,1,Hub C,37,31.0
ORD09038,C1538,2,Hub C,44,31.0
ORD09039,C1539,3,Hub C,51,31.0
ORD09040,C1540,1,Hub C,58,31.0
ORD09041,C1541,2,Hub C,65,31.0
ORD09042,C1542,3,Hub C,72,31.0
ORD09043,C1543,1,Hub C,19,31.0
ORD09044,C1544,2,Hub C,26,31.0
ORD09045,C1545,3,Hub C,33,31.0
ORD09046,C1546,1,Hub C,40,31.0
ORD09047,C1547,2,Hub C,47,31.0
ORD09048,C1548,3,Hub C,54,31.0
ORD09049,C1549,1,Hub C,61,31.0
ORD09050,C1550,2,Hub C,68,31.0
ORD09051,C1551,3,Hub C,75,31.0
ORD09052,C1552,1,Hub C,22,31.0
ORD09053,C1553,2,Hub C,29,31.0
ORD09054,C1554,3,Hub C,36,31.0
ORD09055,C1555,1,Hub C,43,31.0
ORD09056,C1556,2,Hub C,50,31.0
ORD09057,C1557,3,Hub C,57,31.0
ORD09058,C1558,1,Hub C,64,31.0
ORD09059,C1559,2,Hub C,71,31.0
ORD09060,C1560,3,Hub C,18,31.0
ORD09061,C1561,1,Hub C,25,31.0
ORD09062,C1562,2,Hub C,32,31.0
ORD09063,C1563,3,Hub C,39,31.0
ORD09064,C1564,1,Hub C,46,31.0
ORD09065,C1565,2,Hub C,53,31.0
ORD09066,C1566,3,Hub C,60,31.0
ORD09067,C1567,1,Hub C,67,31.0
ORD09068,C1568,2,Hub C,74,31.0
ORD09069,C1569,3,Hub C,21,31.0
ORD09070,C1570,1,Hub C,28,31.0
ORD09071,C1571,2,Hub C,35,31.0
ORD09072,C1572,3,Hub C,42,31.0
ORD09073,C1573,1,Hub C,49,31.0
ORD09074,C1574,2,Hub C,56,31.0
ORD09075,C1575,3,Hub C,63,31.0
ORD09076,C1576,1,Hub C,70,31.0
ORD09077,C1577,2,Hub C,77,31.0
ORD09078,C1578,3,Hub C,24,31.0
ORD09079,C1579,1,Hub C,31,31.0
ORD09080,C1580,2,Hub C,38,31.0
ORD09081,C1581,3,Hub C,45,31.0
ORD09082,C1582,1,Hub C,52,31.0
ORD09083,C1583,2,Hub C,59,31.0
ORD09084,C1584,3,Hub C,66,31.0
ORD09085,C1585,1,Hub C,73,31.0
ORD09086,C1586,2,Hub C,20,31.0
ORD09087,C1587,3,Hub C,27,31.0
ORD09088,C1588,1,Hub C,34,31.0
ORD09089,C1589,2,Hub C,41,31.0
ORD09090,C1590,3,Hub C,48,31.0
ORD09091,C1591,1,Hub C,55,31.0
ORD09092,C1592,2,Hub C,62,31.0
ORD09093,C1593,3,Hub C,69,31.0
ORD09094,C1594,1,Hub C,76,31.0
ORD09095,C1595,2,Hub C,23,31.0
ORD09096,C1596,3,Hub C,30,31.0
ORD09097,C1597,1,Hub C,37,31.0
ORD09098,C1598,2,Hub C,44,31.0
ORD09099,C1599,3,Hub C,51,31.0
ORD09100,C1600,1,Hub C,58,31.0
ORD09101,C1601,2,Hub C,65,31.0
ORD09102,C1602,3,Hub C,72,31.0
ORD09103,C1603,1,Hub C,19,31.0
ORD09104,C1604,2,Hub C,26,31.0
ORD09105,C1605,3,Hub C,33,31.0
ORD09106,C1606,1,Hub C,40,31.0
ORD09107,C1607,2,Hub C,47,31.0
ORD09108,C1608,3,Hub C,54,31.0
ORD09109,C1609,1,Hub C,61,31.0
ORD09110,C1610,2,Hub C,68,31.0
ORD09111,C1611,3,Hub C,75,31.0
ORD09112,C1612,1,Hub C,22,31.0
ORD09113,C1613,2,Hub C,29,31.0
ORD09114,C1614,3,Hub C,36,31.0
ORD09115,C1615,1,Hub C,43,31.0
ORD09116,C1616,2,Hub C,50,31.0
ORD09117,C1617,3,Hub C,57,31.0
ORD09118,C1618,1,Hub C,64,31.0
ORD09119,C1619,2,Hub C,71,31.0
ORD09120,C1620,3,Hub C,18,31.0
ORD09121,C1621,1,Hub C,25,31.0
ORD09122,C1622,2,Hub C,32,31.0
ORD09123,C1623,3,Hub C,39,31.0
ORD09124,C1624,1,Hub C,46,31.0
ORD09125,C1625,2,Hub C,53,31.0
ORD09126,C1626,3,Hub C,60,31.0
ORD09127,C1627,1,Hub C,67,31.0
ORD09128,C1628,2,Hub C,74,31.0
ORD09129,C1629,3,Hub C,21,31.0
ORD09130,C1630,1,Hub C,28,50.0
ORD09131,C1631,2,Hub C,35,50.0
ORD09132,C1632,3,Hub C,42,50.0
ORD09133,C1633,1,Hub C,49,50.0
ORD09134,C1634,2,Hub C,56,50.0
ORD09135,C1635,3,Hub C,63,50.0
ORD09136,C1636,1,Hub C,70,50.0
ORD09137,C1637,2,Hub C,77,50.0
ORD09138,C1638,3,Hub C,24,50.0
ORD09139,C1639,1,Hub C,31,50.0
ORD09140,C1640,2,Hub C,38,50.0
ORD09141,C1641,3,Hub C,45,50.0
ORD09142,C1642,1,Hub C,52,50.0
ORD09143,C1643,2,Hub C,59,50.0
ORD09144,C1644,3,Hub C,66,50.0
ORD09145,C1645,1,Hub C,73,50.0
ORD09146,C1646,2,Hub C,20,50.0
ORD09147,C1647,3,Hub C,27,50.0
ORD09148,C1648,1,Hub C,34,50.0
ORD09149,C1649,2,Hub C,41,50.0
ORD09150,C1650,3,Hub C,48,50.0
ORD09151,C1651,1,Hub C,55,50.0
ORD09152,C1652,2,Hub C,62,50.0
ORD09153,C1653,3,Hub C,69,50.0
ORD09154,C1654,1,Hub C,76,50.0
ORD09155,C1655,2,Hub C,23,50.0
ORD09156,C1656,3,Hub C,30,50.0
ORD09157,C1657,1,Hub C,37,50.0
ORD09158,C1658,2,Hub C,44,50.0
ORD09159,C1659,3,Hub C,51,50.0
ORD09160,C1660,1,Hub C,58,50.0
ORD09161,C1661,2,Hub C,65,50.0
ORD09162,C1662,3,Hub C,72,50.0
ORD09163,C1663,1,Hub C,19,50.0
ORD09164,C1664,2,Hub C,26,50.0
ORD09165,C1665,3,Hub C,33,50.0
ORD09166,C1666,1,Hub C,40,50.0
ORD09167,C1667,2,Hub C,47,50.0
ORD09168,C1668,3,Hub C,54,50.0
ORD09169,C1669,1,Hub C,61,50.0
ORD09170,C1670,2,Hub C,68,50.0
ORD09171,C1671,3,Hub C,75,50.0
ORD09172,C1672,1,Hub C,22,50.0
ORD09173,C1673,2,Hub C,29,50.0
ORD09174,C1674,3,Hub C,36,50.0
ORD09175,C1675,1,Hub C,43,50.0
ORD09176,C1676,2,Hub C,50,50.0
ORD09177,C1677,3,Hub C,57,50.0
ORD09178,C1678,1,Hub C,64,50.0
ORD09179,C1679,2,Hub C,71,50.0
ORD09180,C1680,3,Hub C,18,50.0
ORD09181,C1681,1,Hub C,25,50.0
ORD09182,C1682,2,Hub C,32,50.0
ORD09183,C1683,3,Hub C,39,50.0
ORD09184,C1684,1,Hub C,46,50.0
ORD09185,C1685,2,Hub C,53,50.0
ORD09186,C1686,3,Hub C,60,50.0
ORD09187,C1687,1,Hub C,67,50.0
ORD09188,C1688,2,Hub C,74,50.0
ORD09189,C1689,3,Hub C,21,50.0
ORD09190,C1690,1,Hub C,28,50.0
ORD09191,C1691,2,Hub C,35,50.0
ORD09192,C1692,3,Hub C,42,50.0
ORD09193,C1693,1,Hub C,49,50.0
ORD09194,C1694,2,Hub C,56,50.0
ORD09195,C1695,3,Hub C,63,50.0
ORD09196,C1696,1,Hub C,70,50.0
ORD09197,C1697,2,Hub C,77,50.0
ORD09198,C1698,3,Hub C,24,50.0
ORD09199,C1699,1,Hub C,31,50.0
ORD09200,C1700,2,Hub C,38,50.0
ORD09201,C1701,3,Hub C,45,50.0
ORD09202,C1702,1,Hub C,52,50.0
ORD09203,C1703,2,Hub C,59,50.0
ORD09204,C1704,3,Hub C,66,50.0
ORD09205,C1705,1,Hub C,73,50.0
ORD09206,C1706,2,Hub C,20,50.0
ORD09207,C1707,3,Hub C,27,50.0
ORD09208,C1708,1,Hub C,34,50.0
ORD09209,C1709,2,Hub C,41,50.0
ORD09210,C1710,3,Hub C,48,50.0
ORD09211,C1711,1,Hub C,55,50.0
ORD09212,C1712,2,Hub C,62,50.0
ORD09213,C1713,3,Hub C,69,50.0
ORD09214,C1714,1,Hub C,76,50.0
ORD09215,C1715,2,Hub C,23,50.0
ORD09216,C1716,3,Hub C,30,50.0
ORD09217,C1717,1,Hub C,37,50.0
ORD09218,C1718,2,Hub C,44,50.0
ORD09219,C1719,3,Hub C,51,50.0
ORD09220,C1720,1,Hub C,58,50.0
ORD09221,C1721,2,Hub C,65,50.0
ORD09222,C1722,3,Hub C,72,50.0
ORD09223,C1723,1,Hub C,19,50.0
ORD09224,C1724,2,Hub C,26,50.0
ORD09225,C1725,3,Hub C,33,50.0
ORD09226,C1726,1,Hub C,40,50.0
ORD09227,C1727,2,Hub C,47,50.0
ORD09228,C1728,3,Hub C,54,50.0
ORD09229,C1729,1,Hub C,61,50.0
ORD09230,C1730,2,Hub C,68,50.0
ORD09231,C1731,3,Hub C,75,50.0
ORD09232,C1732,1,Hub C,22,50.0
ORD09233,C1733,2,Hub C,29,50.0
ORD09234,C1734,3,Hub C,36,50.0
ORD09235,C1735,1,Hub C,43,50.0
ORD09236,C1736,2,Hub C,50,50.0
ORD09237,C1737,3,Hub C,57,50.0
ORD09238,C1738,1,Hub C,64,50.0
ORD09239,C1739,2,Hub C,71,50.0
ORD09240,C1740,3,Hub C,18,50.0
ORD09241,C1741,1,Hub C,25,50.0
ORD09242,C1742,2,Hub C,32,50.0
ORD09243,C1743,3,Hub C,39,50.0
ORD09244,C1744,1,Hub C,46,50.0
ORD09245,C1745,2,Hub C,53,50.0
ORD09246,C1746,3,Hub C,60,50.0
ORD09247,C1747,1,Hub C,67,50.0
ORD09248,C1748,2,Hub C,74,50.0
ORD09249,C1749,3,Hub C,21,50.0
ORD09250,C1750,1,Hub C,28,50.0
ORD09251,C1751,2,Hub C,35,50.0
ORD09252,C1752,3,Hub C,42,50.0
ORD09253,C1753,1,Hub C,49,50.0
ORD09254,C1754,2,Hub C,56,50.0
ORD09255,C1755,3,Hub C,63,50.0
ORD09256,C1756,1,Hub C,70,50.0
ORD09257,C1757,2,Hub C,77,50.0
ORD09258,C1758,3,Hub C,24,50.0
ORD09259,C1759,1,Hub C,31,50.0
ORD09260,C1760,2,Hub C,38,50.0
ORD09261,C1761,3,Hub C,45,50.0
ORD09262,C1762,1,Hub C,52,50.0
ORD09263,C1763,2,Hub C,59,50.0
ORD09264,C1764,3,Hub C,66,50.0
ORD09265,C1765,1,Hub C,73,50.0
ORD09266,C1766,2,Hub C,20,50.0
ORD09267,C1767,3,Hub C,27,50.0
ORD09268,C1768,1,Hub C,34,50.0
ORD09269,C1769,2,Hub C,41,50.0
ORD09270,C1770,3,Hub C,48,50.0
ORD09271,C1771,1,Hub C,55,50.0
ORD09272,C1772,2,Hub C,62,50.0
ORD09273,C1773,3,Hub C,69,50.0
ORD09274,C1774,1,Hub C,76,50.0
ORD09275,C1775,2,Hub C,23,50.0
ORD09276,C1776,3,Hub C,30,50.0
ORD09277,C1777,1,Hub C,37,50.0
ORD09278,C1778,2,Hub C,44,50.0
ORD09279,C1779,3,Hub C,51,50.0
ORD09280,C1780,1,Hub C,58,50.0
ORD09281,C1781,2,Hub C,65,50.0
ORD09282,C1782,3,Hub C,72,50.0
ORD09283,C1783,1,Hub C,19,50.0
ORD09284,C1784,2,Hub C,26,50.0
ORD09285,C1785,3,Hub C,33,50.0
ORD09286,C1786,1,Hub C,40,50.0
ORD09287,C1787,2,Hub C,47,50.0
ORD09288,C1788,3,Hub C,54,50.0
ORD09289,C1789,1,Hub C,61,50.0
ORD09290,C1790,2,Hub C,68,50.0
ORD09291,C1791,3,Hub C,75,50.0
ORD09292,C1792,1,Hub C,22,50.0
ORD09293,C1793,2,Hub C,29,50.0
ORD09294,C1794,3,Hub C,36,50.0
ORD09295,C1795,1,Hub C,43,50.0
ORD09296,C1796,2,Hub C,50,50.0
ORD09297,C1797,3,Hub C,57,50.0
ORD09298,C1798,1,Hub C,64,50.0
ORD09299,C1799,2,Hub C,71,50.0
ORD09300,C1800,3,Hub C,18,50.0
ORD09301,C1801,1,Hub C,25,50.0
ORD09302,C1802,2,Hub C,32,50.0
ORD09303,C1803,3,Hub C,39,50.0
ORD09304,C1804,1,Hub C,46,50.0
ORD09305,C1805,2,Hub C,53,50.0
ORD09306,C1806,3,Hub C,60,50.0
ORD09307,C1807,1,Hub C,67,50.0
ORD09308,C1808,2,Hub C,74,50.0
ORD09309,C1809,3,Hub C,21,50.0
ORD09310,C1810,1,Hub C,28,50.0
ORD09311,C1811,2,Hub C,35,50.0
ORD09312,C1812,3,Hub C,42,50.0
ORD09313,C1813,1,Hub C,49,50.0
ORD09314,C1814,2,Hub C,56,50.0
ORD09315,C1815,3,Hub C,63,50.0
ORD09316,C1816,1,Hub C,70,50.0
ORD09317,C1817,2,Hub C,77,50.0
ORD09318,C1818,3,Hub C,24,50.0
ORD09319,C1819,1,Hub C,31,50.0
ORD09320,C1820,2,Hub C,38,50.0
ORD09321,C1821,3,Hub C,45,50.0
ORD09322,C1822,1,Hub C,52,50.0
ORD09323,C1823,2,Hub C,59,50.0
ORD09324,C1824,3,Hub C,66,50.0
ORD09325,C1825,1,Hub C,73,50.0
ORD09326,C1826,2,Hub C,20,50.0
ORD09327,C1827,3,Hub C,27,50.0
ORD09328,C1828,1,Hub C,34,50.0
ORD09329,C1829,2,Hub C,41,50.0
ORD09330,C1830,3,Hub C,48,50.0
ORD09331,C1831,1,Hub C,55,50.0
ORD09332,C1832,2,Hub C,62,50.0
ORD09333,C1833,3,Hub C,69,50.0
ORD09334,C1834,1,Hub C,76,50.0
ORD09335,C1835,2,Hub C,23,50.0
ORD09336,C1836,3,Hub C,30,50.0
ORD09337,C1837,1,Hub C,37,50.0
ORD09338,C1838,2,Hub C,44,50.0
ORD09339,C1839,3,Hub C,51,50.0
ORD09340,C1840,1,Hub C,58,50.0
ORD09341,C1841,2,Hub C,65,50.0
ORD09342,C1842,3,Hub C,72,50.0
ORD09343,C1843,1,Hub C,19,50.0
ORD09344,C1844,2,Hub C,26,50.0
ORD09345,C1845,3,Hub C,33,50.0
ORD09346,C1846,1,Hub C,40,50.0
ORD09347,C1847,2,Hub C,47,50.0
ORD09348,C1848,3,Hub C,54,50.0
ORD09349,C1849,1,Hub C,61,50.0
ORD09350,C1850,2,Hub C,68,50.0
ORD09351,C1851,3,Hub C,75,50.0
ORD09352,C1852,1,Hub C,22,50.0
ORD09353,C1853,2,Hub C,29,50.0
ORD09354,C1854,3,Hub C,36,50.0
ORD09355,C1855,1,Hub C,43,50.0
ORD09356,C1856,2,Hub C,50,50.0
ORD09357,C1857,3,Hub C,57,50.0
ORD09358,C1858,1,Hub C,64,50.0
ORD09359,C1859,2,Hub C,71,50.0
ORD09360,C1860,3,Hub C,18,50.0
ORD09361,C1861,1,Hub C,25,50.0
ORD09362,C1862,2,Hub C,32,50.0
ORD09363,C1863,3,Hub C,39,50.0
ORD09364,C1864,1,Hub C,46,50.0
ORD09365,C1865,2,Hub C,53,50.0
ORD09366,C1866,3,Hub C,60,50.0
ORD09367,C1867,1,Hub C,67,50.0
ORD09368,C1868,2,Hub C,74,50.0
ORD09369,C1869,3,Hub C,21,50.0
ORD09370,C1870,1,Hub C,28,50.0
ORD09371,C1871,2,Hub C,35,50.0
ORD09372,C1872,3,Hub C,42,50.0
ORD09373,C1873,1,Hub C,49,50.0
ORD09374,C1874,2,Hub C,56,50.0
ORD09375,C1875,3,Hub C,63,50.0
ORD09376,C1876,1,Hub C,70,50.0
ORD09377,C1877,2,Hub C,77,50.0
ORD09378,C1878,3,Hub C,24,50.0
ORD09379,C1879,1,Hub C,31,50.0
ORD09380,C1880,2,Hub C,38,50.0
ORD09381,C1881,3,Hub C,45,50.0
ORD09382,C1882,1,Hub C,52,50.0
ORD09383,C1883,2,Hub C,59,50.0
ORD09384,C1884,3,Hub C,66,50.0
ORD09385,C1885,1,Hub C,73,50.0
ORD09386,C1886,2,Hub C,20,50.0
ORD09387,C1887,3,Hub C,27,50.0
ORD09388,C1888,1,Hub C,34,50.0
ORD09389,C1889,2,Hub C,41,50.0
ORD09390,C1890,3,Hub C,48,50.0
ORD09391,C1891,1,Hub C,55,50.0
ORD09392,C1892,2,Hub C,62,50.0
ORD09393,C1893,3,Hub C,69,50.0
ORD09394,C1894,1,Hub C,76,50.0
ORD09395,C1895,2,Hub C,23,50.0
ORD09396,C1896,3,Hub C,30,50.0
ORD09397,C1897,1,Hub C,37,50.0
ORD09398,C1898,2,Hub C,44,50.0
ORD09399,C1899,3,Hub C,51,50.0
ORD09400,C1900,1,Hub C,58,50.0
ORD09401,C1901,2,Hub C,65,50.0
ORD09402,C1902,3,Hub C,72,50.0
ORD09403,C1903,1,Hub C,19,50.0
ORD09404,C1904,2,Hub C,26,50.0
ORD09405,C1905,3,Hub C,33,50.0
ORD09406,C1906,1,Hub C,40,50.0
ORD09407,C1907,2,Hub C,47,50.0
ORD09408,C1908,3,Hub C,54,50.0
ORD09409,C1909,1,Hub C,61,50.0
ORD09410,C1910,2,Hub C,68,50.0
ORD09411,C1911,3,Hub C,75,50.0
ORD09412,C1912,1,Hub C,22,50.0
ORD09413,C1913,2,Hub C,29,50.0
ORD09414,C1914,3,Hub C,36,50.0
ORD09415,C1915,1,Hub C,43,50.0
ORD09416,C1916,2,Hub C,50,50.0
ORD09417,C1917,3,Hub C,57,50.0
ORD09418,C1918,1,Hub C,64,50.0
ORD09419,C1919,2,Hub C,71,50.0
ORD09420,C1920,3,Hub C,18,50.0
ORD09421,C1921,1,Hub C,25,50.0
ORD09422,C1922,2,Hub C,32,50.0
ORD09423,C1923,3,Hub C,39,50.0
ORD09424,C1924,1,Hub C,46,50.0
ORD09425,C1925,2,Hub C,53,50.0
ORD09426,C1926,3,Hub C,60,50.0
ORD09427,C1927,1,Hub C,67,50.0
ORD09428,C1928,2,Hub C,74,50.0
ORD09429,C1929,3,Hub C,21,50.0
ORD09430,C1930,1,Hub C,28,50.0
ORD09431,C1931,2,Hub C,35,50.0
ORD09432,C1932,3,Hub C,42,50.0
ORD09433,C1933,1,Hub C,49,50.0
ORD09434,C1934,2,Hub C,56,50.0
ORD09435,C1935,3,Hub C,63,50.0
ORD09436,C1936,1,Hub C,70,50.0
ORD09437,C1937,2,Hub C,77,50.0
ORD09438,C1938,3,Hub C,24,50.0
ORD09439,C1939,1,Hub C,31,50.0
ORD09440,C1940,2,Hub C,38,50.0
ORD09441,C1941,3,Hub C,45,50.0
ORD09442,C1942,1,Hub C,52,50.0
ORD09443,C1943,2,Hub C,59,50.0
ORD09444,C1944,3,Hub C,66,50.0
ORD09445,C1945,1,Hub C,73,50.0
ORD09446,C1946,2,Hub C,20,50.0
ORD09447,C1947,3,Hub C,27,50.0
ORD09448,C1948,1,Hub C,34,50.0
ORD09449,C1949,2,Hub C,41,50.0
ORD09450,C1950,3,Hub C,48,50.0
ORD09451,C1951,1,Hub C,55,50.0
ORD09452,C1952,2,Hub C,62,50.0
ORD09453,C1953,3,Hub C,69,50.0
ORD09454,C1954,1,Hub C,76,50.0
ORD09455,C1955,2,Hub C,23,50.0
ORD09456,C1956,3,Hub C,30,50.0
ORD09457,C1957,1,Hub C,37,50.0
ORD09458,C1958,2,Hub C,44,50.0
ORD09459,C1959,3,Hub C,51,50.0
ORD09460,C1960,1,Hub C,58,50.0
ORD09461,C1961,2,Hub C,65,50.0
ORD09462,C1962,3,Hub C,72,50.0
ORD09463,C1963,1,Hub C,19,50.0
ORD09464,C1964,2,Hub C,26,50.0
ORD09465,C1965,3,Hub C,33,50.0
ORD09466,C1966,1,Hub C,40,50.0
ORD09467,C1967,2,Hub C,47,50.0
ORD09468,C1968,3,Hub C,54,50.0
ORD09469,C1969,1,Hub C,61,50.0
ORD09470,C1970,2,Hub C,68,50.0
ORD09471,C1971,3,Hub C,75,50.0
ORD09472,C1972,1,Hub C,22,50.0
ORD09473,C1973,2,Hub C,29,50.0
ORD09474,C1974,3,Hub C,36,50.0
ORD09475,C1975,1,Hub C,43,50.0
ORD09476,C1976,2,Hub C,50,50.0
ORD09477,C1977,3,Hub C,57,50.0
ORD09478,C1978,1,Hub C,64,50.0
ORD09479,C1979,2,Hub C,71,50.0
ORD09480,C1980,3,Hub C,18,50.0
ORD09481,C1981,1,Hub C,25,50.0
ORD09482,C1982,2,Hub C,32,50.0
ORD09483,C1983,3,Hub C,39,50.0
ORD09484,C1984,1,Hub C,46,50.0
ORD09485,C1985,2,Hub C,53,50.0
ORD09486,C1986,3,Hub C,60,50.0
ORD09487,C1987,1,Hub C,67,50.0
ORD09488,C1988,2,Hub C,74,50.0
ORD09489,C1989,3,Hub C,21,50.0
ORD09490,C1990,1,Hub C,28,50.0
ORD09491,C1991,2,Hub C,35,50.0
ORD09492,C1992,3,Hub C,42,50.0
ORD09493,C1993,1,Hub C,49,50.0
ORD09494,C1994,2,Hub C,56,50.0
ORD09495,C1995,3,Hub C,63,50.0
ORD09496,C1996,1,Hub C,70,50.0
ORD09497,C1997,2,Hub C,77,50.0
ORD09498,C1998,3,Hub C,24,50.0
ORD09499,C1999,1,Hub C,31,50.0
ORD09500,C2000,2,Hub C,38,50.0
ORD09501,C2001,3,Hub C,45,50.0
ORD09502,C2002,1,Hub C,52,50.0
ORD09503,C2003,2,Hub C,59,50.0
ORD09504,C2004,3,Hub C,66,50.0
ORD09505,C2005,1,Hub C,73,50.0
ORD09506,C2006,2,Hub C,20,50.0
ORD09507,C2007,3,Hub C,27,50.0
ORD09508,C2008,1,Hub C,34,50.0
ORD09509,C2009,2,Hub C,41,50.0
ORD09510,C2010,3,Hub C,48,50.0
ORD09511,C2011,1,Hub C,55,50.0
ORD09512,C2012,2,Hub C,62,50.0
ORD09513,C2013,3,Hub C,69,50.0
ORD09514,C2014,1,Hub C,76,50.0
ORD09515,C2015,2,Hub C,23,50.0
ORD09516,C2016,3,Hub C,30,50.0
ORD09517,C2017,1,Hub C,37,50.0
ORD09518,C2018,2,Hub C,44,50.0
ORD09519,C2019,3,Hub C,51,50.0
ORD09520,C2020,1,Hub C,58,50.0
ORD09521,C2021,2,Hub C,65,50.0
ORD09522,C2022,3,Hub C,72,50.0
ORD09523,C2023,1,Hub C,19,50.0
ORD09524,C2024,2,Hub C,26,50.0
ORD09525,C2025,3,Hub C,33,50.0
ORD09526,C2026,1,Hub C,40,50.0
ORD09527,C2027,2,Hub C,47,50.0
ORD09528,C2028,3,Hub C,54,50.0
ORD09529,C2029,1,Hub C,61,50.0
ORD09530,C2030,2,Hub C,68,50.0
ORD09531,C2031,3,Hub C,75,50.0
ORD09532,C2032,1,Hub C,22,50.0
ORD09533,C2033,2,Hub C,29,50.0
ORD09534,C2034,3,Hub C,36,50.0
ORD09535,C2035,1,Hub C,43,50.0
ORD09536,C2036,2,Hub C,50,50.0
ORD09537,C2037,3,Hub C,57,50.0
ORD09538,C2038,1,Hub C,64,50.0
ORD09539,C2039,2,Hub C,71,50.0
ORD09540,C2040,3,Hub C,18,50.0
ORD09541,C2041,1,Hub C,25,50.0
ORD09542,C2042,2,Hub C,32,50.0
ORD09543,C2043,3,Hub C,39,50.0
ORD09544,C2044,1,Hub C,46,50.0
ORD09545,C2045,2,Hub C,53,50.0
ORD09546,C2046,3,Hub C,60,50.0
ORD09547,C2047,1,Hub C,67,50.0
ORD09548,C2048,2,Hub C,74,50.0
ORD09549,C2049,3,Hub C,21,50.0
ORD09550,C2050,1,Hub C,28,50.0
ORD09551,C2051,2,Hub C,35,50.0
ORD09552,C2052,3,Hub C,42,50.0
ORD09553,C2053,1,Hub C,49,50.0
ORD09554,C2054,2,Hub C,56,50.0
ORD09555,C2055,3,Hub C,63,50.0
ORD09556,C2056,1,Hub C,70,50.0
ORD09557,C2057,2,Hub C,77,50.0
ORD09558,C2058,3,Hub C,24,50.0
ORD09559,C2059,1,Hub C,31,50.0
ORD09560,C2060,2,Hub C,38,50.0
ORD09561,C2061,3,Hub C,45,50.0
ORD09562,C2062,1,Hub C,52,50.0
ORD09563,C2063,2,Hub C,59,50.0
ORD09564,C2064,3,Hub C,66,50.0
ORD09565,C2065,1,Hub C,73,50.0
ORD09566,C2066,2,Hub C,20,50.0
ORD09567,C2067,3,Hub C,27,50.0
ORD09568,C2068,1,Hub C,34,50.0
ORD09569,C2069,2,Hub C,41,50.0
ORD09570,C2070,3,Hub C,48,50.0
ORD09571,C2071,1,Hub C,55,50.0
ORD09572,C2072,2,Hub C,62,50.0
ORD09573,C2073,3,Hub C,69,50.0
ORD09574,C2074,1,Hub C,76,50.0
ORD09575,C2075,2,Hub C,23,50.0
ORD09576,C2076,3,Hub C,30,50.0
ORD09577,C2077,1,Hub C,37,50.0
ORD09578,C2078,2,Hub C,44,50.0
ORD09579,C2079,3,Hub C,51,50.0
ORD09580,C2080,1,Hub C,58,50.0
ORD09581,C2081,2,Hub C,65,50.0
ORD09582,C2082,3,Hub C,72,50.0
ORD09583,C2083,1,Hub C,19,50.0
ORD09584,C2084,2,Hub C,26,50.0
ORD09585,C2085,3,Hub C,33,50.0
ORD09586,C2086,1,Hub C,40,50.0
ORD09587,C2087,2,Hub C,47,50.0
ORD09588,C2088,3,Hub C,54,50.0
ORD09589,C2089,1,Hub C,61,50.0
ORD09590,C2090,2,Hub C,68,50.0
ORD09591,C2091,3,Hub C,75,50.0
ORD09592,C2092,1,Hub C,22,50.0
ORD09593,C2093,2,Hub C,29,50.0
ORD09594,C2094,3,Hub C,36,50.0
ORD09595,C2095,1,Hub C,43,50.0
ORD09596,C2096,2,Hub C,50,50.0
ORD09597,C2097,3,Hub C,57,50.0
ORD09598,C2098,1,Hub C,64,50.0
ORD09599,C2099,2,Hub C,71,50.0
ORD09600,C2100,3,Hub C,18,50.0
ORD09601,C2101,1,Hub C,25,50.0
ORD09602,C2102,2,Hub C,32,50.0
ORD09603,C2103,3,Hub C,39,50.0
ORD09604,C2104,1,Hub C,46,50.0
ORD09605,C2105,2,Hub C,53,50.0
ORD09606,C2106,3,Hub C,60,50.0
ORD09607,C2107,1,Hub C,67,50.0
ORD09608,C2108,2,Hub C,74,50.0
ORD09609,C2109,3,Hub C,21,50.0
ORD09610,C2110,1,Hub C,28,50.0
ORD09611,C2111,2,Hub C,35,50.0
ORD09612,C2112,3,Hub C,42,50.0
ORD09613,C2113,1,Hub C,49,50.0
ORD09614,C2114,2,Hub C,56,50.0
ORD09615,C2115,3,Hub C,63,50.0
ORD09616,C2116,1,Hub C,70,50.0
ORD09617,C2117,2,Hub C,77,50.0
ORD09618,C2118,3,Hub C,24,50.0
ORD09619,C2119,1,Hub C,31,50.0
ORD09620,C2120,2,Hub C,38,50.0
ORD09621,C2121,3,Hub C,45,50.0
ORD09622,C2122,1,Hub C,52,50.0
ORD09623,C2123,2,Hub C,59,50.0
ORD09624,C2124,3,Hub C,66,50.0
ORD09625,C2125,1,Hub C,73,50.0
ORD09626,C2126,2,Hub C,20,50.0
ORD09627,C2127,3,Hub C,27,50.0
ORD09628,C2128,1,Hub C,34,50.0
ORD09629,C2129,2,Hub C,41,50.0
ORD09630,C2130,3,Hub C,48,50.0
ORD09631,C2131,1,Hub C,55,50.0
ORD09632,C2132,2,Hub C,62,50.0
ORD09633,C2133,3,Hub C,69,50.0
ORD09634,C2134,1,Hub C,76,50.0
ORD09635,C2135,2,Hub C,23,50.0
ORD09636,C2136,3,Hub C,30,50.0
ORD09637,C2137,1,Hub C,37,50.0
ORD09638,C2138,2,Hub C,44,50.0
ORD09639,C2139,3,Hub C,51,50.0
ORD09640,C2140,1,Hub C,58,50.0
ORD09641,C2141,2,Hub C,65,50.0
ORD09642,C2142,3,Hub C,72,50.0
ORD09643,C2143,1,Hub C,19,50.0
ORD09644,C2144,2,Hub C,26,50.0
ORD09645,C2145,3,Hub C,33,50.0
ORD09646,C2146,1,Hub C,40,50.0
ORD09647,C2147,2,Hub C,47,50.0
ORD09648,C2148,3,Hub C,54,50.0
ORD09649,C2149,1,Hub C,61,50.0
ORD09650,C2150,2,Hub C,68,50.0
ORD09651,C2151,3,Hub C,75,50.0
ORD09652,C2152,1,Hub C,22,50.0
ORD09653,C2153,2,Hub C,29,50.0
ORD09654,C2154,3,Hub C,36,50.0
ORD09655,C2155,1,Hub C,43,50.0
ORD09656,C2156,2,Hub C,50,50.0
ORD09657,C2157,3,Hub C,57,50.0
ORD09658,C2158,1,Hub C,64,50.0
ORD09659,C2159,2,Hub C,71,50.0
ORD09660,C2160,3,Hub C,18,50.0
ORD09661,C2161,1,Hub C,25,50.0
ORD09662,C2162,2,Hub C,32,50.0
ORD09663,C2163,3,Hub C,39,50.0
ORD09664,C2164,1,Hub C,46,50.0
ORD09665,C2165,2,Hub C,53,50.0
ORD09666,C2166,3,Hub C,60,50.0
ORD09667,C2167,1,Hub C,67,50.0
ORD09668,C2168,2,Hub C,74,50.0
ORD09669,C2169,3,Hub C,21,50.0
ORD09670,C2170,1,Hub C,28,50.0
ORD09671,C2171,2,Hub C,35,50.0
ORD09672,C2172,3,Hub C,42,50.0
ORD09673,C2173,1,Hub C,49,50.0
ORD09674,C2174,2,Hub C,56,50.0
ORD09675,C2175,3,Hub C,63,50.0
ORD09676,C2176,1,Hub C,70,50.0
ORD09677,C2177,2,Hub C,77,50.0
ORD09678,C2178,3,Hub C,24,50.0
ORD09679,C2179,1,Hub C,31,50.0
ORD09680,C2180,2,Hub C,38,50.0
ORD09681,C2181,3,Hub C,45,50.0
ORD09682,C2182,1,Hub C,52,50.0
ORD09683,C2183,2,Hub C,59,50.0
ORD09684,C2184,3,Hub C,66,50.0
ORD09685,C2185,1,Hub C,73,50.0
ORD09686,C2186,2,Hub C,20,50.0
ORD09687,C2187,3,Hub C,27,50.0
ORD09688,C2188,1,Hub C,34,50.0
ORD09689,C2189,2,Hub C,41,50.0
ORD09690,C2190,3,Hub C,48,50.0
ORD09691,C2191,1,Hub C,55,50.0
ORD09692,C2192,2,Hub C,62,50.0
ORD09693,C2193,3,Hub C,69,50.0
ORD09694,C2194,1,Hub C,76,50.0
ORD09695,C2195,2,Hub C,23,50.0
ORD09696,C2196,3,Hub C,30,50.0
ORD09697,C2197,1,Hub C,37,50.0
ORD09698,C2198,2,Hub C,44,50.0
ORD09699,C2199,3,Hub C,51,50.0
ORD09700,C2200,1,Hub C,58,50.0
ORD09701,C2201,2,Hub C,65,50.0
ORD09702,C2202,3,Hub C,72,50.0
ORD09703,C2203,1,Hub C,19,50.0
ORD09704,C2204,2,Hub C,26,50.0
ORD09705,C2205,3,Hub C,33,50.0
ORD09706,C2206,1,Hub C,40,50.0
ORD09707,C2207,2,Hub C,47,50.0
ORD09708,C2208,3,Hub C,54,50.0
ORD09709,C2209,1,Hub C,61,50.0
ORD09710,C2210,2,Hub C,68,50.0
ORD09711,C2211,3,Hub C,75,50.0
ORD09712,C2212,1,Hub C,22,50.0
ORD09713,C2213,2,Hub C,29,50.0
ORD09714,C2214,3,Hub C,36,50.0
ORD09715,C2215,1,Hub C,43,50.0
ORD09716,C2216,2,Hub C,50,50.0
ORD09717,C2217,3,Hub C,57,50.0
ORD09718,C2218,1,Hub C,64,50.0
ORD09719,C2219,2,Hub C,71,50.0
ORD09720,C2220,3,Hub C,18,50.0
ORD09721,C2221,1,Hub C,25,50.0
ORD09722,C2222,2,Hub C,32,50.0
ORD09723,C2223,3,Hub C,39,50.0
ORD09724,C2224,1,Hub C,46,50.0
ORD09725,C2225,2,Hub C,53,50.0
ORD09726,C2226,3,Hub C,60,50.0
ORD09727,C2227,1,Hub C,67,50.0
ORD09728,C2228,2,Hub C,74,50.0
ORD09729,C2229,3,Hub C,21,50.0
ORD09730,C2230,1,Hub C,28,50.0
ORD09731,C2231,2,Hub C,35,50.0
ORD09732,C2232,3,Hub C,42,50.0
ORD09733,C2233,1,Hub C,49,50.0
ORD09734,C2234,2,Hub C,56,50.0
ORD09735,C2235,3,Hub C,63,50.0
ORD09736,C2236,1,Hub C,70,50.0
ORD09737,C2237,2,Hub C,77,50.0
ORD09738,C2238,3,Hub C,24,50.0
ORD09739,C2239,1,Hub C,31,50.0
ORD09740,C2240,2,Hub C,38,50.0
ORD09741,C2241,3,Hub C,45,50.0
ORD09742,C2242,1,Hub C,52,50.0
ORD09743,C2243,2,Hub C,59,50.0
ORD09744,C2244,3,Hub C,66,50.0
ORD09745,C2245,1,Hub C,73,50.0
ORD09746,C2246,2,Hub C,20,50.0
ORD09747,C2247,3,Hub C,27,50.0
ORD09748,C2248,1,Hub C,34,50.0
ORD09749,C2249,2,Hub C,41,50.0
ORD09750,C2250,3,Hub C,48,50.0
ORD09751,C2251,1,Hub C,55,50.0
ORD09752,C2252,2,Hub C,62,50.0
ORD09753,C2253,3,Hub C,69,50.0
ORD09754,C2254,1,Hub C,76,50.0
ORD09755,C2255,2,Hub C,23,50.0
ORD09756,C2256,3,Hub C,30,50.0
ORD09757,C2257,1,Hub C,37,50.0
ORD09758,C2258,2,Hub C,44,50.0
ORD09759,C2259,3,Hub C,51,50.0
ORD09760,C2260,1,Hub C,58,50.0
ORD09761,C2261,2,Hub C,65,50.0
ORD09762,C2262,3,Hub C,72,50.0
ORD09763,C2263,1,Hub C,19,50.0
ORD09764,C2264,2,Hub C,26,50.0
ORD09765,C2265,3,Hub C,33,50.0
ORD09766,C2266,1,Hub C,40,50.0
ORD09767,C2267,2,Hub C,47,50.0
ORD09768,C2268,3,Hub C,54,50.0
ORD09769,C2269,1,Hub C,61,50.0
ORD09770,C2270,2,Hub C,68,50.0
ORD09771,C2271,3,Hub C,75,50.0
ORD09772,C2272,1,Hub C,22,50.0
ORD09773,C2273,2,Hub C,29,50.0
ORD09774,C2274,3,Hub C,36,50.0
ORD09775,C2275,1,Hub C,43,50.0
ORD09776,C2276,2,Hub C,50,50.0
ORD09777,C2277,3,Hub C,57,50.0
ORD09778,C2278,1,Hub C,64,50.0
ORD09779,C2279,2,Hub C,71,50.0
ORD09780,C2280,3,Hub C,18,50.0
ORD09781,C2281,1,Hub C,25,50.0
ORD09782,C2282,2,Hub C,32,50.0
ORD09783,C2283,3,Hub C,39,50.0
ORD09784,C2284,1,Hub C,46,50.0
ORD09785,C2285,2,Hub C,53,50.0
ORD09786,C2286,3,Hub C,60,50.0
ORD09787,C2287,1,Hub C,67,50.0
ORD09788,C2288,2,Hub C,74,50.0
ORD09789,C2289,3,Hub C,21,50.0
ORD09790,C2290,1,Hub C,28,50.0
ORD09791,C2291,2,Hub C,35,50.0
ORD09792,C2292,3,Hub C,42,50.0
ORD09793,C2293,1,Hub C,49,50.0
ORD09794,C2294,2,Hub C,56,50.0
ORD09795,C2295,3,Hub C,63,50.0
ORD09796,C2296,1,Hub C,70,50.0
ORD09797,C2297,2,Hub C,77,50.0
ORD09798,C2298,3,Hub C,24,50.0
ORD09799,C2299,1,Hub C,31,50.0
ORD09800,C2300,2,Hub C,38,50.0
ORD09801,C2301,3,Hub C,45,50.0
ORD09802,C2302,1,Hub C,52,50.0
ORD09803,C2303,2,Hub C,59,50.0
ORD09804,C2304,3,Hub C,66,50.0
ORD09805,C2305,1,Hub C,73,50.0
ORD09806,C2306,2,Hub C,20,50.0
ORD09807,C2307,3,Hub C,27,50.0
ORD09808,C2308,1,Hub C,34,50.0
ORD09809,C2309,2,Hub C,41,50.0
ORD09810,C2310,3,Hub C,48,50.0
ORD09811,C2311,1,Hub C,55,50.0
ORD09812,C2312,2,Hub C,62,50.0
ORD09813,C2313,3,Hub C,69,50.0
ORD09814,C2314,1,Hub C,76,50.0
ORD09815,C2315,2,Hub C,23,50.0
ORD09816,C2316,3,Hub C,30,50.0
ORD09817,C2317,1,Hub C,37,50.0
ORD09818,C2318,2,Hub C,44,50.0
ORD09819,C2319,3,Hub C,51,50.0
ORD09820,C2320,1,Hub C,58,50.0
ORD09821,C2321,2,Hub C,65,50.0
ORD09822,C2322,3,Hub C,72,50.0
ORD09823,C2323,1,Hub C,19,50.0
ORD09824,C2324,2,Hub C,26,50.0
ORD09825,C2325,3,Hub C,33,50.0
ORD09826,C2326,1,Hub C,40,50.0
ORD09827,C2327,2,Hub C,47,50.0
ORD09828,C2328,3,Hub C,54,50.0
ORD09829,C2329,1,Hub C,61,50.0
ORD09830,C2330,2,Hub C,68,60.0
ORD09831,C2331,3,Hub C,75,60.0
ORD09832,C2332,1,Hub C,22,60.0
ORD09833,C2333,2,Hub C,29,60.0
ORD09834,C2334,3,Hub C,36,60.0
ORD09835,C2335,1,Hub C,43,60.0
ORD09836,C2336,2,Hub C,50,60.0
ORD09837,C2337,3,Hub C,57,60.0
ORD09838,C2338,1,Hub C,64,60.0
ORD09839,C2339,2,Hub C,71,60.0
ORD09840,C2340,3,Hub C,18,60.0
ORD09841,C2341,1,Hub C,25,60.0
ORD09842,C2342,2,Hub C,32,60.0
ORD09843,C2343,3,Hub C,39,60.0
ORD09844,C2344,1,Hub C,46,60.0
ORD09845,C2345,2,Hub C,53,60.0
ORD09846,C2346,3,Hub C,60,60.0
ORD09847,C2347,1,Hub C,67,60.0
ORD09848,C2348,2,Hub C,74,60.0
ORD09849,C2349,3,Hub C,21,60.0
ORD09850,C2350,1,Hub C,28,60.0
ORD09851,C2351,2,Hub C,35,60.0
ORD09852,C2352,3,Hub C,42,60.0
ORD09853,C2353,1,Hub C,49,60.0
ORD09854,C2354,2,Hub C,56,60.0
ORD09855,C2355,3,Hub C,63,60.0
ORD09856,C2356,1,Hub C,70,60.0
ORD09857,C2357,2,Hub C,77,60.0
ORD09858,C2358,3,Hub C,24,60.0
ORD09859,C2359,1,Hub C,31,60.0
ORD09860,C2360,2,Hub C,38,60.0
ORD09861,C2361,3,Hub C,45,60.0
ORD09862,C2362,1,Hub C,52,60.0
ORD09863,C2363,2,Hub C,59,60.0
ORD09864,C2364,3,Hub C,66,60.0
ORD09865,C2365,1,Hub C,73,60.0
ORD09866,C2366,2,Hub C,20,60.0
ORD09867,C2367,3,Hub C,27,60.0
ORD09868,C2368,1,Hub C,34,60.0
ORD09869,C2369,2,Hub C,41,60.0
ORD09870,C2370,3,Hub C,48,60.0
ORD09871,C2371,1,Hub C,55,60.0
ORD09872,C2372,2,Hub C,62,60.0
ORD09873,C2373,3,Hub C,69,60.0
ORD09874,C2374,1,Hub C,76,60.0
ORD09875,C2375,2,Hub C,23,60.0
ORD09876,C2376,3,Hub C,30,60.0
ORD09877,C2377,1,Hub C,37,60.0
ORD09878,C2378,2,Hub C,44,60.0
ORD09879,C2379,3,Hub C,51,60.0
ORD09880,C2380,1,Hub C,58,60.0
ORD09881,C2381,2,Hub C,65,60.0
ORD09882,C2382,3,Hub C,72,60.0
ORD09883,C2383,1,Hub C,19,60.0
ORD09884,C2384,2,Hub C,26,60.0
ORD09885,C2385,3,Hub C,33,60.0
ORD09886,C2386,1,Hub C,40,60.0
ORD09887,C2387,2,Hub C,47,60.0
ORD09888,C2388,3,Hub C,54,60.0
ORD09889,C2389,1,Hub C,61,60.0
ORD09890,C2390,2,Hub C,68,60.0
ORD09891,C2391,3,Hub C,75,60.0
ORD09892,C2392,1,Hub C,22,60.0
ORD09893,C2393,2,Hub C,29,60.0
ORD09894,C2394,3,Hub C,36,60.0
ORD09895,C2395,1,Hub C,43,60.0
ORD09896,C2396,2,Hub C,50,60.0
ORD09897,C2397,3,Hub C,57,60.0
ORD09898,C2398,1,Hub C,64,60.0
ORD09899,C2399,2,Hub C,71,60.0
ORD09900,C2400,3,Hub C,18,60.0
ORD09901,C2401,1,Hub C,25,60.0
ORD09902,C2402,2,Hub C,32,60.0
ORD09903,C2403,3,Hub C,39,60.0
ORD09904,C2404,1,Hub C,46,60.0
ORD09905,C2405,2,Hub C,53,60.0
ORD09906,C2406,3,Hub C,60,60.0
ORD09907,C2407,1,Hub C,67,60.0
ORD09908,C2408,2,Hub C,74,60.0
ORD09909,C2409,3,Hub C,21,60.0
ORD09910,C2410,1,Hub C,28,60.0
ORD09911,C2411,2,Hub C,35,60.0
ORD09912,C2412,3,Hub C,42,60.0
ORD09913,C2413,1,Hub C,49,60.0
ORD09914,C2414,2,Hub C,56,60.0
ORD09915,C2415,3,Hub C,63,60.0
ORD09916,C2416,1,Hub C,70,60.0
ORD09917,C2417,2,Hub C,77,60.0
ORD09918,C2418,3,Hub C,24,60.0
ORD09919,C2419,1,Hub C,31,60.0
ORD09920,C2420,2,Hub C,38,60.0
ORD09921,C2421,3,Hub C,45,60.0
ORD09922,C2422,1,Hub C,52,60.0
ORD09923,C2423,2,Hub C,59,60.0
ORD09924,C2424,3,Hub C,66,60.0
ORD09925,C2425,1,Hub C,73,60.0
ORD09926,C2426,2,Hub C,20,60.0
ORD09927,C2427,3,Hub C,27,60.0
ORD09928,C2428,1,Hub C,34,60.0
ORD09929,C2429,2,Hub C,41,60.0
ORD09930,C2430,3,Hub C,48,124.0
ORD09931,C2431,1,Hub C,55,124.0
ORD09932,C2432,2,Hub C,62,124.0
ORD09933,C2433,3,Hub C,69,124.0
ORD09934,C2434,1,Hub C,76,124.0
ORD09935,C2435,2,Hub C,23,124.0
ORD09936,C2436,3,Hub C,30,124.0
ORD09937,C2437,1,Hub C,37,124.0
ORD09938,C2438,2,Hub C,44,124.0
ORD09939,C2439,3,Hub C,51,124.0
ORD09940,C2440,1,Hub C,58,124.0
ORD09941,C2441,2,Hub C,65,124.0
ORD09942,C2442,3,Hub C,72,124.0
ORD09943,C2443,1,Hub C,19,124.0
ORD09944,C2444,2,Hub C,26,124.0
ORD09945,C2445,3,Hub C,33,124.0
ORD09946,C2446,1,Hub C,40,124.0
ORD09947,C2447,2,Hub C,47,124.0
ORD09948,C2448,3,Hub C,54,124.0
ORD09949,C2449,1,Hub C,61,124.0
ORD09950,C2450,2,Hub C,68,124.0
ORD09951,C2451,3,Hub C,75,124.0
ORD09952,C2452,1,Hub C,22,124.0
ORD09953,C2453,2,Hub C,29,124.0
ORD09954,C2454,3,Hub C,36,124.0
ORD09955,C2455,1,Hub C,43,124.0
ORD09956,C2456,2,Hub C,50,124.0
ORD09957,C2457,3,Hub C,57,124.0
ORD09958,C2458,1,Hub C,64,124.0
ORD09959,C2459,1,Hub A,-1,999.0
ORD09960,C2460,2,Hub B,-1,999.0
ORD09961,C2461,3,Hub C,-1,999.0
ORD09962,C2462,1,Hub A,-1,999.0
ORD09963,C2463,2,Hub B,-1,999.0
ORD09964,C2464,3,Hub C,-1,999.0
ORD09965,C2465,1,Hub A,-1,999.0
ORD09966,C2466,2,Hub B,-1,999.0
ORD09967,C2467,3,Hub C,-1,999.0
ORD09968,C2468,1,Hub A,-1,999.0
ORD09969,C2469,2,Hub B,-1,999.0
ORD09970,C2470,3,Hub C,-1,999.0
ORD09971,C2471,1,Hub A,-1,999.0
ORD09972,C2472,2,Hub B,-1,999.0
ORD09973,C2473,3,Hub C,-1,999.0
ORD09974,C2474,1,Hub A,-1,999.0
ORD09975,C2475,2,Hub B,-1,999.0
ORD09976,C2476,3,Hub C,-1,999.0
ORD09977,C2477,1,Hub A,-1,999.0
ORD09978,C2478,2,Hub B,-1,999.0
ORD09979,C2479,3,Hub C,-1,999.0
ORD09980,C2480,1,Hub A,-1,999.0
ORD09981,C2481,2,Hub B,-1,999.0
ORD09982,C2482,3,Hub C,-1,999.0
ORD09983,C2483,1,Hub A,-1,999.0
ORD09984,C2484,2,Hub B,-1,999.0
ORD09985,C2485,3,Hub C,-1,999.0
ORD09986,C2486,1,Hub A,-1,999.0
ORD09987,C2487,2,Hub B,-1,999.0
ORD09988,C2488,3,Hub C,-1,999.0
ORD09989,C2489,1,Hub A,-1,999.0
ORD09990,C2490,2,Hub B,-1,999.0
ORD09991,C2491,3,Hub C,-1,999.0
ORD09992,C2492,1,Hub A,-1,999.0
ORD09993,C2493,2,Hub B,-1,999.0
ORD09994,C2494,3,Hub C,-1,999.0
ORD09995,C2495,1,Hub A,-1,999.0
ORD09996,C2496,2,Hub B,-1,999.0
ORD09997,C2497,3,Hub C,-1,999.0
ORD09998,C2498,1,Hub A,-1,999.0
ORD09999,C2499,2,Hub B,-1,999.0
ORD10000,C2500,3,Hub C,-1,999.0
