order_id,customer_id,completed_date,week_start,weekend_flag,region,item_count,promised_minutes,delivery_minutes,late_minutes,satisfaction_category,eligible_kpi_flag,on_time_kpi_flag,complaint_flag,target_rate,complaint_guardrail
10001,5001,2026-08-03,2026-08-03,0,Central,3,45,48.0,3.0,1,1,0,1,0.85,0.03
10002,5001,2026-08-04,2026-08-03,0,North,3,45,55.0,10.0,1,1,0,1,0.85,0.03
10003,5002,2026-08-05,2026-08-03,0,South,3,45,62.0,17.0,1,1,0,1,0.85,0.03
10004,5002,2026-08-06,2026-08-03,0,West,3,45,51.0,6.0,1,1,0,1,0.85,0.03
10005,5003,2026-08-07,2026-08-03,0,Central,3,45,58.0,13.0,1,1,0,1,0.85,0.03
10006,5003,2026-08-08,2026-08-03,1,North,3,45,65.0,20.0,1,1,0,1,0.85,0.03
10007,5004,2026-08-09,2026-08-03,1,South,3,45,54.0,9.0,1,1,0,1,0.85,0.03
10008,5004,2026-08-03,2026-08-03,0,West,3,45,61.0,16.0,1,1,0,1,0.85,0.03
10009,5005,2026-08-04,2026-08-03,0,Central,3,45,50.0,5.0,1,1,0,1,0.85,0.03
10010,5005,2026-08-05,2026-08-03,0,North,3,45,57.0,12.0,1,1,0,1,0.85,0.03
10011,5006,2026-08-06,2026-08-03,0,South,3,45,64.0,19.0,2,1,0,0,0.85,0.03
10012,5006,2026-08-07,2026-08-03,0,West,3,45,53.0,8.0,2,1,0,0,0.85,0.03
10013,5007,2026-08-08,2026-08-03,1,Central,3,45,60.0,15.0,2,1,0,0,0.85,0.03
10014,5007,2026-08-09,2026-08-03,1,North,3,45,49.0,4.0,2,1,0,0,0.85,0.03
10015,5008,2026-08-03,2026-08-03,0,South,3,45,56.0,11.0,2,1,0,0,0.85,0.03
10016,5008,2026-08-04,2026-08-03,0,West,3,45,63.0,18.0,2,1,0,0,0.85,0.03
10017,5009,2026-08-05,2026-08-03,0,Central,3,45,52.0,7.0,2,1,0,0,0.85,0.03
10018,5009,2026-08-06,2026-08-03,0,North,3,45,59.0,14.0,2,1,0,0,0.85,0.03
10019,5010,2026-08-07,2026-08-03,0,South,3,45,48.0,3.0,2,1,0,0,0.85,0.03
10020,5010,2026-08-08,2026-08-03,1,West,3,45,55.0,10.0,2,1,0,0,0.85,0.03
10021,5011,2026-08-09,2026-08-03,1,Central,3,45,62.0,17.0,2,1,0,0,0.85,0.03
10022,5011,2026-08-03,2026-08-03,0,North,3,45,51.0,6.0,2,1,0,0,0.85,0.03
10023,5012,2026-08-04,2026-08-03,0,South,3,45,58.0,13.0,2,1,0,0,0.85,0.03
10024,5012,2026-08-05,2026-08-03,0,West,3,45,65.0,20.0,2,1,0,0,0.85,0.03
10025,5013,2026-08-06,2026-08-03,0,Central,3,45,54.0,9.0,2,1,0,0,0.85,0.03
10026,5013,2026-08-07,2026-08-03,0,North,3,45,61.0,16.0,2,1,0,0,0.85,0.03
10027,5014,2026-08-08,2026-08-03,1,South,3,45,50.0,5.0,2,1,0,0,0.85,0.03
10028,5014,2026-08-09,2026-08-03,1,West,3,45,57.0,12.0,2,1,0,0,0.85,0.03
10029,5015,2026-08-03,2026-08-03,0,Central,3,45,64.0,19.0,2,1,0,0,0.85,0.03
10030,5015,2026-08-04,2026-08-03,0,North,3,45,53.0,8.0,2,1,0,0,0.85,0.03
10031,5016,2026-08-05,2026-08-03,0,South,3,45,60.0,15.0,2,1,0,0,0.85,0.03
10032,5016,2026-08-06,2026-08-03,0,West,3,45,49.0,4.0,2,1,0,0,0.85,0.03
10033,5017,2026-08-07,2026-08-03,0,Central,3,45,56.0,11.0,2,1,0,0,0.85,0.03
10034,5017,2026-08-08,2026-08-03,1,North,3,45,63.0,18.0,2,1,0,0,0.85,0.03
10035,5018,2026-08-09,2026-08-03,1,South,3,45,52.0,7.0,2,1,0,0,0.85,0.03
10036,5018,2026-08-03,2026-08-03,0,West,3,45,59.0,14.0,2,1,0,0,0.85,0.03
10037,5019,2026-08-04,2026-08-03,0,Central,3,45,48.0,3.0,2,1,0,0,0.85,0.03
10038,5019,2026-08-05,2026-08-03,0,North,3,45,55.0,10.0,2,1,0,0,0.85,0.03
10039,5020,2026-08-06,2026-08-03,0,South,3,45,62.0,17.0,2,1,0,0,0.85,0.03
10040,5020,2026-08-07,2026-08-03,0,West,3,45,51.0,6.0,2,1,0,0,0.85,0.03
10041,5021,2026-08-08,2026-08-03,1,Central,3,45,58.0,13.0,2,1,0,0,0.85,0.03
10042,5021,2026-08-09,2026-08-03,1,North,3,45,65.0,20.0,2,1,0,0,0.85,0.03
10043,5022,2026-08-03,2026-08-03,0,South,3,45,54.0,9.0,2,1,0,0,0.85,0.03
10044,5022,2026-08-04,2026-08-03,0,West,3,45,61.0,16.0,2,1,0,0,0.85,0.03
10045,5023,2026-08-05,2026-08-03,0,Central,3,45,50.0,5.0,2,1,0,0,0.85,0.03
10046,5023,2026-08-06,2026-08-03,0,North,3,45,57.0,12.0,2,1,0,0,0.85,0.03
10047,5024,2026-08-07,2026-08-03,0,South,3,45,64.0,19.0,2,1,0,0,0.85,0.03
10048,5024,2026-08-08,2026-08-03,1,West,3,45,53.0,8.0,2,1,0,0,0.85,0.03
10049,5025,2026-08-09,2026-08-03,1,Central,3,45,60.0,15.0,2,1,0,0,0.85,0.03
10050,5025,2026-08-03,2026-08-03,0,North,1,45,39.0,0.0,4,1,1,0,0.85,0.03
10051,5026,2026-08-04,2026-08-03,0,South,1,45,44.0,0.0,5,1,1,0,0.85,0.03
10052,5026,2026-08-05,2026-08-03,0,West,1,45,35.0,0.0,3,1,1,0,0.85,0.03
10053,5027,2026-08-06,2026-08-03,0,Central,1,45,40.0,0.0,4,1,1,0,0.85,0.03
10054,5027,2026-08-07,2026-08-03,0,North,1,45,45.0,0.0,5,1,1,0,0.85,0.03
10055,5028,2026-08-08,2026-08-03,1,South,3,45,49.0,4.0,2,1,0,0,0.85,0.03
10056,5028,2026-08-09,2026-08-03,1,West,3,45,56.0,11.0,2,1,0,0,0.85,0.03
10057,5029,2026-08-03,2026-08-03,0,Central,1,45,32.0,0.0,5,1,1,0,0.85,0.03
10058,5029,2026-08-04,2026-08-03,0,North,1,45,37.0,0.0,3,1,1,0,0.85,0.03
10059,5030,2026-08-05,2026-08-03,0,South,1,45,42.0,0.0,4,1,1,0,0.85,0.03
10060,5030,2026-08-06,2026-08-03,0,West,1,45,33.0,0.0,5,1,1,0,0.85,0.03
10061,5031,2026-08-07,2026-08-03,0,Central,1,45,38.0,0.0,3,1,1,0,0.85,0.03
10062,5031,2026-08-08,2026-08-03,1,North,3,45,63.0,18.0,2,1,0,0,0.85,0.03
10063,5032,2026-08-09,2026-08-03,1,South,3,45,52.0,7.0,2,1,0,0,0.85,0.03
10064,5032,2026-08-03,2026-08-03,0,West,1,45,39.0,0.0,3,1,1,0,0.85,0.03
10065,5033,2026-08-04,2026-08-03,0,Central,1,45,44.0,0.0,4,1,1,0,0.85,0.03
10066,5033,2026-08-05,2026-08-03,0,North,1,45,35.0,0.0,5,1,1,0,0.85,0.03
10067,5034,2026-08-06,2026-08-03,0,South,1,45,40.0,0.0,3,1,1,0,0.85,0.03
10068,5034,2026-08-07,2026-08-03,0,West,1,45,45.0,0.0,4,1,1,0,0.85,0.03
10069,5035,2026-08-08,2026-08-03,1,Central,3,45,59.0,14.0,2,1,0,0,0.85,0.03
10070,5035,2026-08-09,2026-08-03,1,North,3,45,48.0,3.0,2,1,0,0,0.85,0.03
10071,5036,2026-08-03,2026-08-03,0,South,1,45,32.0,0.0,4,1,1,0,0.85,0.03
10072,5036,2026-08-04,2026-08-03,0,West,1,45,37.0,0.0,5,1,1,0,0.85,0.03
10073,5037,2026-08-05,2026-08-03,0,Central,1,45,42.0,0.0,3,1,1,0,0.85,0.03
10074,5037,2026-08-06,2026-08-03,0,North,1,45,33.0,0.0,4,1,1,0,0.85,0.03
10075,5038,2026-08-07,2026-08-03,0,South,1,45,38.0,0.0,5,1,1,0,0.85,0.03
10076,5038,2026-08-08,2026-08-03,1,West,3,45,55.0,10.0,2,1,0,0,0.85,0.03
10077,5039,2026-08-09,2026-08-03,1,Central,3,45,62.0,17.0,2,1,0,0,0.85,0.03
10078,5039,2026-08-03,2026-08-03,0,North,1,45,39.0,0.0,5,1,1,0,0.85,0.03
10079,5040,2026-08-04,2026-08-03,0,South,1,45,44.0,0.0,3,1,1,0,0.85,0.03
10080,5040,2026-08-05,2026-08-03,0,West,1,45,35.0,0.0,4,1,1,0,0.85,0.03
10081,5041,2026-08-06,2026-08-03,0,Central,1,45,40.0,0.0,5,1,1,0,0.85,0.03
10082,5041,2026-08-07,2026-08-03,0,North,1,45,45.0,0.0,3,1,1,0,0.85,0.03
10083,5042,2026-08-08,2026-08-03,1,South,3,45,51.0,6.0,2,1,0,0,0.85,0.03
10084,5042,2026-08-09,2026-08-03,1,West,3,45,58.0,13.0,2,1,0,0,0.85,0.03
10085,5043,2026-08-03,2026-08-03,0,Central,1,45,32.0,0.0,3,1,1,0,0.85,0.03
10086,5043,2026-08-04,2026-08-03,0,North,1,45,37.0,0.0,4,1,1,0,0.85,0.03
10087,5044,2026-08-05,2026-08-03,0,South,1,45,42.0,0.0,5,1,1,0,0.85,0.03
10088,5044,2026-08-06,2026-08-03,0,West,1,45,33.0,0.0,3,1,1,0,0.85,0.03
10089,5045,2026-08-07,2026-08-03,0,Central,1,45,38.0,0.0,4,1,1,0,0.85,0.03
10090,5045,2026-08-08,2026-08-03,1,North,3,45,65.0,20.0,2,1,0,0,0.85,0.03
10091,5046,2026-08-09,2026-08-03,1,South,3,45,54.0,9.0,2,1,0,0,0.85,0.03
10092,5046,2026-08-03,2026-08-03,0,West,1,45,39.0,0.0,4,1,1,0,0.85,0.03
10093,5047,2026-08-04,2026-08-03,0,Central,1,45,44.0,0.0,5,1,1,0,0.85,0.03
10094,5047,2026-08-05,2026-08-03,0,North,1,45,35.0,0.0,3,1,1,0,0.85,0.03
10095,5048,2026-08-06,2026-08-03,0,South,1,45,40.0,0.0,4,1,1,0,0.85,0.03
10096,5048,2026-08-07,2026-08-03,0,West,1,45,45.0,0.0,5,1,1,0,0.85,0.03
10097,5049,2026-08-08,2026-08-03,1,Central,3,45,61.0,16.0,2,1,0,0,0.85,0.03
10098,5049,2026-08-09,2026-08-03,1,North,3,45,50.0,5.0,2,1,0,0,0.85,0.03
10099,5050,2026-08-03,2026-08-03,0,South,1,45,32.0,0.0,5,1,1,0,0.85,0.03
10100,5050,2026-08-04,2026-08-03,0,West,1,45,37.0,0.0,3,1,1,0,0.85,0.03
10101,5051,2026-08-05,2026-08-03,0,Central,1,45,42.0,0.0,4,1,1,0,0.85,0.03
10102,5051,2026-08-06,2026-08-03,0,North,1,45,33.0,0.0,5,1,1,0,0.85,0.03
10103,5052,2026-08-07,2026-08-03,0,South,1,45,38.0,0.0,3,1,1,0,0.85,0.03
10104,5052,2026-08-08,2026-08-03,1,West,3,45,57.0,12.0,2,1,0,0,0.85,0.03
10105,5053,2026-08-09,2026-08-03,1,Central,3,45,64.0,19.0,2,1,0,0,0.85,0.03
10106,5053,2026-08-03,2026-08-03,0,North,1,45,39.0,0.0,3,1,1,0,0.85,0.03
10107,5054,2026-08-04,2026-08-03,0,South,1,45,44.0,0.0,4,1,1,0,0.85,0.03
10108,5054,2026-08-05,2026-08-03,0,West,1,45,35.0,0.0,5,1,1,0,0.85,0.03
10109,5055,2026-08-06,2026-08-03,0,Central,1,45,40.0,0.0,3,1,1,0,0.85,0.03
10110,5055,2026-08-07,2026-08-03,0,North,1,45,45.0,0.0,4,1,1,0,0.85,0.03
10111,5056,2026-08-08,2026-08-03,1,South,3,45,53.0,8.0,2,1,0,0,0.85,0.03
10112,5056,2026-08-09,2026-08-03,1,West,3,45,60.0,15.0,2,1,0,0,0.85,0.03
10113,5057,2026-08-03,2026-08-03,0,Central,1,45,32.0,0.0,4,1,1,0,0.85,0.03
10114,5057,2026-08-04,2026-08-03,0,North,1,45,37.0,0.0,5,1,1,0,0.85,0.03
10115,5058,2026-08-05,2026-08-03,0,South,1,45,42.0,0.0,3,1,1,0,0.85,0.03
10116,5058,2026-08-06,2026-08-03,0,West,1,45,33.0,0.0,4,1,1,0,0.85,0.03
10117,5059,2026-08-07,2026-08-03,0,Central,1,45,38.0,0.0,5,1,1,0,0.85,0.03
10118,5059,2026-08-08,2026-08-03,1,North,3,45,49.0,4.0,2,1,0,0,0.85,0.03
10119,5060,2026-08-09,2026-08-03,1,South,3,45,56.0,11.0,2,1,0,0,0.85,0.03
10120,5060,2026-08-03,2026-08-03,0,West,1,45,39.0,0.0,5,1,1,0,0.85,0.03
10121,5061,2026-08-04,2026-08-03,0,Central,1,45,44.0,0.0,3,1,1,0,0.85,0.03
10122,5061,2026-08-05,2026-08-03,0,North,1,45,35.0,0.0,4,1,1,0,0.85,0.03
10123,5062,2026-08-06,2026-08-03,0,South,1,45,40.0,0.0,5,1,1,0,0.85,0.03
10124,5062,2026-08-07,2026-08-03,0,West,1,45,45.0,0.0,3,1,1,0,0.85,0.03
10125,5063,2026-08-08,2026-08-03,1,Central,3,45,63.0,18.0,2,1,0,0,0.85,0.03
10126,5063,2026-08-09,2026-08-03,1,North,3,45,52.0,7.0,2,1,0,0,0.85,0.03
10127,5064,2026-08-03,2026-08-03,0,South,1,45,32.0,0.0,3,1,1,0,0.85,0.03
10128,5064,2026-08-04,2026-08-03,0,West,1,45,37.0,0.0,4,1,1,0,0.85,0.03
10129,5065,2026-08-05,2026-08-03,0,Central,1,45,42.0,0.0,5,1,1,0,0.85,0.03
10130,5065,2026-08-06,2026-08-03,0,North,1,45,33.0,0.0,3,1,1,0,0.85,0.03
10131,5066,2026-08-07,2026-08-03,0,South,1,45,38.0,0.0,4,1,1,0,0.85,0.03
10132,5066,2026-08-08,2026-08-03,1,West,3,45,59.0,14.0,2,1,0,0,0.85,0.03
10133,5067,2026-08-09,2026-08-03,1,Central,3,45,48.0,3.0,2,1,0,0,0.85,0.03
10134,5067,2026-08-03,2026-08-03,0,North,1,45,39.0,0.0,4,1,1,0,0.85,0.03
10135,5068,2026-08-04,2026-08-03,0,South,1,45,44.0,0.0,5,1,1,0,0.85,0.03
10136,5068,2026-08-05,2026-08-03,0,West,1,45,35.0,0.0,3,1,1,0,0.85,0.03
10137,5069,2026-08-06,2026-08-03,0,Central,1,45,40.0,0.0,4,1,1,0,0.85,0.03
10138,5069,2026-08-07,2026-08-03,0,North,1,45,45.0,0.0,5,1,1,0,0.85,0.03
10139,5070,2026-08-08,2026-08-03,1,South,3,45,55.0,10.0,2,1,0,0,0.85,0.03
10140,5070,2026-08-09,2026-08-03,1,West,3,45,62.0,17.0,2,1,0,0,0.85,0.03
10141,5071,2026-08-03,2026-08-03,0,Central,1,45,32.0,0.0,5,1,1,0,0.85,0.03
10142,5071,2026-08-04,2026-08-03,0,North,1,45,37.0,0.0,3,1,1,0,0.85,0.03
10143,5072,2026-08-05,2026-08-03,0,South,1,45,42.0,0.0,4,1,1,0,0.85,0.03
10144,5072,2026-08-06,2026-08-03,0,West,1,45,33.0,0.0,5,1,1,0,0.85,0.03
10145,5073,2026-08-07,2026-08-03,0,Central,1,45,38.0,0.0,3,1,1,0,0.85,0.03
10146,5073,2026-08-08,2026-08-03,1,North,3,45,51.0,6.0,2,1,0,0,0.85,0.03
10147,5074,2026-08-09,2026-08-03,1,South,3,45,58.0,13.0,2,1,0,0,0.85,0.03
10148,5074,2026-08-03,2026-08-03,0,West,1,45,39.0,0.0,3,1,1,0,0.85,0.03
10149,5075,2026-08-04,2026-08-03,0,Central,1,45,44.0,0.0,4,1,1,0,0.85,0.03
10150,5075,2026-08-05,2026-08-03,0,North,1,45,35.0,0.0,5,1,1,0,0.85,0.03
10151,5076,2026-08-06,2026-08-03,0,South,1,45,40.0,0.0,3,1,1,0,0.85,0.03
10152,5076,2026-08-07,2026-08-03,0,West,1,45,45.0,0.0,4,1,1,0,0.85,0.03
10153,5077,2026-08-08,2026-08-03,1,Central,3,45,65.0,20.0,2,1,0,0,0.85,0.03
10154,5077,2026-08-09,2026-08-03,1,North,3,45,54.0,9.0,2,1,0,0,0.85,0.03
10155,5078,2026-08-03,2026-08-03,0,South,1,45,32.0,0.0,4,1,1,0,0.85,0.03
10156,5078,2026-08-04,2026-08-03,0,West,1,45,37.0,0.0,5,1,1,0,0.85,0.03
10157,5079,2026-08-05,2026-08-03,0,Central,1,45,42.0,0.0,3,1,1,0,0.85,0.03
10158,5079,2026-08-06,2026-08-03,0,North,1,45,33.0,0.0,4,1,1,0,0.85,0.03
10159,5080,2026-08-07,2026-08-03,0,South,1,45,38.0,0.0,5,1,1,0,0.85,0.03
10160,5080,2026-08-08,2026-08-03,1,West,1,45,43.0,0.0,3,1,1,0,0.85,0.03
10161,5081,2026-08-09,2026-08-03,1,Central,1,45,34.0,0.0,4,1,1,0,0.85,0.03
10162,5081,2026-08-03,2026-08-03,0,North,1,45,39.0,0.0,5,1,1,0,0.85,0.03
10163,5082,2026-08-04,2026-08-03,0,South,1,45,44.0,0.0,3,1,1,0,0.85,0.03
10164,5082,2026-08-05,2026-08-03,0,West,1,45,35.0,0.0,4,1,1,0,0.85,0.03
10165,5083,2026-08-06,2026-08-03,0,Central,1,45,40.0,0.0,5,1,1,0,0.85,0.03
10166,5083,2026-08-07,2026-08-03,0,North,1,45,45.0,0.0,3,1,1,0,0.85,0.03
10167,5084,2026-08-08,2026-08-03,1,South,1,45,36.0,0.0,4,1,1,0,0.85,0.03
10168,5084,2026-08-09,2026-08-03,1,West,1,45,41.0,0.0,5,1,1,0,0.85,0.03
10169,5085,2026-08-03,2026-08-03,0,Central,1,45,32.0,0.0,3,1,1,0,0.85,0.03
10170,5085,2026-08-04,2026-08-03,0,North,1,45,37.0,0.0,4,1,1,0,0.85,0.03
10171,5086,2026-08-05,2026-08-03,0,South,1,45,42.0,0.0,5,1,1,0,0.85,0.03
10172,5086,2026-08-06,2026-08-03,0,West,1,45,33.0,0.0,3,1,1,0,0.85,0.03
10173,5087,2026-08-07,2026-08-03,0,Central,1,45,38.0,0.0,4,1,1,0,0.85,0.03
10174,5087,2026-08-08,2026-08-03,1,North,1,45,43.0,0.0,5,1,1,0,0.85,0.03
10175,5088,2026-08-09,2026-08-03,1,South,1,45,34.0,0.0,3,1,1,0,0.85,0.03
10176,5088,2026-08-03,2026-08-03,0,West,1,45,39.0,0.0,4,1,1,0,0.85,0.03
10177,5089,2026-08-04,2026-08-03,0,Central,1,45,44.0,0.0,5,1,1,0,0.85,0.03
10178,5089,2026-08-05,2026-08-03,0,North,1,45,35.0,0.0,3,1,1,0,0.85,0.03
10179,5090,2026-08-06,2026-08-03,0,South,1,45,40.0,0.0,4,1,1,0,0.85,0.03
10180,5090,2026-08-07,2026-08-03,0,West,1,45,45.0,0.0,5,1,1,0,0.85,0.03
10181,5091,2026-08-08,2026-08-03,1,Central,1,45,36.0,0.0,3,1,1,0,0.85,0.03
10182,5091,2026-08-09,2026-08-03,1,North,1,45,41.0,0.0,4,1,1,0,0.85,0.03
10183,5092,2026-08-03,2026-08-03,0,South,1,45,32.0,0.0,5,1,1,0,0.85,0.03
10184,5092,2026-08-04,2026-08-03,0,West,1,45,37.0,0.0,3,1,1,0,0.85,0.03
10185,5093,2026-08-05,2026-08-03,0,Central,1,45,42.0,0.0,4,1,1,0,0.85,0.03
10186,5093,2026-08-06,2026-08-03,0,North,1,45,33.0,0.0,5,1,1,0,0.85,0.03
10187,5094,2026-08-07,2026-08-03,0,South,1,45,38.0,0.0,3,1,1,0,0.85,0.03
10188,5094,2026-08-08,2026-08-03,1,West,1,45,43.0,0.0,4,1,1,0,0.85,0.03
10189,5095,2026-08-09,2026-08-03,1,Central,1,45,34.0,0.0,5,1,1,0,0.85,0.03
10190,5095,2026-08-03,2026-08-03,0,North,1,45,39.0,0.0,3,1,1,0,0.85,0.03
10191,5096,2026-08-04,2026-08-03,0,South,1,45,44.0,0.0,4,1,1,0,0.85,0.03
10192,5096,2026-08-05,2026-08-03,0,West,1,45,35.0,0.0,5,1,1,0,0.85,0.03
10193,5097,2026-08-06,2026-08-03,0,Central,1,45,40.0,0.0,3,1,1,0,0.85,0.03
10194,5097,2026-08-07,2026-08-03,0,North,1,45,45.0,0.0,4,1,1,0,0.85,0.03
10195,5098,2026-08-08,2026-08-03,1,South,1,45,36.0,0.0,5,1,1,0,0.85,0.03
10196,5098,2026-08-09,2026-08-03,1,West,1,45,41.0,0.0,3,1,1,0,0.85,0.03
10197,5099,2026-08-03,2026-08-03,0,Central,1,45,32.0,0.0,4,1,1,0,0.85,0.03
10198,5099,2026-08-04,2026-08-03,0,North,1,45,37.0,0.0,5,1,1,0,0.85,0.03
10199,5100,2026-08-05,2026-08-03,0,South,1,45,42.0,0.0,3,1,1,0,0.85,0.03
10200,5100,2026-08-06,2026-08-03,0,West,1,45,33.0,0.0,4,1,1,0,0.85,0.03
10201,5101,2026-08-07,2026-08-03,0,Central,1,45,38.0,0.0,5,1,1,0,0.85,0.03
10202,5101,2026-08-08,2026-08-03,1,North,1,45,43.0,0.0,3,1,1,0,0.85,0.03
10203,5102,2026-08-09,2026-08-03,1,South,1,45,34.0,0.0,4,1,1,0,0.85,0.03
10204,5102,2026-08-03,2026-08-03,0,West,1,45,39.0,0.0,5,1,1,0,0.85,0.03
10205,5103,2026-08-04,2026-08-03,0,Central,1,45,44.0,0.0,3,1,1,0,0.85,0.03
10206,5103,2026-08-05,2026-08-03,0,North,1,45,35.0,0.0,4,1,1,0,0.85,0.03
10207,5104,2026-08-06,2026-08-03,0,South,1,45,40.0,0.0,5,1,1,0,0.85,0.03
10208,5104,2026-08-07,2026-08-03,0,West,1,45,45.0,0.0,3,1,1,0,0.85,0.03
10209,5105,2026-08-08,2026-08-03,1,Central,1,45,36.0,0.0,4,1,1,0,0.85,0.03
10210,5105,2026-08-09,2026-08-03,1,North,1,45,41.0,0.0,5,1,1,0,0.85,0.03
10211,5106,2026-08-03,2026-08-03,0,South,1,45,32.0,0.0,3,1,1,0,0.85,0.03
10212,5106,2026-08-04,2026-08-03,0,West,1,45,37.0,0.0,4,1,1,0,0.85,0.03
10213,5107,2026-08-05,2026-08-03,0,Central,1,45,42.0,0.0,5,1,1,0,0.85,0.03
10214,5107,2026-08-06,2026-08-03,0,North,1,45,33.0,0.0,3,1,1,0,0.85,0.03
10215,5108,2026-08-07,2026-08-03,0,South,1,45,38.0,0.0,4,1,1,0,0.85,0.03
10216,5108,2026-08-08,2026-08-03,1,West,1,45,43.0,0.0,5,1,1,0,0.85,0.03
10217,5109,2026-08-09,2026-08-03,1,Central,1,45,34.0,0.0,3,1,1,0,0.85,0.03
10218,5109,2026-08-03,2026-08-03,0,North,1,45,39.0,0.0,4,1,1,0,0.85,0.03
10219,5110,2026-08-04,2026-08-03,0,South,1,45,44.0,0.0,5,1,1,0,0.85,0.03
10220,5110,2026-08-05,2026-08-03,0,West,1,45,35.0,0.0,3,1,1,0,0.85,0.03
10221,5111,2026-08-06,2026-08-03,0,Central,1,45,40.0,0.0,4,1,1,0,0.85,0.03
10222,5111,2026-08-07,2026-08-03,0,North,1,45,45.0,0.0,5,1,1,0,0.85,0.03
10223,5112,2026-08-08,2026-08-03,1,South,1,45,36.0,0.0,3,1,1,0,0.85,0.03
10224,5112,2026-08-09,2026-08-03,1,West,1,45,41.0,0.0,4,1,1,0,0.85,0.03
10225,5113,2026-08-03,2026-08-03,0,Central,1,45,32.0,0.0,5,1,1,0,0.85,0.03
10226,5113,2026-08-04,2026-08-03,0,North,1,45,37.0,0.0,3,1,1,0,0.85,0.03
10227,5114,2026-08-05,2026-08-03,0,South,1,45,42.0,0.0,4,1,1,0,0.85,0.03
10228,5114,2026-08-06,2026-08-03,0,West,1,45,33.0,0.0,5,1,1,0,0.85,0.03
10229,5115,2026-08-07,2026-08-03,0,Central,1,45,38.0,0.0,3,1,1,0,0.85,0.03
10230,5115,2026-08-08,2026-08-03,1,North,1,45,43.0,0.0,4,1,1,0,0.85,0.03
10231,5116,2026-08-09,2026-08-03,1,South,1,45,34.0,0.0,5,1,1,0,0.85,0.03
10232,5116,2026-08-03,2026-08-03,0,West,1,45,39.0,0.0,3,1,1,0,0.85,0.03
10233,5117,2026-08-04,2026-08-03,0,Central,1,45,44.0,0.0,4,1,1,0,0.85,0.03
10234,5117,2026-08-05,2026-08-03,0,North,1,45,35.0,0.0,5,1,1,0,0.85,0.03
10235,5118,2026-08-06,2026-08-03,0,South,1,45,40.0,0.0,3,1,1,0,0.85,0.03
10236,5118,2026-08-07,2026-08-03,0,West,1,45,45.0,0.0,4,1,1,0,0.85,0.03
10237,5119,2026-08-08,2026-08-03,1,Central,1,45,36.0,0.0,5,1,1,0,0.85,0.03
10238,5119,2026-08-09,2026-08-03,1,North,1,45,41.0,0.0,3,1,1,0,0.85,0.03
10239,5120,2026-08-03,2026-08-03,0,South,1,45,32.0,0.0,4,1,1,0,0.85,0.03
10240,5120,2026-08-04,2026-08-03,0,West,1,45,37.0,0.0,5,1,1,0,0.85,0.03
10241,5121,2026-08-05,2026-08-03,0,Central,1,45,42.0,0.0,3,1,1,0,0.85,0.03
10242,5121,2026-08-06,2026-08-03,0,North,1,45,33.0,0.0,4,1,1,0,0.85,0.03
10243,5122,2026-08-07,2026-08-03,0,South,1,45,38.0,0.0,5,1,1,0,0.85,0.03
10244,5122,2026-08-08,2026-08-03,1,West,1,45,43.0,0.0,3,1,1,0,0.85,0.03
10245,5123,2026-08-09,2026-08-03,1,Central,1,45,34.0,0.0,4,1,1,0,0.85,0.03
10246,5123,2026-08-03,2026-08-03,0,North,1,45,39.0,0.0,5,1,1,0,0.85,0.03
10247,5124,2026-08-04,2026-08-03,0,South,1,45,44.0,0.0,3,1,1,0,0.85,0.03
10248,5124,2026-08-05,2026-08-03,0,West,1,45,35.0,0.0,4,1,1,0,0.85,0.03
10249,5125,2026-08-06,2026-08-03,0,Central,1,45,40.0,0.0,5,1,1,0,0.85,0.03
10250,5125,2026-08-07,2026-08-03,0,North,1,45,45.0,0.0,3,1,1,0,0.85,0.03
10251,5126,2026-08-08,2026-08-03,1,South,1,45,36.0,0.0,4,1,1,0,0.85,0.03
10252,5126,2026-08-09,2026-08-03,1,West,1,45,41.0,0.0,5,1,1,0,0.85,0.03
10253,5127,2026-08-03,2026-08-03,0,Central,1,45,32.0,0.0,3,1,1,0,0.85,0.03
10254,5127,2026-08-04,2026-08-03,0,North,1,45,37.0,0.0,4,1,1,0,0.85,0.03
10255,5128,2026-08-05,2026-08-03,0,South,1,45,42.0,0.0,5,1,1,0,0.85,0.03
10256,5128,2026-08-06,2026-08-03,0,West,1,45,33.0,0.0,3,1,1,0,0.85,0.03
10257,5129,2026-08-07,2026-08-03,0,Central,1,45,38.0,0.0,4,1,1,0,0.85,0.03
10258,5129,2026-08-08,2026-08-03,1,North,1,45,43.0,0.0,5,1,1,0,0.85,0.03
10259,5130,2026-08-09,2026-08-03,1,South,1,45,34.0,0.0,3,1,1,0,0.85,0.03
10260,5130,2026-08-03,2026-08-03,0,West,1,45,39.0,0.0,4,1,1,0,0.85,0.03
10261,5131,2026-08-04,2026-08-03,0,Central,1,45,44.0,0.0,5,1,1,0,0.85,0.03
10262,5131,2026-08-05,2026-08-03,0,North,1,45,35.0,0.0,3,1,1,0,0.85,0.03
10263,5132,2026-08-06,2026-08-03,0,South,1,45,40.0,0.0,4,1,1,0,0.85,0.03
10264,5132,2026-08-07,2026-08-03,0,West,1,45,45.0,0.0,5,1,1,0,0.85,0.03
10265,5133,2026-08-08,2026-08-03,1,Central,1,45,36.0,0.0,3,1,1,0,0.85,0.03
10266,5133,2026-08-09,2026-08-03,1,North,1,45,41.0,0.0,4,1,1,0,0.85,0.03
10267,5134,2026-08-03,2026-08-03,0,South,1,45,32.0,0.0,5,1,1,0,0.85,0.03
10268,5134,2026-08-04,2026-08-03,0,West,1,45,37.0,0.0,3,1,1,0,0.85,0.03
10269,5135,2026-08-05,2026-08-03,0,Central,1,45,42.0,0.0,4,1,1,0,0.85,0.03
10270,5135,2026-08-06,2026-08-03,0,North,1,45,33.0,0.0,5,1,1,0,0.85,0.03
10271,5136,2026-08-07,2026-08-03,0,South,1,45,38.0,0.0,3,1,1,0,0.85,0.03
10272,5136,2026-08-08,2026-08-03,1,West,1,45,43.0,0.0,4,1,1,0,0.85,0.03
10273,5137,2026-08-09,2026-08-03,1,Central,1,45,34.0,0.0,5,1,1,0,0.85,0.03
10274,5137,2026-08-03,2026-08-03,0,North,1,45,39.0,0.0,3,1,1,0,0.85,0.03
10275,5138,2026-08-04,2026-08-03,0,South,1,45,44.0,0.0,4,1,1,0,0.85,0.03
10276,5138,2026-08-05,2026-08-03,0,West,1,45,35.0,0.0,5,1,1,0,0.85,0.03
10277,5139,2026-08-06,2026-08-03,0,Central,1,45,40.0,0.0,3,1,1,0,0.85,0.03
10278,5139,2026-08-07,2026-08-03,0,North,1,45,45.0,0.0,4,1,1,0,0.85,0.03
10279,5140,2026-08-08,2026-08-03,1,South,1,45,36.0,0.0,5,1,1,0,0.85,0.03
10280,5140,2026-08-09,2026-08-03,1,West,1,45,41.0,0.0,3,1,1,0,0.85,0.03
10281,5141,2026-08-03,2026-08-03,0,Central,1,45,32.0,0.0,4,1,1,0,0.85,0.03
10282,5141,2026-08-04,2026-08-03,0,North,1,45,37.0,0.0,5,1,1,0,0.85,0.03
10283,5142,2026-08-05,2026-08-03,0,South,1,45,42.0,0.0,3,1,1,0,0.85,0.03
10284,5142,2026-08-06,2026-08-03,0,West,1,45,33.0,0.0,4,1,1,0,0.85,0.03
10285,5143,2026-08-07,2026-08-03,0,Central,1,45,38.0,0.0,5,1,1,0,0.85,0.03
10286,5143,2026-08-08,2026-08-03,1,North,1,45,43.0,0.0,3,1,1,0,0.85,0.03
10287,5144,2026-08-09,2026-08-03,1,South,1,45,34.0,0.0,4,1,1,0,0.85,0.03
10288,5144,2026-08-03,2026-08-03,0,West,1,45,39.0,0.0,5,1,1,0,0.85,0.03
10289,5145,2026-08-04,2026-08-03,0,Central,1,45,44.0,0.0,3,1,1,0,0.85,0.03
10290,5145,2026-08-05,2026-08-03,0,North,1,45,35.0,0.0,4,1,1,0,0.85,0.03
10291,5146,2026-08-06,2026-08-03,0,South,1,45,40.0,0.0,5,1,1,0,0.85,0.03
10292,5146,2026-08-07,2026-08-03,0,West,1,45,45.0,0.0,3,1,1,0,0.85,0.03
10293,5147,2026-08-08,2026-08-03,1,Central,1,45,36.0,0.0,4,1,1,0,0.85,0.03
10294,5147,2026-08-09,2026-08-03,1,North,1,45,41.0,0.0,5,1,1,0,0.85,0.03
10295,5148,2026-08-03,2026-08-03,0,South,1,45,32.0,0.0,3,1,1,0,0.85,0.03
10296,5148,2026-08-04,2026-08-03,0,West,1,45,37.0,0.0,4,1,1,0,0.85,0.03
10297,5149,2026-08-05,2026-08-03,0,Central,1,45,42.0,0.0,5,1,1,0,0.85,0.03
10298,5149,2026-08-06,2026-08-03,0,North,1,45,33.0,0.0,3,1,1,0,0.85,0.03
10299,5150,2026-08-07,2026-08-03,0,South,1,45,38.0,0.0,4,1,1,0,0.85,0.03
10300,5150,2026-08-08,2026-08-03,1,West,1,45,43.0,0.0,5,1,1,0,0.85,0.03
10301,5151,2026-08-09,2026-08-03,1,Central,1,45,34.0,0.0,3,1,1,0,0.85,0.03
10302,5151,2026-08-03,2026-08-03,0,North,1,45,39.0,0.0,4,1,1,0,0.85,0.03
10303,5152,2026-08-04,2026-08-03,0,South,1,45,44.0,0.0,5,1,1,0,0.85,0.03
10304,5152,2026-08-05,2026-08-03,0,West,1,45,35.0,0.0,3,1,1,0,0.85,0.03
10305,5153,2026-08-06,2026-08-03,0,Central,1,45,40.0,0.0,4,1,1,0,0.85,0.03
10306,5153,2026-08-07,2026-08-03,0,North,1,45,45.0,0.0,5,1,1,0,0.85,0.03
10307,5154,2026-08-08,2026-08-03,1,South,1,45,36.0,0.0,3,1,1,0,0.85,0.03
10308,5154,2026-08-09,2026-08-03,1,West,1,45,41.0,0.0,4,1,1,0,0.85,0.03
10309,5155,2026-08-03,2026-08-03,0,Central,1,45,32.0,0.0,5,1,1,0,0.85,0.03
10310,5155,2026-08-04,2026-08-03,0,North,1,45,37.0,0.0,3,1,1,0,0.85,0.03
10311,5156,2026-08-05,2026-08-03,0,South,1,45,42.0,0.0,4,1,1,0,0.85,0.03
10312,5156,2026-08-06,2026-08-03,0,West,1,45,33.0,0.0,5,1,1,0,0.85,0.03
10313,5157,2026-08-07,2026-08-03,0,Central,1,45,38.0,0.0,3,1,1,0,0.85,0.03
10314,5157,2026-08-08,2026-08-03,1,North,1,45,43.0,0.0,4,1,1,0,0.85,0.03
10315,5158,2026-08-09,2026-08-03,1,South,1,45,34.0,0.0,5,1,1,0,0.85,0.03
10316,5158,2026-08-03,2026-08-03,0,West,1,45,39.0,0.0,3,1,1,0,0.85,0.03
10317,5159,2026-08-04,2026-08-03,0,Central,1,45,44.0,0.0,4,1,1,0,0.85,0.03
10318,5159,2026-08-05,2026-08-03,0,North,1,45,35.0,0.0,5,1,1,0,0.85,0.03
10319,5160,2026-08-06,2026-08-03,0,South,1,45,40.0,0.0,3,1,1,0,0.85,0.03
10320,5160,2026-08-07,2026-08-03,0,West,1,45,45.0,0.0,4,1,1,0,0.85,0.03
10321,5161,2026-08-08,2026-08-03,1,Central,1,45,36.0,0.0,5,1,1,0,0.85,0.03
10322,5161,2026-08-09,2026-08-03,1,North,1,45,41.0,0.0,3,1,1,0,0.85,0.03
10323,5162,2026-08-03,2026-08-03,0,South,1,45,32.0,0.0,4,1,1,0,0.85,0.03
10324,5162,2026-08-04,2026-08-03,0,West,1,45,37.0,0.0,5,1,1,0,0.85,0.03
10325,5163,2026-08-05,2026-08-03,0,Central,1,45,42.0,0.0,3,1,1,0,0.85,0.03
10326,5163,2026-08-06,2026-08-03,0,North,1,45,33.0,0.0,4,1,1,0,0.85,0.03
10327,5164,2026-08-07,2026-08-03,0,South,1,45,38.0,0.0,5,1,1,0,0.85,0.03
10328,5164,2026-08-08,2026-08-03,1,West,1,45,43.0,0.0,3,1,1,0,0.85,0.03
10329,5165,2026-08-09,2026-08-03,1,Central,1,45,34.0,0.0,4,1,1,0,0.85,0.03
10330,5165,2026-08-03,2026-08-03,0,North,1,45,39.0,0.0,5,1,1,0,0.85,0.03
10331,5166,2026-08-04,2026-08-03,0,South,1,45,44.0,0.0,3,1,1,0,0.85,0.03
10332,5166,2026-08-05,2026-08-03,0,West,1,45,35.0,0.0,4,1,1,0,0.85,0.03
10333,5167,2026-08-06,2026-08-03,0,Central,1,45,40.0,0.0,5,1,1,0,0.85,0.03
10334,5167,2026-08-07,2026-08-03,0,North,1,45,45.0,0.0,3,1,1,0,0.85,0.03
10335,5168,2026-08-08,2026-08-03,1,South,1,45,36.0,0.0,4,1,1,0,0.85,0.03
10336,5168,2026-08-09,2026-08-03,1,West,1,45,41.0,0.0,5,1,1,0,0.85,0.03
10337,5169,2026-08-03,2026-08-03,0,Central,1,45,32.0,0.0,3,1,1,0,0.85,0.03
10338,5169,2026-08-04,2026-08-03,0,North,1,45,37.0,0.0,4,1,1,0,0.85,0.03
10339,5170,2026-08-05,2026-08-03,0,South,1,45,42.0,0.0,5,1,1,0,0.85,0.03
10340,5170,2026-08-06,2026-08-03,0,West,1,45,33.0,0.0,3,1,1,0,0.85,0.03
10341,5171,2026-08-07,2026-08-03,0,Central,1,45,38.0,0.0,4,1,1,0,0.85,0.03
10342,5171,2026-08-08,2026-08-03,1,North,1,45,43.0,0.0,5,1,1,0,0.85,0.03
10343,5172,2026-08-09,2026-08-03,1,South,1,45,34.0,0.0,3,1,1,0,0.85,0.03
10344,5172,2026-08-03,2026-08-03,0,West,1,45,39.0,0.0,4,1,1,0,0.85,0.03
10345,5173,2026-08-04,2026-08-03,0,Central,1,45,44.0,0.0,5,1,1,0,0.85,0.03
10346,5173,2026-08-05,2026-08-03,0,North,1,45,35.0,0.0,3,1,1,0,0.85,0.03
10347,5174,2026-08-06,2026-08-03,0,South,1,45,40.0,0.0,4,1,1,0,0.85,0.03
10348,5174,2026-08-07,2026-08-03,0,West,1,45,45.0,0.0,5,1,1,0,0.85,0.03
10349,5175,2026-08-08,2026-08-03,1,Central,1,45,36.0,0.0,3,1,1,0,0.85,0.03
10350,5175,2026-08-09,2026-08-03,1,North,1,45,41.0,0.0,4,1,1,0,0.85,0.03
10351,5176,2026-08-03,2026-08-03,0,South,1,45,32.0,0.0,5,1,1,0,0.85,0.03
10352,5176,2026-08-04,2026-08-03,0,West,1,45,37.0,0.0,3,1,1,0,0.85,0.03
10353,5177,2026-08-05,2026-08-03,0,Central,1,45,42.0,0.0,4,1,1,0,0.85,0.03
10354,5177,2026-08-06,2026-08-03,0,North,1,45,33.0,0.0,5,1,1,0,0.85,0.03
10355,5178,2026-08-07,2026-08-03,0,South,1,45,38.0,0.0,3,1,1,0,0.85,0.03
10356,5178,2026-08-08,2026-08-03,1,West,1,45,43.0,0.0,4,1,1,0,0.85,0.03
10357,5179,2026-08-09,2026-08-03,1,Central,1,45,34.0,0.0,5,1,1,0,0.85,0.03
10358,5179,2026-08-03,2026-08-03,0,North,1,45,39.0,0.0,3,1,1,0,0.85,0.03
10359,5180,2026-08-04,2026-08-03,0,South,1,45,44.0,0.0,4,1,1,0,0.85,0.03
10360,5180,2026-08-05,2026-08-03,0,West,1,45,35.0,0.0,5,1,1,0,0.85,0.03
10361,5181,2026-08-06,2026-08-03,0,Central,1,45,40.0,0.0,3,1,1,0,0.85,0.03
10362,5181,2026-08-07,2026-08-03,0,North,1,45,45.0,0.0,4,1,1,0,0.85,0.03
10363,5182,2026-08-08,2026-08-03,1,South,1,45,36.0,0.0,5,1,1,0,0.85,0.03
10364,5182,2026-08-09,2026-08-03,1,West,1,45,41.0,0.0,3,1,1,0,0.85,0.03
10365,5183,2026-08-03,2026-08-03,0,Central,1,45,32.0,0.0,4,1,1,0,0.85,0.03
10366,5183,2026-08-04,2026-08-03,0,North,1,45,37.0,0.0,5,1,1,0,0.85,0.03
10367,5184,2026-08-05,2026-08-03,0,South,1,45,42.0,0.0,3,1,1,0,0.85,0.03
10368,5184,2026-08-06,2026-08-03,0,West,1,45,33.0,0.0,4,1,1,0,0.85,0.03
10369,5185,2026-08-07,2026-08-03,0,Central,1,45,38.0,0.0,5,1,1,0,0.85,0.03
10370,5185,2026-08-08,2026-08-03,1,North,1,45,43.0,0.0,3,1,1,0,0.85,0.03
10371,5186,2026-08-09,2026-08-03,1,South,1,45,34.0,0.0,4,1,1,0,0.85,0.03
10372,5186,2026-08-03,2026-08-03,0,West,1,45,39.0,0.0,5,1,1,0,0.85,0.03
10373,5187,2026-08-04,2026-08-03,0,Central,1,45,44.0,0.0,3,1,1,0,0.85,0.03
10374,5187,2026-08-05,2026-08-03,0,North,1,45,35.0,0.0,4,1,1,0,0.85,0.03
10375,5188,2026-08-06,2026-08-03,0,South,1,45,40.0,0.0,5,1,1,0,0.85,0.03
10376,5188,2026-08-07,2026-08-03,0,West,1,45,45.0,0.0,3,1,1,0,0.85,0.03
10377,5189,2026-08-08,2026-08-03,1,Central,1,45,36.0,0.0,4,1,1,0,0.85,0.03
10378,5189,2026-08-09,2026-08-03,1,North,1,45,41.0,0.0,5,1,1,0,0.85,0.03
10379,5190,2026-08-03,2026-08-03,0,South,1,45,32.0,0.0,3,1,1,0,0.85,0.03
10380,5190,2026-08-04,2026-08-03,0,West,1,45,37.0,0.0,4,1,1,0,0.85,0.03
10381,5191,2026-08-05,2026-08-03,0,Central,1,45,42.0,0.0,5,1,1,0,0.85,0.03
10382,5191,2026-08-06,2026-08-03,0,North,1,45,33.0,0.0,3,1,1,0,0.85,0.03
10383,5192,2026-08-07,2026-08-03,0,South,1,45,38.0,0.0,4,1,1,0,0.85,0.03
10384,5192,2026-08-08,2026-08-03,1,West,1,45,43.0,0.0,5,1,1,0,0.85,0.03
10385,5193,2026-08-09,2026-08-03,1,Central,1,45,34.0,0.0,3,1,1,0,0.85,0.03
10386,5193,2026-08-03,2026-08-03,0,North,1,45,39.0,0.0,4,1,1,0,0.85,0.03
10387,5194,2026-08-04,2026-08-03,0,South,1,45,44.0,0.0,5,1,1,0,0.85,0.03
10388,5194,2026-08-05,2026-08-03,0,West,1,45,35.0,0.0,3,1,1,0,0.85,0.03
10389,5195,2026-08-06,2026-08-03,0,Central,1,45,40.0,0.0,4,1,1,0,0.85,0.03
10390,5195,2026-08-07,2026-08-03,0,North,1,45,45.0,0.0,5,1,1,0,0.85,0.03
10391,5196,2026-08-08,2026-08-03,1,South,1,45,36.0,0.0,3,1,1,0,0.85,0.03
10392,5196,2026-08-09,2026-08-03,1,West,1,45,41.0,0.0,4,1,1,0,0.85,0.03
10393,5197,2026-08-03,2026-08-03,0,Central,1,45,32.0,0.0,5,1,1,0,0.85,0.03
10394,5197,2026-08-04,2026-08-03,0,North,1,45,37.0,0.0,3,1,1,0,0.85,0.03
10395,5198,2026-08-05,2026-08-03,0,South,1,45,42.0,0.0,4,1,1,0,0.85,0.03
10396,5198,2026-08-06,2026-08-03,0,West,1,45,33.0,0.0,5,1,1,0,0.85,0.03
10397,5199,2026-08-07,2026-08-03,0,Central,1,45,38.0,0.0,3,1,1,0,0.85,0.03
10398,5199,2026-08-08,2026-08-03,1,North,1,45,43.0,0.0,4,1,1,0,0.85,0.03
10399,5200,2026-08-09,2026-08-03,1,South,1,45,34.0,0.0,5,1,1,0,0.85,0.03
10400,5200,2026-08-03,2026-08-03,0,West,1,45,39.0,0.0,3,1,1,0,0.85,0.03
10401,5201,2026-08-04,2026-08-03,0,Central,1,45,44.0,0.0,4,1,1,0,0.85,0.03
10402,5201,2026-08-05,2026-08-03,0,North,1,45,35.0,0.0,5,1,1,0,0.85,0.03
10403,5202,2026-08-06,2026-08-03,0,South,1,45,40.0,0.0,3,1,1,0,0.85,0.03
10404,5202,2026-08-07,2026-08-03,0,West,1,45,45.0,0.0,4,1,1,0,0.85,0.03
10405,5203,2026-08-08,2026-08-03,1,Central,1,45,36.0,0.0,5,1,1,0,0.85,0.03
10406,5203,2026-08-09,2026-08-03,1,North,1,45,41.0,0.0,3,1,1,0,0.85,0.03
10407,5204,2026-08-03,2026-08-03,0,South,1,45,32.0,0.0,4,1,1,0,0.85,0.03
10408,5204,2026-08-04,2026-08-03,0,West,1,45,37.0,0.0,5,1,1,0,0.85,0.03
10409,5205,2026-08-05,2026-08-03,0,Central,1,45,42.0,0.0,3,1,1,0,0.85,0.03
10410,5205,2026-08-06,2026-08-03,0,North,1,45,33.0,0.0,4,1,1,0,0.85,0.03
10411,5206,2026-08-07,2026-08-03,0,South,1,45,38.0,0.0,5,1,1,0,0.85,0.03
10412,5206,2026-08-08,2026-08-03,1,West,1,45,43.0,0.0,3,1,1,0,0.85,0.03
10413,5207,2026-08-09,2026-08-03,1,Central,1,45,34.0,0.0,4,1,1,0,0.85,0.03
10414,5207,2026-08-03,2026-08-03,0,North,1,45,39.0,0.0,5,1,1,0,0.85,0.03
10415,5208,2026-08-04,2026-08-03,0,South,1,45,44.0,0.0,3,1,1,0,0.85,0.03
10416,5208,2026-08-05,2026-08-03,0,West,1,45,35.0,0.0,4,1,1,0,0.85,0.03
10417,5209,2026-08-06,2026-08-03,0,Central,1,45,40.0,0.0,5,1,1,0,0.85,0.03
10418,5209,2026-08-07,2026-08-03,0,North,1,45,45.0,0.0,3,1,1,0,0.85,0.03
10419,5210,2026-08-08,2026-08-03,1,South,1,45,36.0,0.0,4,1,1,0,0.85,0.03
10420,5210,2026-08-09,2026-08-03,1,West,1,45,41.0,0.0,5,1,1,0,0.85,0.03
10421,5211,2026-08-03,2026-08-03,0,Central,1,45,32.0,0.0,3,1,1,0,0.85,0.03
10422,5211,2026-08-04,2026-08-03,0,North,1,45,37.0,0.0,4,1,1,0,0.85,0.03
10423,5212,2026-08-05,2026-08-03,0,South,1,45,42.0,0.0,5,1,1,0,0.85,0.03
10424,5212,2026-08-06,2026-08-03,0,West,1,45,33.0,0.0,3,1,1,0,0.85,0.03
10425,5213,2026-08-07,2026-08-03,0,Central,1,45,38.0,0.0,4,1,1,0,0.85,0.03
10426,5213,2026-08-08,2026-08-03,1,North,1,45,43.0,0.0,5,1,1,0,0.85,0.03
10427,5214,2026-08-09,2026-08-03,1,South,1,45,34.0,0.0,3,1,1,0,0.85,0.03
10428,5214,2026-08-03,2026-08-03,0,West,1,45,39.0,0.0,4,1,1,0,0.85,0.03
10429,5215,2026-08-04,2026-08-03,0,Central,1,45,44.0,0.0,5,1,1,0,0.85,0.03
10430,5215,2026-08-05,2026-08-03,0,North,1,45,35.0,0.0,3,1,1,0,0.85,0.03
10431,5216,2026-08-06,2026-08-03,0,South,1,45,40.0,0.0,4,1,1,0,0.85,0.03
10432,5216,2026-08-07,2026-08-03,0,West,1,45,45.0,0.0,5,1,1,0,0.85,0.03
10433,5217,2026-08-08,2026-08-03,1,Central,1,45,36.0,0.0,3,1,1,0,0.85,0.03
10434,5217,2026-08-09,2026-08-03,1,North,1,45,41.0,0.0,4,1,1,0,0.85,0.03
10435,5218,2026-08-03,2026-08-03,0,South,1,45,32.0,0.0,5,1,1,0,0.85,0.03
10436,5218,2026-08-04,2026-08-03,0,West,1,45,37.0,0.0,3,1,1,0,0.85,0.03
10437,5219,2026-08-05,2026-08-03,0,Central,1,45,42.0,0.0,4,1,1,0,0.85,0.03
10438,5219,2026-08-06,2026-08-03,0,North,1,45,33.0,0.0,5,1,1,0,0.85,0.03
10439,5220,2026-08-07,2026-08-03,0,South,1,45,38.0,0.0,3,1,1,0,0.85,0.03
10440,5220,2026-08-08,2026-08-03,1,West,1,45,43.0,0.0,4,1,1,0,0.85,0.03
10441,5221,2026-08-09,2026-08-03,1,Central,1,45,34.0,0.0,5,1,1,0,0.85,0.03
10442,5221,2026-08-03,2026-08-03,0,North,1,45,39.0,0.0,3,1,1,0,0.85,0.03
10443,5222,2026-08-04,2026-08-03,0,South,1,45,44.0,0.0,4,1,1,0,0.85,0.03
10444,5222,2026-08-05,2026-08-03,0,West,1,45,35.0,0.0,5,1,1,0,0.85,0.03
10445,5223,2026-08-06,2026-08-03,0,Central,1,45,40.0,0.0,3,1,1,0,0.85,0.03
10446,5223,2026-08-07,2026-08-03,0,North,1,45,45.0,0.0,4,1,1,0,0.85,0.03
10447,5224,2026-08-08,2026-08-03,1,South,1,45,36.0,0.0,5,1,1,0,0.85,0.03
10448,5224,2026-08-09,2026-08-03,1,West,1,45,41.0,0.0,3,1,1,0,0.85,0.03
10449,5225,2026-08-03,2026-08-03,0,Central,1,45,32.0,0.0,4,1,1,0,0.85,0.03
10450,5225,2026-08-04,2026-08-03,0,North,1,45,37.0,0.0,5,1,1,0,0.85,0.03
10451,5226,2026-08-05,2026-08-03,0,South,1,45,42.0,0.0,3,1,1,0,0.85,0.03
10452,5226,2026-08-06,2026-08-03,0,West,1,45,33.0,0.0,4,1,1,0,0.85,0.03
10453,5227,2026-08-07,2026-08-03,0,Central,1,45,38.0,0.0,5,1,1,0,0.85,0.03
10454,5227,2026-08-08,2026-08-03,1,North,1,45,43.0,0.0,3,1,1,0,0.85,0.03
10455,5228,2026-08-09,2026-08-03,1,South,1,45,34.0,0.0,4,1,1,0,0.85,0.03
10456,5228,2026-08-03,2026-08-03,0,West,1,45,39.0,0.0,5,1,1,0,0.85,0.03
10457,5229,2026-08-04,2026-08-03,0,Central,1,45,44.0,0.0,3,1,1,0,0.85,0.03
10458,5229,2026-08-05,2026-08-03,0,North,1,45,35.0,0.0,4,1,1,0,0.85,0.03
10459,5230,2026-08-06,2026-08-03,0,South,1,45,40.0,0.0,5,1,1,0,0.85,0.03
10460,5230,2026-08-07,2026-08-03,0,West,1,45,45.0,0.0,3,1,1,0,0.85,0.03
10461,5231,2026-08-08,2026-08-03,1,Central,1,45,36.0,0.0,4,1,1,0,0.85,0.03
10462,5231,2026-08-09,2026-08-03,1,North,1,45,41.0,0.0,5,1,1,0,0.85,0.03
10463,5232,2026-08-03,2026-08-03,0,South,1,45,32.0,0.0,3,1,1,0,0.85,0.03
10464,5232,2026-08-04,2026-08-03,0,West,1,45,37.0,0.0,4,1,1,0,0.85,0.03
10465,5233,2026-08-05,2026-08-03,0,Central,1,45,42.0,0.0,5,1,1,0,0.85,0.03
10466,5233,2026-08-06,2026-08-03,0,North,1,45,33.0,0.0,3,1,1,0,0.85,0.03
10467,5234,2026-08-07,2026-08-03,0,South,1,45,38.0,0.0,4,1,1,0,0.85,0.03
10468,5234,2026-08-08,2026-08-03,1,West,1,45,43.0,0.0,5,1,1,0,0.85,0.03
10469,5235,2026-08-09,2026-08-03,1,Central,1,45,34.0,0.0,3,1,1,0,0.85,0.03
10470,5235,2026-08-03,2026-08-03,0,North,1,45,39.0,0.0,4,1,1,0,0.85,0.03
10471,5236,2026-08-04,2026-08-03,0,South,1,45,44.0,0.0,5,1,1,0,0.85,0.03
10472,5236,2026-08-05,2026-08-03,0,West,1,45,35.0,0.0,3,1,1,0,0.85,0.03
10473,5237,2026-08-06,2026-08-03,0,Central,1,45,40.0,0.0,4,1,1,0,0.85,0.03
10474,5237,2026-08-07,2026-08-03,0,North,1,45,45.0,0.0,5,1,1,0,0.85,0.03
10475,5238,2026-08-08,2026-08-03,1,South,1,45,36.0,0.0,3,1,1,0,0.85,0.03
10476,5238,2026-08-09,2026-08-03,1,West,1,45,41.0,0.0,4,1,1,0,0.85,0.03
10477,5239,2026-08-03,2026-08-03,0,Central,1,45,32.0,0.0,5,1,1,0,0.85,0.03
10478,5239,2026-08-04,2026-08-03,0,North,1,45,37.0,0.0,3,1,1,0,0.85,0.03
10479,5240,2026-08-05,2026-08-03,0,South,1,45,42.0,0.0,4,1,1,0,0.85,0.03
10480,5240,2026-08-06,2026-08-03,0,West,1,45,33.0,0.0,5,1,1,0,0.85,0.03
10481,5241,2026-08-07,2026-08-03,0,Central,1,45,38.0,0.0,3,1,1,0,0.85,0.03
10482,5241,2026-08-08,2026-08-03,1,North,3,45,54.0,9.0,2,1,0,0,0.85,0.03
10483,5242,2026-08-09,2026-08-03,1,South,1,45,34.0,0.0,5,1,1,0,0.85,0.03
10484,5242,2026-08-03,2026-08-03,0,West,1,45,39.0,0.0,3,1,1,0,0.85,0.03
10485,5243,2026-08-04,2026-08-03,0,Central,1,45,44.0,0.0,4,1,1,0,0.85,0.03
10486,5243,2026-08-05,2026-08-03,0,North,1,45,35.0,0.0,5,1,1,0,0.85,0.03
10487,5244,2026-08-06,2026-08-03,0,South,1,45,40.0,0.0,3,1,1,0,0.85,0.03
10488,5244,2026-08-07,2026-08-03,0,West,1,45,45.0,0.0,4,1,1,0,0.85,0.03
10489,5245,2026-08-08,2026-08-03,1,Central,1,45,36.0,0.0,5,1,1,0,0.85,0.03
10490,5245,2026-08-09,2026-08-03,1,North,1,45,41.0,0.0,3,1,1,0,0.85,0.03
10491,5246,2026-08-03,2026-08-03,0,South,1,45,32.0,0.0,4,1,1,0,0.85,0.03
10492,5246,2026-08-04,2026-08-03,0,West,1,45,37.0,0.0,5,1,1,0,0.85,0.03
10493,5247,2026-08-05,2026-08-03,0,Central,1,45,42.0,0.0,3,1,1,0,0.85,0.03
10494,5247,2026-08-06,2026-08-03,0,North,1,45,33.0,0.0,4,1,1,0,0.85,0.03
10495,5248,2026-08-07,2026-08-03,0,South,1,45,38.0,0.0,5,1,1,0,0.85,0.03
10496,5248,2026-08-08,2026-08-03,1,West,1,45,43.0,0.0,3,1,1,0,0.85,0.03
10497,5249,2026-08-09,2026-08-03,1,Central,1,45,34.0,0.0,4,1,1,0,0.85,0.03
10498,5249,2026-08-03,2026-08-03,0,North,1,45,39.0,0.0,5,1,1,0,0.85,0.03
10499,5250,2026-08-04,2026-08-03,0,South,1,45,44.0,0.0,3,1,1,0,0.85,0.03
10500,5250,2026-08-05,2026-08-03,0,West,1,45,35.0,0.0,4,1,1,0,0.85,0.03
10501,5251,2026-08-10,2026-08-10,0,Central,3,45,51.0,6.0,1,1,0,1,0.85,0.03
10502,5251,2026-08-11,2026-08-10,0,North,3,45,58.0,13.0,1,1,0,1,0.85,0.03
10503,5252,2026-08-12,2026-08-10,0,South,3,45,65.0,20.0,1,1,0,1,0.85,0.03
10504,5252,2026-08-13,2026-08-10,0,West,3,45,54.0,9.0,1,1,0,1,0.85,0.03
10505,5253,2026-08-14,2026-08-10,0,Central,3,45,61.0,16.0,1,1,0,1,0.85,0.03
10506,5253,2026-08-15,2026-08-10,1,North,3,45,50.0,5.0,1,1,0,1,0.85,0.03
10507,5254,2026-08-16,2026-08-10,1,South,3,45,57.0,12.0,1,1,0,1,0.85,0.03
10508,5254,2026-08-10,2026-08-10,0,West,3,45,64.0,19.0,1,1,0,1,0.85,0.03
10509,5255,2026-08-11,2026-08-10,0,Central,3,45,53.0,8.0,1,1,0,1,0.85,0.03
10510,5255,2026-08-12,2026-08-10,0,North,3,45,60.0,15.0,1,1,0,1,0.85,0.03
10511,5256,2026-08-13,2026-08-10,0,South,3,45,49.0,4.0,1,1,0,1,0.85,0.03
10512,5256,2026-08-14,2026-08-10,0,West,3,45,56.0,11.0,2,1,0,0,0.85,0.03
10513,5257,2026-08-15,2026-08-10,1,Central,3,45,63.0,18.0,2,1,0,0,0.85,0.03
10514,5257,2026-08-16,2026-08-10,1,North,3,45,52.0,7.0,2,1,0,0,0.85,0.03
10515,5258,2026-08-10,2026-08-10,0,South,3,45,59.0,14.0,2,1,0,0,0.85,0.03
10516,5258,2026-08-11,2026-08-10,0,West,3,45,48.0,3.0,2,1,0,0,0.85,0.03
10517,5259,2026-08-12,2026-08-10,0,Central,3,45,55.0,10.0,2,1,0,0,0.85,0.03
10518,5259,2026-08-13,2026-08-10,0,North,3,45,62.0,17.0,2,1,0,0,0.85,0.03
10519,5260,2026-08-14,2026-08-10,0,South,3,45,51.0,6.0,2,1,0,0,0.85,0.03
10520,5260,2026-08-15,2026-08-10,1,West,3,45,58.0,13.0,2,1,0,0,0.85,0.03
10521,5261,2026-08-16,2026-08-10,1,Central,3,45,65.0,20.0,2,1,0,0,0.85,0.03
10522,5261,2026-08-10,2026-08-10,0,North,3,45,54.0,9.0,2,1,0,0,0.85,0.03
10523,5262,2026-08-11,2026-08-10,0,South,3,45,61.0,16.0,2,1,0,0,0.85,0.03
10524,5262,2026-08-12,2026-08-10,0,West,3,45,50.0,5.0,2,1,0,0,0.85,0.03
10525,5263,2026-08-13,2026-08-10,0,Central,3,45,57.0,12.0,2,1,0,0,0.85,0.03
10526,5263,2026-08-14,2026-08-10,0,North,3,45,64.0,19.0,2,1,0,0,0.85,0.03
10527,5264,2026-08-15,2026-08-10,1,South,3,45,53.0,8.0,2,1,0,0,0.85,0.03
10528,5264,2026-08-16,2026-08-10,1,West,3,45,60.0,15.0,2,1,0,0,0.85,0.03
10529,5265,2026-08-10,2026-08-10,0,Central,3,45,49.0,4.0,2,1,0,0,0.85,0.03
10530,5265,2026-08-11,2026-08-10,0,North,3,45,56.0,11.0,2,1,0,0,0.85,0.03
10531,5266,2026-08-12,2026-08-10,0,South,1,45,43.0,0.0,3,1,1,0,0.85,0.03
10532,5266,2026-08-13,2026-08-10,0,West,1,45,34.0,0.0,4,1,1,0,0.85,0.03
10533,5267,2026-08-14,2026-08-10,0,Central,1,45,39.0,0.0,5,1,1,0,0.85,0.03
10534,5267,2026-08-15,2026-08-10,1,North,3,45,63.0,18.0,2,1,0,0,0.85,0.03
10535,5268,2026-08-16,2026-08-10,1,South,3,45,52.0,7.0,2,1,0,0,0.85,0.03
10536,5268,2026-08-10,2026-08-10,0,West,1,45,40.0,0.0,5,1,1,0,0.85,0.03
10537,5269,2026-08-11,2026-08-10,0,Central,1,45,45.0,0.0,3,1,1,0,0.85,0.03
10538,5269,2026-08-12,2026-08-10,0,North,1,45,36.0,0.0,4,1,1,0,0.85,0.03
10539,5270,2026-08-13,2026-08-10,0,South,1,45,41.0,0.0,5,1,1,0,0.85,0.03
10540,5270,2026-08-14,2026-08-10,0,West,1,45,32.0,0.0,3,1,1,0,0.85,0.03
10541,5271,2026-08-15,2026-08-10,1,Central,3,45,59.0,14.0,2,1,0,0,0.85,0.03
10542,5271,2026-08-16,2026-08-10,1,North,3,45,48.0,3.0,2,1,0,0,0.85,0.03
10543,5272,2026-08-10,2026-08-10,0,South,1,45,33.0,0.0,3,1,1,0,0.85,0.03
10544,5272,2026-08-11,2026-08-10,0,West,1,45,38.0,0.0,4,1,1,0,0.85,0.03
10545,5273,2026-08-12,2026-08-10,0,Central,1,45,43.0,0.0,5,1,1,0,0.85,0.03
10546,5273,2026-08-13,2026-08-10,0,North,1,45,34.0,0.0,3,1,1,0,0.85,0.03
10547,5274,2026-08-14,2026-08-10,0,South,1,45,39.0,0.0,4,1,1,0,0.85,0.03
10548,5274,2026-08-15,2026-08-10,1,West,3,45,55.0,10.0,2,1,0,0,0.85,0.03
10549,5275,2026-08-16,2026-08-10,1,Central,3,45,62.0,17.0,2,1,0,0,0.85,0.03
10550,5275,2026-08-10,2026-08-10,0,North,1,45,40.0,0.0,4,1,1,0,0.85,0.03
10551,5276,2026-08-11,2026-08-10,0,South,1,45,45.0,0.0,5,1,1,0,0.85,0.03
10552,5276,2026-08-12,2026-08-10,0,West,1,45,36.0,0.0,3,1,1,0,0.85,0.03
10553,5277,2026-08-13,2026-08-10,0,Central,1,45,41.0,0.0,4,1,1,0,0.85,0.03
10554,5277,2026-08-14,2026-08-10,0,North,1,45,32.0,0.0,5,1,1,0,0.85,0.03
10555,5278,2026-08-15,2026-08-10,1,South,3,45,51.0,6.0,2,1,0,0,0.85,0.03
10556,5278,2026-08-16,2026-08-10,1,West,3,45,58.0,13.0,2,1,0,0,0.85,0.03
10557,5279,2026-08-10,2026-08-10,0,Central,1,45,33.0,0.0,5,1,1,0,0.85,0.03
10558,5279,2026-08-11,2026-08-10,0,North,1,45,38.0,0.0,3,1,1,0,0.85,0.03
10559,5280,2026-08-12,2026-08-10,0,South,1,45,43.0,0.0,4,1,1,0,0.85,0.03
10560,5280,2026-08-13,2026-08-10,0,West,1,45,34.0,0.0,5,1,1,0,0.85,0.03
10561,5281,2026-08-14,2026-08-10,0,Central,1,45,39.0,0.0,3,1,1,0,0.85,0.03
10562,5281,2026-08-15,2026-08-10,1,North,3,45,65.0,20.0,2,1,0,0,0.85,0.03
10563,5282,2026-08-16,2026-08-10,1,South,3,45,54.0,9.0,2,1,0,0,0.85,0.03
10564,5282,2026-08-10,2026-08-10,0,West,1,45,40.0,0.0,3,1,1,0,0.85,0.03
10565,5283,2026-08-11,2026-08-10,0,Central,1,45,45.0,0.0,4,1,1,0,0.85,0.03
10566,5283,2026-08-12,2026-08-10,0,North,1,45,36.0,0.0,5,1,1,0,0.85,0.03
10567,5284,2026-08-13,2026-08-10,0,South,1,45,41.0,0.0,3,1,1,0,0.85,0.03
10568,5284,2026-08-14,2026-08-10,0,West,1,45,32.0,0.0,4,1,1,0,0.85,0.03
10569,5285,2026-08-15,2026-08-10,1,Central,3,45,61.0,16.0,2,1,0,0,0.85,0.03
10570,5285,2026-08-16,2026-08-10,1,North,3,45,50.0,5.0,2,1,0,0,0.85,0.03
10571,5286,2026-08-10,2026-08-10,0,South,1,45,33.0,0.0,4,1,1,0,0.85,0.03
10572,5286,2026-08-11,2026-08-10,0,West,1,45,38.0,0.0,5,1,1,0,0.85,0.03
10573,5287,2026-08-12,2026-08-10,0,Central,1,45,43.0,0.0,3,1,1,0,0.85,0.03
10574,5287,2026-08-13,2026-08-10,0,North,1,45,34.0,0.0,4,1,1,0,0.85,0.03
10575,5288,2026-08-14,2026-08-10,0,South,1,45,39.0,0.0,5,1,1,0,0.85,0.03
10576,5288,2026-08-15,2026-08-10,1,West,3,45,57.0,12.0,2,1,0,0,0.85,0.03
10577,5289,2026-08-16,2026-08-10,1,Central,3,45,64.0,19.0,2,1,0,0,0.85,0.03
10578,5289,2026-08-10,2026-08-10,0,North,1,45,40.0,0.0,5,1,1,0,0.85,0.03
10579,5290,2026-08-11,2026-08-10,0,South,1,45,45.0,0.0,3,1,1,0,0.85,0.03
10580,5290,2026-08-12,2026-08-10,0,West,1,45,36.0,0.0,4,1,1,0,0.85,0.03
10581,5291,2026-08-13,2026-08-10,0,Central,1,45,41.0,0.0,5,1,1,0,0.85,0.03
10582,5291,2026-08-14,2026-08-10,0,North,1,45,32.0,0.0,3,1,1,0,0.85,0.03
10583,5292,2026-08-15,2026-08-10,1,South,3,45,53.0,8.0,2,1,0,0,0.85,0.03
10584,5292,2026-08-16,2026-08-10,1,West,3,45,60.0,15.0,2,1,0,0,0.85,0.03
10585,5293,2026-08-10,2026-08-10,0,Central,1,45,33.0,0.0,3,1,1,0,0.85,0.03
10586,5293,2026-08-11,2026-08-10,0,North,1,45,38.0,0.0,4,1,1,0,0.85,0.03
10587,5294,2026-08-12,2026-08-10,0,South,1,45,43.0,0.0,5,1,1,0,0.85,0.03
10588,5294,2026-08-13,2026-08-10,0,West,1,45,34.0,0.0,3,1,1,0,0.85,0.03
10589,5295,2026-08-14,2026-08-10,0,Central,1,45,39.0,0.0,4,1,1,0,0.85,0.03
10590,5295,2026-08-15,2026-08-10,1,North,3,45,49.0,4.0,2,1,0,0,0.85,0.03
10591,5296,2026-08-16,2026-08-10,1,South,3,45,56.0,11.0,2,1,0,0,0.85,0.03
10592,5296,2026-08-10,2026-08-10,0,West,1,45,40.0,0.0,4,1,1,0,0.85,0.03
10593,5297,2026-08-11,2026-08-10,0,Central,1,45,45.0,0.0,5,1,1,0,0.85,0.03
10594,5297,2026-08-12,2026-08-10,0,North,1,45,36.0,0.0,3,1,1,0,0.85,0.03
10595,5298,2026-08-13,2026-08-10,0,South,1,45,41.0,0.0,4,1,1,0,0.85,0.03
10596,5298,2026-08-14,2026-08-10,0,West,1,45,32.0,0.0,5,1,1,0,0.85,0.03
10597,5299,2026-08-15,2026-08-10,1,Central,3,45,63.0,18.0,2,1,0,0,0.85,0.03
10598,5299,2026-08-16,2026-08-10,1,North,3,45,52.0,7.0,2,1,0,0,0.85,0.03
10599,5300,2026-08-10,2026-08-10,0,South,1,45,33.0,0.0,5,1,1,0,0.85,0.03
10600,5300,2026-08-11,2026-08-10,0,West,1,45,38.0,0.0,3,1,1,0,0.85,0.03
10601,5301,2026-08-12,2026-08-10,0,Central,1,45,43.0,0.0,4,1,1,0,0.85,0.03
10602,5301,2026-08-13,2026-08-10,0,North,1,45,34.0,0.0,5,1,1,0,0.85,0.03
10603,5302,2026-08-14,2026-08-10,0,South,1,45,39.0,0.0,3,1,1,0,0.85,0.03
10604,5302,2026-08-15,2026-08-10,1,West,3,45,59.0,14.0,2,1,0,0,0.85,0.03
10605,5303,2026-08-16,2026-08-10,1,Central,3,45,48.0,3.0,2,1,0,0,0.85,0.03
10606,5303,2026-08-10,2026-08-10,0,North,1,45,40.0,0.0,3,1,1,0,0.85,0.03
10607,5304,2026-08-11,2026-08-10,0,South,1,45,45.0,0.0,4,1,1,0,0.85,0.03
10608,5304,2026-08-12,2026-08-10,0,West,1,45,36.0,0.0,5,1,1,0,0.85,0.03
10609,5305,2026-08-13,2026-08-10,0,Central,1,45,41.0,0.0,3,1,1,0,0.85,0.03
10610,5305,2026-08-14,2026-08-10,0,North,1,45,32.0,0.0,4,1,1,0,0.85,0.03
10611,5306,2026-08-15,2026-08-10,1,South,3,45,55.0,10.0,2,1,0,0,0.85,0.03
10612,5306,2026-08-16,2026-08-10,1,West,3,45,62.0,17.0,2,1,0,0,0.85,0.03
10613,5307,2026-08-10,2026-08-10,0,Central,1,45,33.0,0.0,4,1,1,0,0.85,0.03
10614,5307,2026-08-11,2026-08-10,0,North,1,45,38.0,0.0,5,1,1,0,0.85,0.03
10615,5308,2026-08-12,2026-08-10,0,South,1,45,43.0,0.0,3,1,1,0,0.85,0.03
10616,5308,2026-08-13,2026-08-10,0,West,1,45,34.0,0.0,4,1,1,0,0.85,0.03
10617,5309,2026-08-14,2026-08-10,0,Central,1,45,39.0,0.0,5,1,1,0,0.85,0.03
10618,5309,2026-08-15,2026-08-10,1,North,3,45,51.0,6.0,2,1,0,0,0.85,0.03
10619,5310,2026-08-16,2026-08-10,1,South,3,45,58.0,13.0,2,1,0,0,0.85,0.03
10620,5310,2026-08-10,2026-08-10,0,West,1,45,40.0,0.0,5,1,1,0,0.85,0.03
10621,5311,2026-08-11,2026-08-10,0,Central,1,45,45.0,0.0,3,1,1,0,0.85,0.03
10622,5311,2026-08-12,2026-08-10,0,North,1,45,36.0,0.0,4,1,1,0,0.85,0.03
10623,5312,2026-08-13,2026-08-10,0,South,1,45,41.0,0.0,5,1,1,0,0.85,0.03
10624,5312,2026-08-14,2026-08-10,0,West,1,45,32.0,0.0,3,1,1,0,0.85,0.03
10625,5313,2026-08-15,2026-08-10,1,Central,3,45,65.0,20.0,2,1,0,0,0.85,0.03
10626,5313,2026-08-16,2026-08-10,1,North,3,45,54.0,9.0,2,1,0,0,0.85,0.03
10627,5314,2026-08-10,2026-08-10,0,South,1,45,33.0,0.0,3,1,1,0,0.85,0.03
10628,5314,2026-08-11,2026-08-10,0,West,1,45,38.0,0.0,4,1,1,0,0.85,0.03
10629,5315,2026-08-12,2026-08-10,0,Central,1,45,43.0,0.0,5,1,1,0,0.85,0.03
10630,5315,2026-08-13,2026-08-10,0,North,1,45,34.0,0.0,3,1,1,0,0.85,0.03
10631,5316,2026-08-14,2026-08-10,0,South,1,45,39.0,0.0,4,1,1,0,0.85,0.03
10632,5316,2026-08-15,2026-08-10,1,West,3,45,61.0,16.0,2,1,0,0,0.85,0.03
10633,5317,2026-08-16,2026-08-10,1,Central,3,45,50.0,5.0,2,1,0,0,0.85,0.03
10634,5317,2026-08-10,2026-08-10,0,North,1,45,40.0,0.0,4,1,1,0,0.85,0.03
10635,5318,2026-08-11,2026-08-10,0,South,1,45,45.0,0.0,5,1,1,0,0.85,0.03
10636,5318,2026-08-12,2026-08-10,0,West,1,45,36.0,0.0,3,1,1,0,0.85,0.03
10637,5319,2026-08-13,2026-08-10,0,Central,1,45,41.0,0.0,4,1,1,0,0.85,0.03
10638,5319,2026-08-14,2026-08-10,0,North,1,45,32.0,0.0,5,1,1,0,0.85,0.03
10639,5320,2026-08-15,2026-08-10,1,South,3,45,57.0,12.0,2,1,0,0,0.85,0.03
10640,5320,2026-08-16,2026-08-10,1,West,3,45,64.0,19.0,2,1,0,0,0.85,0.03
10641,5321,2026-08-10,2026-08-10,0,Central,1,45,33.0,0.0,5,1,1,0,0.85,0.03
10642,5321,2026-08-11,2026-08-10,0,North,1,45,38.0,0.0,3,1,1,0,0.85,0.03
10643,5322,2026-08-12,2026-08-10,0,South,1,45,43.0,0.0,4,1,1,0,0.85,0.03
10644,5322,2026-08-13,2026-08-10,0,West,1,45,34.0,0.0,5,1,1,0,0.85,0.03
10645,5323,2026-08-14,2026-08-10,0,Central,1,45,39.0,0.0,3,1,1,0,0.85,0.03
10646,5323,2026-08-15,2026-08-10,1,North,1,45,44.0,0.0,4,1,1,0,0.85,0.03
10647,5324,2026-08-16,2026-08-10,1,South,1,45,35.0,0.0,5,1,1,0,0.85,0.03
10648,5324,2026-08-10,2026-08-10,0,West,1,45,40.0,0.0,3,1,1,0,0.85,0.03
10649,5325,2026-08-11,2026-08-10,0,Central,1,45,45.0,0.0,4,1,1,0,0.85,0.03
10650,5325,2026-08-12,2026-08-10,0,North,1,45,36.0,0.0,5,1,1,0,0.85,0.03
10651,5326,2026-08-13,2026-08-10,0,South,1,45,41.0,0.0,3,1,1,0,0.85,0.03
10652,5326,2026-08-14,2026-08-10,0,West,1,45,32.0,0.0,4,1,1,0,0.85,0.03
10653,5327,2026-08-15,2026-08-10,1,Central,1,45,37.0,0.0,5,1,1,0,0.85,0.03
10654,5327,2026-08-16,2026-08-10,1,North,1,45,42.0,0.0,3,1,1,0,0.85,0.03
10655,5328,2026-08-10,2026-08-10,0,South,1,45,33.0,0.0,4,1,1,0,0.85,0.03
10656,5328,2026-08-11,2026-08-10,0,West,1,45,38.0,0.0,5,1,1,0,0.85,0.03
10657,5329,2026-08-12,2026-08-10,0,Central,1,45,43.0,0.0,3,1,1,0,0.85,0.03
10658,5329,2026-08-13,2026-08-10,0,North,1,45,34.0,0.0,4,1,1,0,0.85,0.03
10659,5330,2026-08-14,2026-08-10,0,South,1,45,39.0,0.0,5,1,1,0,0.85,0.03
10660,5330,2026-08-15,2026-08-10,1,West,1,45,44.0,0.0,3,1,1,0,0.85,0.03
10661,5331,2026-08-16,2026-08-10,1,Central,1,45,35.0,0.0,4,1,1,0,0.85,0.03
10662,5331,2026-08-10,2026-08-10,0,North,1,45,40.0,0.0,5,1,1,0,0.85,0.03
10663,5332,2026-08-11,2026-08-10,0,South,1,45,45.0,0.0,3,1,1,0,0.85,0.03
10664,5332,2026-08-12,2026-08-10,0,West,1,45,36.0,0.0,4,1,1,0,0.85,0.03
10665,5333,2026-08-13,2026-08-10,0,Central,1,45,41.0,0.0,5,1,1,0,0.85,0.03
10666,5333,2026-08-14,2026-08-10,0,North,1,45,32.0,0.0,3,1,1,0,0.85,0.03
10667,5334,2026-08-15,2026-08-10,1,South,1,45,37.0,0.0,4,1,1,0,0.85,0.03
10668,5334,2026-08-16,2026-08-10,1,West,1,45,42.0,0.0,5,1,1,0,0.85,0.03
10669,5335,2026-08-10,2026-08-10,0,Central,1,45,33.0,0.0,3,1,1,0,0.85,0.03
10670,5335,2026-08-11,2026-08-10,0,North,1,45,38.0,0.0,4,1,1,0,0.85,0.03
10671,5336,2026-08-12,2026-08-10,0,South,1,45,43.0,0.0,5,1,1,0,0.85,0.03
10672,5336,2026-08-13,2026-08-10,0,West,1,45,34.0,0.0,3,1,1,0,0.85,0.03
10673,5337,2026-08-14,2026-08-10,0,Central,1,45,39.0,0.0,4,1,1,0,0.85,0.03
10674,5337,2026-08-15,2026-08-10,1,North,1,45,44.0,0.0,5,1,1,0,0.85,0.03
10675,5338,2026-08-16,2026-08-10,1,South,1,45,35.0,0.0,3,1,1,0,0.85,0.03
10676,5338,2026-08-10,2026-08-10,0,West,1,45,40.0,0.0,4,1,1,0,0.85,0.03
10677,5339,2026-08-11,2026-08-10,0,Central,1,45,45.0,0.0,5,1,1,0,0.85,0.03
10678,5339,2026-08-12,2026-08-10,0,North,1,45,36.0,0.0,3,1,1,0,0.85,0.03
10679,5340,2026-08-13,2026-08-10,0,South,1,45,41.0,0.0,4,1,1,0,0.85,0.03
10680,5340,2026-08-14,2026-08-10,0,West,1,45,32.0,0.0,5,1,1,0,0.85,0.03
10681,5341,2026-08-15,2026-08-10,1,Central,1,45,37.0,0.0,3,1,1,0,0.85,0.03
10682,5341,2026-08-16,2026-08-10,1,North,1,45,42.0,0.0,4,1,1,0,0.85,0.03
10683,5342,2026-08-10,2026-08-10,0,South,1,45,33.0,0.0,5,1,1,0,0.85,0.03
10684,5342,2026-08-11,2026-08-10,0,West,1,45,38.0,0.0,3,1,1,0,0.85,0.03
10685,5343,2026-08-12,2026-08-10,0,Central,1,45,43.0,0.0,4,1,1,0,0.85,0.03
10686,5343,2026-08-13,2026-08-10,0,North,1,45,34.0,0.0,5,1,1,0,0.85,0.03
10687,5344,2026-08-14,2026-08-10,0,South,1,45,39.0,0.0,3,1,1,0,0.85,0.03
10688,5344,2026-08-15,2026-08-10,1,West,1,45,44.0,0.0,4,1,1,0,0.85,0.03
10689,5345,2026-08-16,2026-08-10,1,Central,1,45,35.0,0.0,5,1,1,0,0.85,0.03
10690,5345,2026-08-10,2026-08-10,0,North,1,45,40.0,0.0,3,1,1,0,0.85,0.03
10691,5346,2026-08-11,2026-08-10,0,South,1,45,45.0,0.0,4,1,1,0,0.85,0.03
10692,5346,2026-08-12,2026-08-10,0,West,1,45,36.0,0.0,5,1,1,0,0.85,0.03
10693,5347,2026-08-13,2026-08-10,0,Central,1,45,41.0,0.0,3,1,1,0,0.85,0.03
10694,5347,2026-08-14,2026-08-10,0,North,1,45,32.0,0.0,4,1,1,0,0.85,0.03
10695,5348,2026-08-15,2026-08-10,1,South,1,45,37.0,0.0,5,1,1,0,0.85,0.03
10696,5348,2026-08-16,2026-08-10,1,West,1,45,42.0,0.0,3,1,1,0,0.85,0.03
10697,5349,2026-08-10,2026-08-10,0,Central,1,45,33.0,0.0,4,1,1,0,0.85,0.03
10698,5349,2026-08-11,2026-08-10,0,North,1,45,38.0,0.0,5,1,1,0,0.85,0.03
10699,5350,2026-08-12,2026-08-10,0,South,1,45,43.0,0.0,3,1,1,0,0.85,0.03
10700,5350,2026-08-13,2026-08-10,0,West,1,45,34.0,0.0,4,1,1,0,0.85,0.03
10701,5351,2026-08-14,2026-08-10,0,Central,1,45,39.0,0.0,5,1,1,0,0.85,0.03
10702,5351,2026-08-15,2026-08-10,1,North,1,45,44.0,0.0,3,1,1,0,0.85,0.03
10703,5352,2026-08-16,2026-08-10,1,South,1,45,35.0,0.0,4,1,1,0,0.85,0.03
10704,5352,2026-08-10,2026-08-10,0,West,1,45,40.0,0.0,5,1,1,0,0.85,0.03
10705,5353,2026-08-11,2026-08-10,0,Central,1,45,45.0,0.0,3,1,1,0,0.85,0.03
10706,5353,2026-08-12,2026-08-10,0,North,1,45,36.0,0.0,4,1,1,0,0.85,0.03
10707,5354,2026-08-13,2026-08-10,0,South,1,45,41.0,0.0,5,1,1,0,0.85,0.03
10708,5354,2026-08-14,2026-08-10,0,West,1,45,32.0,0.0,3,1,1,0,0.85,0.03
10709,5355,2026-08-15,2026-08-10,1,Central,1,45,37.0,0.0,4,1,1,0,0.85,0.03
10710,5355,2026-08-16,2026-08-10,1,North,1,45,42.0,0.0,5,1,1,0,0.85,0.03
10711,5356,2026-08-10,2026-08-10,0,South,1,45,33.0,0.0,3,1,1,0,0.85,0.03
10712,5356,2026-08-11,2026-08-10,0,West,1,45,38.0,0.0,4,1,1,0,0.85,0.03
10713,5357,2026-08-12,2026-08-10,0,Central,1,45,43.0,0.0,5,1,1,0,0.85,0.03
10714,5357,2026-08-13,2026-08-10,0,North,1,45,34.0,0.0,3,1,1,0,0.85,0.03
10715,5358,2026-08-14,2026-08-10,0,South,1,45,39.0,0.0,4,1,1,0,0.85,0.03
10716,5358,2026-08-15,2026-08-10,1,West,1,45,44.0,0.0,5,1,1,0,0.85,0.03
10717,5359,2026-08-16,2026-08-10,1,Central,1,45,35.0,0.0,3,1,1,0,0.85,0.03
10718,5359,2026-08-10,2026-08-10,0,North,1,45,40.0,0.0,4,1,1,0,0.85,0.03
10719,5360,2026-08-11,2026-08-10,0,South,1,45,45.0,0.0,5,1,1,0,0.85,0.03
10720,5360,2026-08-12,2026-08-10,0,West,1,45,36.0,0.0,3,1,1,0,0.85,0.03
10721,5361,2026-08-13,2026-08-10,0,Central,1,45,41.0,0.0,4,1,1,0,0.85,0.03
10722,5361,2026-08-14,2026-08-10,0,North,1,45,32.0,0.0,5,1,1,0,0.85,0.03
10723,5362,2026-08-15,2026-08-10,1,South,1,45,37.0,0.0,3,1,1,0,0.85,0.03
10724,5362,2026-08-16,2026-08-10,1,West,1,45,42.0,0.0,4,1,1,0,0.85,0.03
10725,5363,2026-08-10,2026-08-10,0,Central,1,45,33.0,0.0,5,1,1,0,0.85,0.03
10726,5363,2026-08-11,2026-08-10,0,North,1,45,38.0,0.0,3,1,1,0,0.85,0.03
10727,5364,2026-08-12,2026-08-10,0,South,1,45,43.0,0.0,4,1,1,0,0.85,0.03
10728,5364,2026-08-13,2026-08-10,0,West,1,45,34.0,0.0,5,1,1,0,0.85,0.03
10729,5365,2026-08-14,2026-08-10,0,Central,1,45,39.0,0.0,3,1,1,0,0.85,0.03
10730,5365,2026-08-15,2026-08-10,1,North,1,45,44.0,0.0,4,1,1,0,0.85,0.03
10731,5366,2026-08-16,2026-08-10,1,South,1,45,35.0,0.0,5,1,1,0,0.85,0.03
10732,5366,2026-08-10,2026-08-10,0,West,1,45,40.0,0.0,3,1,1,0,0.85,0.03
10733,5367,2026-08-11,2026-08-10,0,Central,1,45,45.0,0.0,4,1,1,0,0.85,0.03
10734,5367,2026-08-12,2026-08-10,0,North,1,45,36.0,0.0,5,1,1,0,0.85,0.03
10735,5368,2026-08-13,2026-08-10,0,South,1,45,41.0,0.0,3,1,1,0,0.85,0.03
10736,5368,2026-08-14,2026-08-10,0,West,1,45,32.0,0.0,4,1,1,0,0.85,0.03
10737,5369,2026-08-15,2026-08-10,1,Central,1,45,37.0,0.0,5,1,1,0,0.85,0.03
10738,5369,2026-08-16,2026-08-10,1,North,1,45,42.0,0.0,3,1,1,0,0.85,0.03
10739,5370,2026-08-10,2026-08-10,0,South,1,45,33.0,0.0,4,1,1,0,0.85,0.03
10740,5370,2026-08-11,2026-08-10,0,West,1,45,38.0,0.0,5,1,1,0,0.85,0.03
10741,5371,2026-08-12,2026-08-10,0,Central,1,45,43.0,0.0,3,1,1,0,0.85,0.03
10742,5371,2026-08-13,2026-08-10,0,North,1,45,34.0,0.0,4,1,1,0,0.85,0.03
10743,5372,2026-08-14,2026-08-10,0,South,1,45,39.0,0.0,5,1,1,0,0.85,0.03
10744,5372,2026-08-15,2026-08-10,1,West,1,45,44.0,0.0,3,1,1,0,0.85,0.03
10745,5373,2026-08-16,2026-08-10,1,Central,1,45,35.0,0.0,4,1,1,0,0.85,0.03
10746,5373,2026-08-10,2026-08-10,0,North,1,45,40.0,0.0,5,1,1,0,0.85,0.03
10747,5374,2026-08-11,2026-08-10,0,South,1,45,45.0,0.0,3,1,1,0,0.85,0.03
10748,5374,2026-08-12,2026-08-10,0,West,1,45,36.0,0.0,4,1,1,0,0.85,0.03
10749,5375,2026-08-13,2026-08-10,0,Central,1,45,41.0,0.0,5,1,1,0,0.85,0.03
10750,5375,2026-08-14,2026-08-10,0,North,1,45,32.0,0.0,3,1,1,0,0.85,0.03
10751,5376,2026-08-15,2026-08-10,1,South,1,45,37.0,0.0,4,1,1,0,0.85,0.03
10752,5376,2026-08-16,2026-08-10,1,West,1,45,42.0,0.0,5,1,1,0,0.85,0.03
10753,5377,2026-08-10,2026-08-10,0,Central,1,45,33.0,0.0,3,1,1,0,0.85,0.03
10754,5377,2026-08-11,2026-08-10,0,North,1,45,38.0,0.0,4,1,1,0,0.85,0.03
10755,5378,2026-08-12,2026-08-10,0,South,1,45,43.0,0.0,5,1,1,0,0.85,0.03
10756,5378,2026-08-13,2026-08-10,0,West,1,45,34.0,0.0,3,1,1,0,0.85,0.03
10757,5379,2026-08-14,2026-08-10,0,Central,1,45,39.0,0.0,4,1,1,0,0.85,0.03
10758,5379,2026-08-15,2026-08-10,1,North,1,45,44.0,0.0,5,1,1,0,0.85,0.03
10759,5380,2026-08-16,2026-08-10,1,South,1,45,35.0,0.0,3,1,1,0,0.85,0.03
10760,5380,2026-08-10,2026-08-10,0,West,1,45,40.0,0.0,4,1,1,0,0.85,0.03
10761,5381,2026-08-11,2026-08-10,0,Central,1,45,45.0,0.0,5,1,1,0,0.85,0.03
10762,5381,2026-08-12,2026-08-10,0,North,1,45,36.0,0.0,3,1,1,0,0.85,0.03
10763,5382,2026-08-13,2026-08-10,0,South,1,45,41.0,0.0,4,1,1,0,0.85,0.03
10764,5382,2026-08-14,2026-08-10,0,West,1,45,32.0,0.0,5,1,1,0,0.85,0.03
10765,5383,2026-08-15,2026-08-10,1,Central,1,45,37.0,0.0,3,1,1,0,0.85,0.03
10766,5383,2026-08-16,2026-08-10,1,North,1,45,42.0,0.0,4,1,1,0,0.85,0.03
10767,5384,2026-08-10,2026-08-10,0,South,1,45,33.0,0.0,5,1,1,0,0.85,0.03
10768,5384,2026-08-11,2026-08-10,0,West,1,45,38.0,0.0,3,1,1,0,0.85,0.03
10769,5385,2026-08-12,2026-08-10,0,Central,1,45,43.0,0.0,4,1,1,0,0.85,0.03
10770,5385,2026-08-13,2026-08-10,0,North,1,45,34.0,0.0,5,1,1,0,0.85,0.03
10771,5386,2026-08-14,2026-08-10,0,South,1,45,39.0,0.0,3,1,1,0,0.85,0.03
10772,5386,2026-08-15,2026-08-10,1,West,1,45,44.0,0.0,4,1,1,0,0.85,0.03
10773,5387,2026-08-16,2026-08-10,1,Central,1,45,35.0,0.0,5,1,1,0,0.85,0.03
10774,5387,2026-08-10,2026-08-10,0,North,1,45,40.0,0.0,3,1,1,0,0.85,0.03
10775,5388,2026-08-11,2026-08-10,0,South,1,45,45.0,0.0,4,1,1,0,0.85,0.03
10776,5388,2026-08-12,2026-08-10,0,West,1,45,36.0,0.0,5,1,1,0,0.85,0.03
10777,5389,2026-08-13,2026-08-10,0,Central,1,45,41.0,0.0,3,1,1,0,0.85,0.03
10778,5389,2026-08-14,2026-08-10,0,North,1,45,32.0,0.0,4,1,1,0,0.85,0.03
10779,5390,2026-08-15,2026-08-10,1,South,1,45,37.0,0.0,5,1,1,0,0.85,0.03
10780,5390,2026-08-16,2026-08-10,1,West,1,45,42.0,0.0,3,1,1,0,0.85,0.03
10781,5391,2026-08-10,2026-08-10,0,Central,1,45,33.0,0.0,4,1,1,0,0.85,0.03
10782,5391,2026-08-11,2026-08-10,0,North,1,45,38.0,0.0,5,1,1,0,0.85,0.03
10783,5392,2026-08-12,2026-08-10,0,South,1,45,43.0,0.0,3,1,1,0,0.85,0.03
10784,5392,2026-08-13,2026-08-10,0,West,1,45,34.0,0.0,4,1,1,0,0.85,0.03
10785,5393,2026-08-14,2026-08-10,0,Central,1,45,39.0,0.0,5,1,1,0,0.85,0.03
10786,5393,2026-08-15,2026-08-10,1,North,1,45,44.0,0.0,3,1,1,0,0.85,0.03
10787,5394,2026-08-16,2026-08-10,1,South,1,45,35.0,0.0,4,1,1,0,0.85,0.03
10788,5394,2026-08-10,2026-08-10,0,West,1,45,40.0,0.0,5,1,1,0,0.85,0.03
10789,5395,2026-08-11,2026-08-10,0,Central,1,45,45.0,0.0,3,1,1,0,0.85,0.03
10790,5395,2026-08-12,2026-08-10,0,North,1,45,36.0,0.0,4,1,1,0,0.85,0.03
10791,5396,2026-08-13,2026-08-10,0,South,1,45,41.0,0.0,5,1,1,0,0.85,0.03
10792,5396,2026-08-14,2026-08-10,0,West,1,45,32.0,0.0,3,1,1,0,0.85,0.03
10793,5397,2026-08-15,2026-08-10,1,Central,1,45,37.0,0.0,4,1,1,0,0.85,0.03
10794,5397,2026-08-16,2026-08-10,1,North,1,45,42.0,0.0,5,1,1,0,0.85,0.03
10795,5398,2026-08-10,2026-08-10,0,South,1,45,33.0,0.0,3,1,1,0,0.85,0.03
10796,5398,2026-08-11,2026-08-10,0,West,1,45,38.0,0.0,4,1,1,0,0.85,0.03
10797,5399,2026-08-12,2026-08-10,0,Central,1,45,43.0,0.0,5,1,1,0,0.85,0.03
10798,5399,2026-08-13,2026-08-10,0,North,1,45,34.0,0.0,3,1,1,0,0.85,0.03
10799,5400,2026-08-14,2026-08-10,0,South,1,45,39.0,0.0,4,1,1,0,0.85,0.03
10800,5400,2026-08-15,2026-08-10,1,West,1,45,44.0,0.0,5,1,1,0,0.85,0.03
10801,5401,2026-08-16,2026-08-10,1,Central,1,45,35.0,0.0,3,1,1,0,0.85,0.03
10802,5401,2026-08-10,2026-08-10,0,North,1,45,40.0,0.0,4,1,1,0,0.85,0.03
10803,5402,2026-08-11,2026-08-10,0,South,1,45,45.0,0.0,5,1,1,0,0.85,0.03
10804,5402,2026-08-12,2026-08-10,0,West,1,45,36.0,0.0,3,1,1,0,0.85,0.03
10805,5403,2026-08-13,2026-08-10,0,Central,1,45,41.0,0.0,4,1,1,0,0.85,0.03
10806,5403,2026-08-14,2026-08-10,0,North,1,45,32.0,0.0,5,1,1,0,0.85,0.03
10807,5404,2026-08-15,2026-08-10,1,South,1,45,37.0,0.0,3,1,1,0,0.85,0.03
10808,5404,2026-08-16,2026-08-10,1,West,1,45,42.0,0.0,4,1,1,0,0.85,0.03
10809,5405,2026-08-10,2026-08-10,0,Central,1,45,33.0,0.0,5,1,1,0,0.85,0.03
10810,5405,2026-08-11,2026-08-10,0,North,1,45,38.0,0.0,3,1,1,0,0.85,0.03
10811,5406,2026-08-12,2026-08-10,0,South,1,45,43.0,0.0,4,1,1,0,0.85,0.03
10812,5406,2026-08-13,2026-08-10,0,West,1,45,34.0,0.0,5,1,1,0,0.85,0.03
10813,5407,2026-08-14,2026-08-10,0,Central,1,45,39.0,0.0,3,1,1,0,0.85,0.03
10814,5407,2026-08-15,2026-08-10,1,North,1,45,44.0,0.0,4,1,1,0,0.85,0.03
10815,5408,2026-08-16,2026-08-10,1,South,1,45,35.0,0.0,5,1,1,0,0.85,0.03
10816,5408,2026-08-10,2026-08-10,0,West,1,45,40.0,0.0,3,1,1,0,0.85,0.03
10817,5409,2026-08-11,2026-08-10,0,Central,1,45,45.0,0.0,4,1,1,0,0.85,0.03
10818,5409,2026-08-12,2026-08-10,0,North,1,45,36.0,0.0,5,1,1,0,0.85,0.03
10819,5410,2026-08-13,2026-08-10,0,South,1,45,41.0,0.0,3,1,1,0,0.85,0.03
10820,5410,2026-08-14,2026-08-10,0,West,1,45,32.0,0.0,4,1,1,0,0.85,0.03
10821,5411,2026-08-15,2026-08-10,1,Central,1,45,37.0,0.0,5,1,1,0,0.85,0.03
10822,5411,2026-08-16,2026-08-10,1,North,1,45,42.0,0.0,3,1,1,0,0.85,0.03
10823,5412,2026-08-10,2026-08-10,0,South,1,45,33.0,0.0,4,1,1,0,0.85,0.03
10824,5412,2026-08-11,2026-08-10,0,West,1,45,38.0,0.0,5,1,1,0,0.85,0.03
10825,5413,2026-08-12,2026-08-10,0,Central,1,45,43.0,0.0,3,1,1,0,0.85,0.03
10826,5413,2026-08-13,2026-08-10,0,North,1,45,34.0,0.0,4,1,1,0,0.85,0.03
10827,5414,2026-08-14,2026-08-10,0,South,1,45,39.0,0.0,5,1,1,0,0.85,0.03
10828,5414,2026-08-15,2026-08-10,1,West,1,45,44.0,0.0,3,1,1,0,0.85,0.03
10829,5415,2026-08-16,2026-08-10,1,Central,1,45,35.0,0.0,4,1,1,0,0.85,0.03
10830,5415,2026-08-10,2026-08-10,0,North,1,45,40.0,0.0,5,1,1,0,0.85,0.03
10831,5416,2026-08-11,2026-08-10,0,South,1,45,45.0,0.0,3,1,1,0,0.85,0.03
10832,5416,2026-08-12,2026-08-10,0,West,1,45,36.0,0.0,4,1,1,0,0.85,0.03
10833,5417,2026-08-13,2026-08-10,0,Central,1,45,41.0,0.0,5,1,1,0,0.85,0.03
10834,5417,2026-08-14,2026-08-10,0,North,1,45,32.0,0.0,3,1,1,0,0.85,0.03
10835,5418,2026-08-15,2026-08-10,1,South,1,45,37.0,0.0,4,1,1,0,0.85,0.03
10836,5418,2026-08-16,2026-08-10,1,West,1,45,42.0,0.0,5,1,1,0,0.85,0.03
10837,5419,2026-08-10,2026-08-10,0,Central,1,45,33.0,0.0,3,1,1,0,0.85,0.03
10838,5419,2026-08-11,2026-08-10,0,North,1,45,38.0,0.0,4,1,1,0,0.85,0.03
10839,5420,2026-08-12,2026-08-10,0,South,1,45,43.0,0.0,5,1,1,0,0.85,0.03
10840,5420,2026-08-13,2026-08-10,0,West,1,45,34.0,0.0,3,1,1,0,0.85,0.03
10841,5421,2026-08-14,2026-08-10,0,Central,1,45,39.0,0.0,4,1,1,0,0.85,0.03
10842,5421,2026-08-15,2026-08-10,1,North,1,45,44.0,0.0,5,1,1,0,0.85,0.03
10843,5422,2026-08-16,2026-08-10,1,South,1,45,35.0,0.0,3,1,1,0,0.85,0.03
10844,5422,2026-08-10,2026-08-10,0,West,1,45,40.0,0.0,4,1,1,0,0.85,0.03
10845,5423,2026-08-11,2026-08-10,0,Central,1,45,45.0,0.0,5,1,1,0,0.85,0.03
10846,5423,2026-08-12,2026-08-10,0,North,1,45,36.0,0.0,3,1,1,0,0.85,0.03
10847,5424,2026-08-13,2026-08-10,0,South,1,45,41.0,0.0,4,1,1,0,0.85,0.03
10848,5424,2026-08-14,2026-08-10,0,West,1,45,32.0,0.0,5,1,1,0,0.85,0.03
10849,5425,2026-08-15,2026-08-10,1,Central,1,45,37.0,0.0,3,1,1,0,0.85,0.03
10850,5425,2026-08-16,2026-08-10,1,North,1,45,42.0,0.0,4,1,1,0,0.85,0.03
10851,5426,2026-08-10,2026-08-10,0,South,1,45,33.0,0.0,5,1,1,0,0.85,0.03
10852,5426,2026-08-11,2026-08-10,0,West,1,45,38.0,0.0,3,1,1,0,0.85,0.03
10853,5427,2026-08-12,2026-08-10,0,Central,1,45,43.0,0.0,4,1,1,0,0.85,0.03
10854,5427,2026-08-13,2026-08-10,0,North,1,45,34.0,0.0,5,1,1,0,0.85,0.03
10855,5428,2026-08-14,2026-08-10,0,South,1,45,39.0,0.0,3,1,1,0,0.85,0.03
10856,5428,2026-08-15,2026-08-10,1,West,1,45,44.0,0.0,4,1,1,0,0.85,0.03
10857,5429,2026-08-16,2026-08-10,1,Central,1,45,35.0,0.0,5,1,1,0,0.85,0.03
10858,5429,2026-08-10,2026-08-10,0,North,1,45,40.0,0.0,3,1,1,0,0.85,0.03
10859,5430,2026-08-11,2026-08-10,0,South,1,45,45.0,0.0,4,1,1,0,0.85,0.03
10860,5430,2026-08-12,2026-08-10,0,West,1,45,36.0,0.0,5,1,1,0,0.85,0.03
10861,5431,2026-08-13,2026-08-10,0,Central,1,45,41.0,0.0,3,1,1,0,0.85,0.03
10862,5431,2026-08-14,2026-08-10,0,North,1,45,32.0,0.0,4,1,1,0,0.85,0.03
10863,5432,2026-08-15,2026-08-10,1,South,1,45,37.0,0.0,5,1,1,0,0.85,0.03
10864,5432,2026-08-16,2026-08-10,1,West,1,45,42.0,0.0,3,1,1,0,0.85,0.03
10865,5433,2026-08-10,2026-08-10,0,Central,1,45,33.0,0.0,4,1,1,0,0.85,0.03
10866,5433,2026-08-11,2026-08-10,0,North,1,45,38.0,0.0,5,1,1,0,0.85,0.03
10867,5434,2026-08-12,2026-08-10,0,South,1,45,43.0,0.0,3,1,1,0,0.85,0.03
10868,5434,2026-08-13,2026-08-10,0,West,1,45,34.0,0.0,4,1,1,0,0.85,0.03
10869,5435,2026-08-14,2026-08-10,0,Central,1,45,39.0,0.0,5,1,1,0,0.85,0.03
10870,5435,2026-08-15,2026-08-10,1,North,1,45,44.0,0.0,3,1,1,0,0.85,0.03
10871,5436,2026-08-16,2026-08-10,1,South,1,45,35.0,0.0,4,1,1,0,0.85,0.03
10872,5436,2026-08-10,2026-08-10,0,West,1,45,40.0,0.0,5,1,1,0,0.85,0.03
10873,5437,2026-08-11,2026-08-10,0,Central,1,45,45.0,0.0,3,1,1,0,0.85,0.03
10874,5437,2026-08-12,2026-08-10,0,North,1,45,36.0,0.0,4,1,1,0,0.85,0.03
10875,5438,2026-08-13,2026-08-10,0,South,1,45,41.0,0.0,5,1,1,0,0.85,0.03
10876,5438,2026-08-14,2026-08-10,0,West,1,45,32.0,0.0,3,1,1,0,0.85,0.03
10877,5439,2026-08-15,2026-08-10,1,Central,1,45,37.0,0.0,4,1,1,0,0.85,0.03
10878,5439,2026-08-16,2026-08-10,1,North,1,45,42.0,0.0,5,1,1,0,0.85,0.03
10879,5440,2026-08-10,2026-08-10,0,South,1,45,33.0,0.0,3,1,1,0,0.85,0.03
10880,5440,2026-08-11,2026-08-10,0,West,1,45,38.0,0.0,4,1,1,0,0.85,0.03
10881,5441,2026-08-12,2026-08-10,0,Central,1,45,43.0,0.0,5,1,1,0,0.85,0.03
10882,5441,2026-08-13,2026-08-10,0,North,1,45,34.0,0.0,3,1,1,0,0.85,0.03
10883,5442,2026-08-14,2026-08-10,0,South,1,45,39.0,0.0,4,1,1,0,0.85,0.03
10884,5442,2026-08-15,2026-08-10,1,West,1,45,44.0,0.0,5,1,1,0,0.85,0.03
10885,5443,2026-08-16,2026-08-10,1,Central,1,45,35.0,0.0,3,1,1,0,0.85,0.03
10886,5443,2026-08-10,2026-08-10,0,North,1,45,40.0,0.0,4,1,1,0,0.85,0.03
10887,5444,2026-08-11,2026-08-10,0,South,1,45,45.0,0.0,5,1,1,0,0.85,0.03
10888,5444,2026-08-12,2026-08-10,0,West,1,45,36.0,0.0,3,1,1,0,0.85,0.03
10889,5445,2026-08-13,2026-08-10,0,Central,1,45,41.0,0.0,4,1,1,0,0.85,0.03
10890,5445,2026-08-14,2026-08-10,0,North,1,45,32.0,0.0,5,1,1,0,0.85,0.03
10891,5446,2026-08-15,2026-08-10,1,South,1,45,37.0,0.0,3,1,1,0,0.85,0.03
10892,5446,2026-08-16,2026-08-10,1,West,1,45,42.0,0.0,4,1,1,0,0.85,0.03
10893,5447,2026-08-10,2026-08-10,0,Central,1,45,33.0,0.0,5,1,1,0,0.85,0.03
10894,5447,2026-08-11,2026-08-10,0,North,1,45,38.0,0.0,3,1,1,0,0.85,0.03
10895,5448,2026-08-12,2026-08-10,0,South,1,45,43.0,0.0,4,1,1,0,0.85,0.03
10896,5448,2026-08-13,2026-08-10,0,West,1,45,34.0,0.0,5,1,1,0,0.85,0.03
10897,5449,2026-08-14,2026-08-10,0,Central,1,45,39.0,0.0,3,1,1,0,0.85,0.03
10898,5449,2026-08-15,2026-08-10,1,North,1,45,44.0,0.0,4,1,1,0,0.85,0.03
10899,5450,2026-08-16,2026-08-10,1,South,1,45,35.0,0.0,5,1,1,0,0.85,0.03
10900,5450,2026-08-10,2026-08-10,0,West,1,45,40.0,0.0,3,1,1,0,0.85,0.03
10901,5451,2026-08-11,2026-08-10,0,Central,1,45,45.0,0.0,4,1,1,0,0.85,0.03
10902,5451,2026-08-12,2026-08-10,0,North,1,45,36.0,0.0,5,1,1,0,0.85,0.03
10903,5452,2026-08-13,2026-08-10,0,South,1,45,41.0,0.0,3,1,1,0,0.85,0.03
10904,5452,2026-08-14,2026-08-10,0,West,1,45,32.0,0.0,4,1,1,0,0.85,0.03
10905,5453,2026-08-15,2026-08-10,1,Central,1,45,37.0,0.0,5,1,1,0,0.85,0.03
10906,5453,2026-08-16,2026-08-10,1,North,1,45,42.0,0.0,3,1,1,0,0.85,0.03
10907,5454,2026-08-10,2026-08-10,0,South,1,45,33.0,0.0,4,1,1,0,0.85,0.03
10908,5454,2026-08-11,2026-08-10,0,West,1,45,38.0,0.0,5,1,1,0,0.85,0.03
10909,5455,2026-08-12,2026-08-10,0,Central,1,45,43.0,0.0,3,1,1,0,0.85,0.03
10910,5455,2026-08-13,2026-08-10,0,North,1,45,34.0,0.0,4,1,1,0,0.85,0.03
10911,5456,2026-08-14,2026-08-10,0,South,1,45,39.0,0.0,5,1,1,0,0.85,0.03
10912,5456,2026-08-15,2026-08-10,1,West,1,45,44.0,0.0,3,1,1,0,0.85,0.03
10913,5457,2026-08-16,2026-08-10,1,Central,1,45,35.0,0.0,4,1,1,0,0.85,0.03
10914,5457,2026-08-10,2026-08-10,0,North,1,45,40.0,0.0,5,1,1,0,0.85,0.03
10915,5458,2026-08-11,2026-08-10,0,South,1,45,45.0,0.0,3,1,1,0,0.85,0.03
10916,5458,2026-08-12,2026-08-10,0,West,1,45,36.0,0.0,4,1,1,0,0.85,0.03
10917,5459,2026-08-13,2026-08-10,0,Central,1,45,41.0,0.0,5,1,1,0,0.85,0.03
10918,5459,2026-08-14,2026-08-10,0,North,1,45,32.0,0.0,3,1,1,0,0.85,0.03
10919,5460,2026-08-15,2026-08-10,1,South,1,45,37.0,0.0,4,1,1,0,0.85,0.03
10920,5460,2026-08-16,2026-08-10,1,West,1,45,42.0,0.0,5,1,1,0,0.85,0.03
10921,5461,2026-08-10,2026-08-10,0,Central,1,45,33.0,0.0,3,1,1,0,0.85,0.03
10922,5461,2026-08-11,2026-08-10,0,North,1,45,38.0,0.0,4,1,1,0,0.85,0.03
10923,5462,2026-08-12,2026-08-10,0,South,1,45,43.0,0.0,5,1,1,0,0.85,0.03
10924,5462,2026-08-13,2026-08-10,0,West,1,45,34.0,0.0,3,1,1,0,0.85,0.03
10925,5463,2026-08-14,2026-08-10,0,Central,1,45,39.0,0.0,4,1,1,0,0.85,0.03
10926,5463,2026-08-15,2026-08-10,1,North,1,45,44.0,0.0,5,1,1,0,0.85,0.03
10927,5464,2026-08-16,2026-08-10,1,South,1,45,35.0,0.0,3,1,1,0,0.85,0.03
10928,5464,2026-08-10,2026-08-10,0,West,1,45,40.0,0.0,4,1,1,0,0.85,0.03
10929,5465,2026-08-11,2026-08-10,0,Central,1,45,45.0,0.0,5,1,1,0,0.85,0.03
10930,5465,2026-08-12,2026-08-10,0,North,1,45,36.0,0.0,3,1,1,0,0.85,0.03
10931,5466,2026-08-13,2026-08-10,0,South,1,45,41.0,0.0,4,1,1,0,0.85,0.03
10932,5466,2026-08-14,2026-08-10,0,West,1,45,32.0,0.0,5,1,1,0,0.85,0.03
10933,5467,2026-08-15,2026-08-10,1,Central,1,45,37.0,0.0,3,1,1,0,0.85,0.03
10934,5467,2026-08-16,2026-08-10,1,North,1,45,42.0,0.0,4,1,1,0,0.85,0.03
10935,5468,2026-08-10,2026-08-10,0,South,1,45,33.0,0.0,5,1,1,0,0.85,0.03
10936,5468,2026-08-11,2026-08-10,0,West,1,45,38.0,0.0,3,1,1,0,0.85,0.03
10937,5469,2026-08-12,2026-08-10,0,Central,1,45,43.0,0.0,4,1,1,0,0.85,0.03
10938,5469,2026-08-13,2026-08-10,0,North,1,45,34.0,0.0,5,1,1,0,0.85,0.03
10939,5470,2026-08-14,2026-08-10,0,South,1,45,39.0,0.0,3,1,1,0,0.85,0.03
10940,5470,2026-08-15,2026-08-10,1,West,1,45,44.0,0.0,4,1,1,0,0.85,0.03
10941,5471,2026-08-16,2026-08-10,1,Central,1,45,35.0,0.0,5,1,1,0,0.85,0.03
10942,5471,2026-08-10,2026-08-10,0,North,1,45,40.0,0.0,3,1,1,0,0.85,0.03
10943,5472,2026-08-11,2026-08-10,0,South,1,45,45.0,0.0,4,1,1,0,0.85,0.03
10944,5472,2026-08-12,2026-08-10,0,West,1,45,36.0,0.0,5,1,1,0,0.85,0.03
10945,5473,2026-08-13,2026-08-10,0,Central,1,45,41.0,0.0,3,1,1,0,0.85,0.03
10946,5473,2026-08-14,2026-08-10,0,North,1,45,32.0,0.0,4,1,1,0,0.85,0.03
10947,5474,2026-08-15,2026-08-10,1,South,1,45,37.0,0.0,5,1,1,0,0.85,0.03
10948,5474,2026-08-16,2026-08-10,1,West,1,45,42.0,0.0,3,1,1,0,0.85,0.03
10949,5475,2026-08-10,2026-08-10,0,Central,1,45,33.0,0.0,4,1,1,0,0.85,0.03
10950,5475,2026-08-11,2026-08-10,0,North,1,45,38.0,0.0,5,1,1,0,0.85,0.03
10951,5476,2026-08-12,2026-08-10,0,South,1,45,43.0,0.0,3,1,1,0,0.85,0.03
10952,5476,2026-08-13,2026-08-10,0,West,1,45,34.0,0.0,4,1,1,0,0.85,0.03
10953,5477,2026-08-14,2026-08-10,0,Central,1,45,39.0,0.0,5,1,1,0,0.85,0.03
10954,5477,2026-08-15,2026-08-10,1,North,1,45,44.0,0.0,3,1,1,0,0.85,0.03
10955,5478,2026-08-16,2026-08-10,1,South,1,45,35.0,0.0,4,1,1,0,0.85,0.03
10956,5478,2026-08-10,2026-08-10,0,West,1,45,40.0,0.0,5,1,1,0,0.85,0.03
10957,5479,2026-08-11,2026-08-10,0,Central,1,45,45.0,0.0,3,1,1,0,0.85,0.03
10958,5479,2026-08-12,2026-08-10,0,North,1,45,36.0,0.0,4,1,1,0,0.85,0.03
10959,5480,2026-08-13,2026-08-10,0,South,1,45,41.0,0.0,5,1,1,0,0.85,0.03
10960,5480,2026-08-14,2026-08-10,0,West,1,45,32.0,0.0,3,1,1,0,0.85,0.03
10961,5481,2026-08-15,2026-08-10,1,Central,1,45,37.0,0.0,4,1,1,0,0.85,0.03
10962,5481,2026-08-16,2026-08-10,1,North,1,45,42.0,0.0,5,1,1,0,0.85,0.03
10963,5482,2026-08-10,2026-08-10,0,South,1,45,33.0,0.0,3,1,1,0,0.85,0.03
10964,5482,2026-08-11,2026-08-10,0,West,1,45,38.0,0.0,4,1,1,0,0.85,0.03
10965,5483,2026-08-12,2026-08-10,0,Central,1,45,43.0,0.0,5,1,1,0,0.85,0.03
10966,5483,2026-08-13,2026-08-10,0,North,1,45,34.0,0.0,3,1,1,0,0.85,0.03
10967,5484,2026-08-14,2026-08-10,0,South,1,45,39.0,0.0,4,1,1,0,0.85,0.03
10968,5484,2026-08-15,2026-08-10,1,West,1,45,44.0,0.0,5,1,1,0,0.85,0.03
10969,5485,2026-08-16,2026-08-10,1,Central,1,45,35.0,0.0,3,1,1,0,0.85,0.03
10970,5485,2026-08-10,2026-08-10,0,North,1,45,40.0,0.0,4,1,1,0,0.85,0.03
10971,5486,2026-08-11,2026-08-10,0,South,1,45,45.0,0.0,5,1,1,0,0.85,0.03
10972,5486,2026-08-12,2026-08-10,0,West,1,45,36.0,0.0,3,1,1,0,0.85,0.03
10973,5487,2026-08-13,2026-08-10,0,Central,1,45,41.0,0.0,4,1,1,0,0.85,0.03
10974,5487,2026-08-14,2026-08-10,0,North,1,45,32.0,0.0,5,1,1,0,0.85,0.03
10975,5488,2026-08-15,2026-08-10,1,South,1,45,37.0,0.0,3,1,1,0,0.85,0.03
10976,5488,2026-08-16,2026-08-10,1,West,1,45,42.0,0.0,4,1,1,0,0.85,0.03
10977,5489,2026-08-10,2026-08-10,0,Central,1,45,33.0,0.0,5,1,1,0,0.85,0.03
10978,5489,2026-08-11,2026-08-10,0,North,1,45,38.0,0.0,3,1,1,0,0.85,0.03
10979,5490,2026-08-12,2026-08-10,0,South,1,45,43.0,0.0,4,1,1,0,0.85,0.03
10980,5490,2026-08-13,2026-08-10,0,West,1,45,34.0,0.0,5,1,1,0,0.85,0.03
10981,5491,2026-08-14,2026-08-10,0,Central,1,45,39.0,0.0,3,1,1,0,0.85,0.03
10982,5491,2026-08-15,2026-08-10,1,North,1,45,44.0,0.0,4,1,1,0,0.85,0.03
10983,5492,2026-08-16,2026-08-10,1,South,1,45,35.0,0.0,5,1,1,0,0.85,0.03
10984,5492,2026-08-10,2026-08-10,0,West,1,45,40.0,0.0,3,1,1,0,0.85,0.03
10985,5493,2026-08-11,2026-08-10,0,Central,1,45,45.0,0.0,4,1,1,0,0.85,0.03
10986,5493,2026-08-12,2026-08-10,0,North,1,45,36.0,0.0,5,1,1,0,0.85,0.03
10987,5494,2026-08-13,2026-08-10,0,South,1,45,41.0,0.0,3,1,1,0,0.85,0.03
10988,5494,2026-08-14,2026-08-10,0,West,1,45,32.0,0.0,4,1,1,0,0.85,0.03
10989,5495,2026-08-15,2026-08-10,1,Central,1,45,37.0,0.0,5,1,1,0,0.85,0.03
10990,5495,2026-08-16,2026-08-10,1,North,1,45,42.0,0.0,3,1,1,0,0.85,0.03
10991,5496,2026-08-10,2026-08-10,0,South,1,45,33.0,0.0,4,1,1,0,0.85,0.03
10992,5496,2026-08-11,2026-08-10,0,West,1,45,38.0,0.0,5,1,1,0,0.85,0.03
10993,5497,2026-08-12,2026-08-10,0,Central,1,45,43.0,0.0,3,1,1,0,0.85,0.03
10994,5497,2026-08-13,2026-08-10,0,North,1,45,34.0,0.0,4,1,1,0,0.85,0.03
10995,5498,2026-08-14,2026-08-10,0,South,1,45,39.0,0.0,5,1,1,0,0.85,0.03
10996,5498,2026-08-15,2026-08-10,1,West,1,45,44.0,0.0,3,1,1,0,0.85,0.03
10997,5499,2026-08-16,2026-08-10,1,Central,1,45,35.0,0.0,4,1,1,0,0.85,0.03
10998,5499,2026-08-10,2026-08-10,0,North,1,45,40.0,0.0,5,1,1,0,0.85,0.03
10999,5500,2026-08-11,2026-08-10,0,South,1,45,45.0,0.0,3,1,1,0,0.85,0.03
11000,5500,2026-08-12,2026-08-10,0,West,1,45,36.0,0.0,4,1,1,0,0.85,0.03
11001,5501,2026-08-17,2026-08-17,0,Central,3,45,54.0,9.0,1,1,0,1,0.85,0.03
11002,5501,2026-08-18,2026-08-17,0,North,3,45,61.0,16.0,1,1,0,1,0.85,0.03
11003,5502,2026-08-19,2026-08-17,0,South,3,45,50.0,5.0,1,1,0,1,0.85,0.03
11004,5502,2026-08-20,2026-08-17,0,West,3,45,57.0,12.0,1,1,0,1,0.85,0.03
11005,5503,2026-08-21,2026-08-17,0,Central,3,45,64.0,19.0,1,1,0,1,0.85,0.03
11006,5503,2026-08-22,2026-08-17,1,North,3,45,53.0,8.0,1,1,0,1,0.85,0.03
11007,5504,2026-08-23,2026-08-17,1,South,3,45,60.0,15.0,1,1,0,1,0.85,0.03
11008,5504,2026-08-17,2026-08-17,0,West,3,45,49.0,4.0,1,1,0,1,0.85,0.03
11009,5505,2026-08-18,2026-08-17,0,Central,3,45,56.0,11.0,1,1,0,1,0.85,0.03
11010,5505,2026-08-19,2026-08-17,0,North,3,45,63.0,18.0,1,1,0,1,0.85,0.03
11011,5506,2026-08-20,2026-08-17,0,South,3,45,52.0,7.0,1,1,0,1,0.85,0.03
11012,5506,2026-08-21,2026-08-17,0,West,3,45,59.0,14.0,1,1,0,1,0.85,0.03
11013,5507,2026-08-22,2026-08-17,1,Central,3,45,48.0,3.0,2,1,0,0,0.85,0.03
11014,5507,2026-08-23,2026-08-17,1,North,3,45,55.0,10.0,2,1,0,0,0.85,0.03
11015,5508,2026-08-17,2026-08-17,0,South,3,45,62.0,17.0,2,1,0,0,0.85,0.03
11016,5508,2026-08-18,2026-08-17,0,West,3,45,51.0,6.0,2,1,0,0,0.85,0.03
11017,5509,2026-08-19,2026-08-17,0,Central,3,45,58.0,13.0,2,1,0,0,0.85,0.03
11018,5509,2026-08-20,2026-08-17,0,North,3,45,65.0,20.0,2,1,0,0,0.85,0.03
11019,5510,2026-08-21,2026-08-17,0,South,3,45,54.0,9.0,2,1,0,0,0.85,0.03
11020,5510,2026-08-22,2026-08-17,1,West,3,45,61.0,16.0,2,1,0,0,0.85,0.03
11021,5511,2026-08-23,2026-08-17,1,Central,3,45,50.0,5.0,2,1,0,0,0.85,0.03
11022,5511,2026-08-17,2026-08-17,0,North,3,45,57.0,12.0,2,1,0,0,0.85,0.03
11023,5512,2026-08-18,2026-08-17,0,South,3,45,64.0,19.0,2,1,0,0,0.85,0.03
11024,5512,2026-08-19,2026-08-17,0,West,3,45,53.0,8.0,2,1,0,0,0.85,0.03
11025,5513,2026-08-20,2026-08-17,0,Central,3,45,60.0,15.0,2,1,0,0,0.85,0.03
11026,5513,2026-08-21,2026-08-17,0,North,3,45,49.0,4.0,2,1,0,0,0.85,0.03
11027,5514,2026-08-22,2026-08-17,1,South,3,45,56.0,11.0,2,1,0,0,0.85,0.03
11028,5514,2026-08-23,2026-08-17,1,West,3,45,63.0,18.0,2,1,0,0,0.85,0.03
11029,5515,2026-08-17,2026-08-17,0,Central,3,45,52.0,7.0,2,1,0,0,0.85,0.03
11030,5515,2026-08-18,2026-08-17,0,North,3,45,59.0,14.0,2,1,0,0,0.85,0.03
11031,5516,2026-08-19,2026-08-17,0,South,3,45,48.0,3.0,2,1,0,0,0.85,0.03
11032,5516,2026-08-20,2026-08-17,0,West,3,45,55.0,10.0,2,1,0,0,0.85,0.03
11033,5517,2026-08-21,2026-08-17,0,Central,3,45,62.0,17.0,2,1,0,0,0.85,0.03
11034,5517,2026-08-22,2026-08-17,1,North,3,45,51.0,6.0,2,1,0,0,0.85,0.03
11035,5518,2026-08-23,2026-08-17,1,South,3,45,58.0,13.0,2,1,0,0,0.85,0.03
11036,5518,2026-08-17,2026-08-17,0,West,3,45,65.0,20.0,2,1,0,0,0.85,0.03
11037,5519,2026-08-18,2026-08-17,0,Central,3,45,54.0,9.0,2,1,0,0,0.85,0.03
11038,5519,2026-08-19,2026-08-17,0,North,3,45,61.0,16.0,2,1,0,0,0.85,0.03
11039,5520,2026-08-20,2026-08-17,0,South,3,45,50.0,5.0,2,1,0,0,0.85,0.03
11040,5520,2026-08-21,2026-08-17,0,West,3,45,57.0,12.0,2,1,0,0,0.85,0.03
11041,5521,2026-08-22,2026-08-17,1,Central,3,45,64.0,19.0,2,1,0,0,0.85,0.03
11042,5521,2026-08-23,2026-08-17,1,North,3,45,53.0,8.0,2,1,0,0,0.85,0.03
11043,5522,2026-08-17,2026-08-17,0,South,1,45,34.0,0.0,3,1,1,0,0.85,0.03
11044,5522,2026-08-18,2026-08-17,0,West,1,45,39.0,0.0,4,1,1,0,0.85,0.03
11045,5523,2026-08-19,2026-08-17,0,Central,1,45,44.0,0.0,5,1,1,0,0.85,0.03
11046,5523,2026-08-20,2026-08-17,0,North,1,45,35.0,0.0,3,1,1,0,0.85,0.03
11047,5524,2026-08-21,2026-08-17,0,South,1,45,40.0,0.0,4,1,1,0,0.85,0.03
11048,5524,2026-08-22,2026-08-17,1,West,3,45,60.0,15.0,2,1,0,0,0.85,0.03
11049,5525,2026-08-23,2026-08-17,1,Central,3,45,49.0,4.0,2,1,0,0,0.85,0.03
11050,5525,2026-08-17,2026-08-17,0,North,1,45,41.0,0.0,4,1,1,0,0.85,0.03
11051,5526,2026-08-18,2026-08-17,0,South,1,45,32.0,0.0,5,1,1,0,0.85,0.03
11052,5526,2026-08-19,2026-08-17,0,West,1,45,37.0,0.0,3,1,1,0,0.85,0.03
11053,5527,2026-08-20,2026-08-17,0,Central,1,45,42.0,0.0,4,1,1,0,0.85,0.03
11054,5527,2026-08-21,2026-08-17,0,North,1,45,33.0,0.0,5,1,1,0,0.85,0.03
11055,5528,2026-08-22,2026-08-17,1,South,3,45,56.0,11.0,2,1,0,0,0.85,0.03
11056,5528,2026-08-23,2026-08-17,1,West,3,45,63.0,18.0,2,1,0,0,0.85,0.03
11057,5529,2026-08-17,2026-08-17,0,Central,1,45,34.0,0.0,5,1,1,0,0.85,0.03
11058,5529,2026-08-18,2026-08-17,0,North,1,45,39.0,0.0,3,1,1,0,0.85,0.03
11059,5530,2026-08-19,2026-08-17,0,South,1,45,44.0,0.0,4,1,1,0,0.85,0.03
11060,5530,2026-08-20,2026-08-17,0,West,1,45,35.0,0.0,5,1,1,0,0.85,0.03
11061,5531,2026-08-21,2026-08-17,0,Central,1,45,40.0,0.0,3,1,1,0,0.85,0.03
11062,5531,2026-08-22,2026-08-17,1,North,3,45,52.0,7.0,2,1,0,0,0.85,0.03
11063,5532,2026-08-23,2026-08-17,1,South,3,45,59.0,14.0,2,1,0,0,0.85,0.03
11064,5532,2026-08-17,2026-08-17,0,West,1,45,41.0,0.0,3,1,1,0,0.85,0.03
11065,5533,2026-08-18,2026-08-17,0,Central,1,45,32.0,0.0,4,1,1,0,0.85,0.03
11066,5533,2026-08-19,2026-08-17,0,North,1,45,37.0,0.0,5,1,1,0,0.85,0.03
11067,5534,2026-08-20,2026-08-17,0,South,1,45,42.0,0.0,3,1,1,0,0.85,0.03
11068,5534,2026-08-21,2026-08-17,0,West,1,45,33.0,0.0,4,1,1,0,0.85,0.03
11069,5535,2026-08-22,2026-08-17,1,Central,3,45,48.0,3.0,2,1,0,0,0.85,0.03
11070,5535,2026-08-23,2026-08-17,1,North,3,45,55.0,10.0,2,1,0,0,0.85,0.03
11071,5536,2026-08-17,2026-08-17,0,South,1,45,34.0,0.0,4,1,1,0,0.85,0.03
11072,5536,2026-08-18,2026-08-17,0,West,1,45,39.0,0.0,5,1,1,0,0.85,0.03
11073,5537,2026-08-19,2026-08-17,0,Central,1,45,44.0,0.0,3,1,1,0,0.85,0.03
11074,5537,2026-08-20,2026-08-17,0,North,1,45,35.0,0.0,4,1,1,0,0.85,0.03
11075,5538,2026-08-21,2026-08-17,0,South,1,45,40.0,0.0,5,1,1,0,0.85,0.03
11076,5538,2026-08-22,2026-08-17,1,West,3,45,62.0,17.0,2,1,0,0,0.85,0.03
11077,5539,2026-08-23,2026-08-17,1,Central,3,45,51.0,6.0,2,1,0,0,0.85,0.03
11078,5539,2026-08-17,2026-08-17,0,North,1,45,41.0,0.0,5,1,1,0,0.85,0.03
11079,5540,2026-08-18,2026-08-17,0,South,1,45,32.0,0.0,3,1,1,0,0.85,0.03
11080,5540,2026-08-19,2026-08-17,0,West,1,45,37.0,0.0,4,1,1,0,0.85,0.03
11081,5541,2026-08-20,2026-08-17,0,Central,1,45,42.0,0.0,5,1,1,0,0.85,0.03
11082,5541,2026-08-21,2026-08-17,0,North,1,45,33.0,0.0,3,1,1,0,0.85,0.03
11083,5542,2026-08-22,2026-08-17,1,South,3,45,58.0,13.0,2,1,0,0,0.85,0.03
11084,5542,2026-08-23,2026-08-17,1,West,3,45,65.0,20.0,2,1,0,0,0.85,0.03
11085,5543,2026-08-17,2026-08-17,0,Central,1,45,34.0,0.0,3,1,1,0,0.85,0.03
11086,5543,2026-08-18,2026-08-17,0,North,1,45,39.0,0.0,4,1,1,0,0.85,0.03
11087,5544,2026-08-19,2026-08-17,0,South,1,45,44.0,0.0,5,1,1,0,0.85,0.03
11088,5544,2026-08-20,2026-08-17,0,West,1,45,35.0,0.0,3,1,1,0,0.85,0.03
11089,5545,2026-08-21,2026-08-17,0,Central,1,45,40.0,0.0,4,1,1,0,0.85,0.03
11090,5545,2026-08-22,2026-08-17,1,North,3,45,54.0,9.0,2,1,0,0,0.85,0.03
11091,5546,2026-08-23,2026-08-17,1,South,3,45,61.0,16.0,2,1,0,0,0.85,0.03
11092,5546,2026-08-17,2026-08-17,0,West,1,45,41.0,0.0,4,1,1,0,0.85,0.03
11093,5547,2026-08-18,2026-08-17,0,Central,1,45,32.0,0.0,5,1,1,0,0.85,0.03
11094,5547,2026-08-19,2026-08-17,0,North,1,45,37.0,0.0,3,1,1,0,0.85,0.03
11095,5548,2026-08-20,2026-08-17,0,South,1,45,42.0,0.0,4,1,1,0,0.85,0.03
11096,5548,2026-08-21,2026-08-17,0,West,1,45,33.0,0.0,5,1,1,0,0.85,0.03
11097,5549,2026-08-22,2026-08-17,1,Central,3,45,50.0,5.0,2,1,0,0,0.85,0.03
11098,5549,2026-08-23,2026-08-17,1,North,3,45,57.0,12.0,2,1,0,0,0.85,0.03
11099,5550,2026-08-17,2026-08-17,0,South,1,45,34.0,0.0,5,1,1,0,0.85,0.03
11100,5550,2026-08-18,2026-08-17,0,West,1,45,39.0,0.0,3,1,1,0,0.85,0.03
11101,5551,2026-08-19,2026-08-17,0,Central,1,45,44.0,0.0,4,1,1,0,0.85,0.03
11102,5551,2026-08-20,2026-08-17,0,North,1,45,35.0,0.0,5,1,1,0,0.85,0.03
11103,5552,2026-08-21,2026-08-17,0,South,1,45,40.0,0.0,3,1,1,0,0.85,0.03
11104,5552,2026-08-22,2026-08-17,1,West,3,45,64.0,19.0,2,1,0,0,0.85,0.03
11105,5553,2026-08-23,2026-08-17,1,Central,3,45,53.0,8.0,2,1,0,0,0.85,0.03
11106,5553,2026-08-17,2026-08-17,0,North,1,45,41.0,0.0,3,1,1,0,0.85,0.03
11107,5554,2026-08-18,2026-08-17,0,South,1,45,32.0,0.0,4,1,1,0,0.85,0.03
11108,5554,2026-08-19,2026-08-17,0,West,1,45,37.0,0.0,5,1,1,0,0.85,0.03
11109,5555,2026-08-20,2026-08-17,0,Central,1,45,42.0,0.0,3,1,1,0,0.85,0.03
11110,5555,2026-08-21,2026-08-17,0,North,1,45,33.0,0.0,4,1,1,0,0.85,0.03
11111,5556,2026-08-22,2026-08-17,1,South,3,45,60.0,15.0,2,1,0,0,0.85,0.03
11112,5556,2026-08-23,2026-08-17,1,West,3,45,49.0,4.0,2,1,0,0,0.85,0.03
11113,5557,2026-08-17,2026-08-17,0,Central,1,45,34.0,0.0,4,1,1,0,0.85,0.03
11114,5557,2026-08-18,2026-08-17,0,North,1,45,39.0,0.0,5,1,1,0,0.85,0.03
11115,5558,2026-08-19,2026-08-17,0,South,1,45,44.0,0.0,3,1,1,0,0.85,0.03
11116,5558,2026-08-20,2026-08-17,0,West,1,45,35.0,0.0,4,1,1,0,0.85,0.03
11117,5559,2026-08-21,2026-08-17,0,Central,1,45,40.0,0.0,5,1,1,0,0.85,0.03
11118,5559,2026-08-22,2026-08-17,1,North,3,45,56.0,11.0,2,1,0,0,0.85,0.03
11119,5560,2026-08-23,2026-08-17,1,South,3,45,63.0,18.0,2,1,0,0,0.85,0.03
11120,5560,2026-08-17,2026-08-17,0,West,1,45,41.0,0.0,5,1,1,0,0.85,0.03
11121,5561,2026-08-18,2026-08-17,0,Central,1,45,32.0,0.0,3,1,1,0,0.85,0.03
11122,5561,2026-08-19,2026-08-17,0,North,1,45,37.0,0.0,4,1,1,0,0.85,0.03
11123,5562,2026-08-20,2026-08-17,0,South,1,45,42.0,0.0,5,1,1,0,0.85,0.03
11124,5562,2026-08-21,2026-08-17,0,West,1,45,33.0,0.0,3,1,1,0,0.85,0.03
11125,5563,2026-08-22,2026-08-17,1,Central,3,45,52.0,7.0,2,1,0,0,0.85,0.03
11126,5563,2026-08-23,2026-08-17,1,North,3,45,59.0,14.0,2,1,0,0,0.85,0.03
11127,5564,2026-08-17,2026-08-17,0,South,1,45,34.0,0.0,3,1,1,0,0.85,0.03
11128,5564,2026-08-18,2026-08-17,0,West,1,45,39.0,0.0,4,1,1,0,0.85,0.03
11129,5565,2026-08-19,2026-08-17,0,Central,1,45,44.0,0.0,5,1,1,0,0.85,0.03
11130,5565,2026-08-20,2026-08-17,0,North,1,45,35.0,0.0,3,1,1,0,0.85,0.03
11131,5566,2026-08-21,2026-08-17,0,South,1,45,40.0,0.0,4,1,1,0,0.85,0.03
11132,5566,2026-08-22,2026-08-17,1,West,3,45,48.0,3.0,2,1,0,0,0.85,0.03
11133,5567,2026-08-23,2026-08-17,1,Central,3,45,55.0,10.0,2,1,0,0,0.85,0.03
11134,5567,2026-08-17,2026-08-17,0,North,1,45,41.0,0.0,4,1,1,0,0.85,0.03
11135,5568,2026-08-18,2026-08-17,0,South,1,45,32.0,0.0,5,1,1,0,0.85,0.03
11136,5568,2026-08-19,2026-08-17,0,West,1,45,37.0,0.0,3,1,1,0,0.85,0.03
11137,5569,2026-08-20,2026-08-17,0,Central,1,45,42.0,0.0,4,1,1,0,0.85,0.03
11138,5569,2026-08-21,2026-08-17,0,North,1,45,33.0,0.0,5,1,1,0,0.85,0.03
11139,5570,2026-08-22,2026-08-17,1,South,3,45,62.0,17.0,2,1,0,0,0.85,0.03
11140,5570,2026-08-23,2026-08-17,1,West,3,45,51.0,6.0,2,1,0,0,0.85,0.03
11141,5571,2026-08-17,2026-08-17,0,Central,1,45,34.0,0.0,5,1,1,0,0.85,0.03
11142,5571,2026-08-18,2026-08-17,0,North,1,45,39.0,0.0,3,1,1,0,0.85,0.03
11143,5572,2026-08-19,2026-08-17,0,South,1,45,44.0,0.0,4,1,1,0,0.85,0.03
11144,5572,2026-08-20,2026-08-17,0,West,1,45,35.0,0.0,5,1,1,0,0.85,0.03
11145,5573,2026-08-21,2026-08-17,0,Central,1,45,40.0,0.0,3,1,1,0,0.85,0.03
11146,5573,2026-08-22,2026-08-17,1,North,3,45,58.0,13.0,2,1,0,0,0.85,0.03
11147,5574,2026-08-23,2026-08-17,1,South,3,45,65.0,20.0,2,1,0,0,0.85,0.03
11148,5574,2026-08-17,2026-08-17,0,West,1,45,41.0,0.0,3,1,1,0,0.85,0.03
11149,5575,2026-08-18,2026-08-17,0,Central,1,45,32.0,0.0,4,1,1,0,0.85,0.03
11150,5575,2026-08-19,2026-08-17,0,North,1,45,37.0,0.0,5,1,1,0,0.85,0.03
11151,5576,2026-08-20,2026-08-17,0,South,1,45,42.0,0.0,3,1,1,0,0.85,0.03
11152,5576,2026-08-21,2026-08-17,0,West,1,45,33.0,0.0,4,1,1,0,0.85,0.03
11153,5577,2026-08-22,2026-08-17,1,Central,3,45,54.0,9.0,2,1,0,0,0.85,0.03
11154,5577,2026-08-23,2026-08-17,1,North,3,45,61.0,16.0,2,1,0,0,0.85,0.03
11155,5578,2026-08-17,2026-08-17,0,South,1,45,34.0,0.0,4,1,1,0,0.85,0.03
11156,5578,2026-08-18,2026-08-17,0,West,1,45,39.0,0.0,5,1,1,0,0.85,0.03
11157,5579,2026-08-19,2026-08-17,0,Central,1,45,44.0,0.0,3,1,1,0,0.85,0.03
11158,5579,2026-08-20,2026-08-17,0,North,1,45,35.0,0.0,4,1,1,0,0.85,0.03
11159,5580,2026-08-21,2026-08-17,0,South,1,45,40.0,0.0,5,1,1,0,0.85,0.03
11160,5580,2026-08-22,2026-08-17,1,West,3,45,50.0,5.0,2,1,0,0,0.85,0.03
11161,5581,2026-08-23,2026-08-17,1,Central,1,45,36.0,0.0,4,1,1,0,0.85,0.03
11162,5581,2026-08-17,2026-08-17,0,North,1,45,41.0,0.0,5,1,1,0,0.85,0.03
11163,5582,2026-08-18,2026-08-17,0,South,1,45,32.0,0.0,3,1,1,0,0.85,0.03
11164,5582,2026-08-19,2026-08-17,0,West,1,45,37.0,0.0,4,1,1,0,0.85,0.03
11165,5583,2026-08-20,2026-08-17,0,Central,1,45,42.0,0.0,5,1,1,0,0.85,0.03
11166,5583,2026-08-21,2026-08-17,0,North,1,45,33.0,0.0,3,1,1,0,0.85,0.03
11167,5584,2026-08-22,2026-08-17,1,South,1,45,38.0,0.0,4,1,1,0,0.85,0.03
11168,5584,2026-08-23,2026-08-17,1,West,1,45,43.0,0.0,5,1,1,0,0.85,0.03
11169,5585,2026-08-17,2026-08-17,0,Central,1,45,34.0,0.0,3,1,1,0,0.85,0.03
11170,5585,2026-08-18,2026-08-17,0,North,1,45,39.0,0.0,4,1,1,0,0.85,0.03
11171,5586,2026-08-19,2026-08-17,0,South,1,45,44.0,0.0,5,1,1,0,0.85,0.03
11172,5586,2026-08-20,2026-08-17,0,West,1,45,35.0,0.0,3,1,1,0,0.85,0.03
11173,5587,2026-08-21,2026-08-17,0,Central,1,45,40.0,0.0,4,1,1,0,0.85,0.03
11174,5587,2026-08-22,2026-08-17,1,North,1,45,45.0,0.0,5,1,1,0,0.85,0.03
11175,5588,2026-08-23,2026-08-17,1,South,1,45,36.0,0.0,3,1,1,0,0.85,0.03
11176,5588,2026-08-17,2026-08-17,0,West,1,45,41.0,0.0,4,1,1,0,0.85,0.03
11177,5589,2026-08-18,2026-08-17,0,Central,1,45,32.0,0.0,5,1,1,0,0.85,0.03
11178,5589,2026-08-19,2026-08-17,0,North,1,45,37.0,0.0,3,1,1,0,0.85,0.03
11179,5590,2026-08-20,2026-08-17,0,South,1,45,42.0,0.0,4,1,1,0,0.85,0.03
11180,5590,2026-08-21,2026-08-17,0,West,1,45,33.0,0.0,5,1,1,0,0.85,0.03
11181,5591,2026-08-22,2026-08-17,1,Central,1,45,38.0,0.0,3,1,1,0,0.85,0.03
11182,5591,2026-08-23,2026-08-17,1,North,1,45,43.0,0.0,4,1,1,0,0.85,0.03
11183,5592,2026-08-17,2026-08-17,0,South,1,45,34.0,0.0,5,1,1,0,0.85,0.03
11184,5592,2026-08-18,2026-08-17,0,West,1,45,39.0,0.0,3,1,1,0,0.85,0.03
11185,5593,2026-08-19,2026-08-17,0,Central,1,45,44.0,0.0,4,1,1,0,0.85,0.03
11186,5593,2026-08-20,2026-08-17,0,North,1,45,35.0,0.0,5,1,1,0,0.85,0.03
11187,5594,2026-08-21,2026-08-17,0,South,1,45,40.0,0.0,3,1,1,0,0.85,0.03
11188,5594,2026-08-22,2026-08-17,1,West,1,45,45.0,0.0,4,1,1,0,0.85,0.03
11189,5595,2026-08-23,2026-08-17,1,Central,1,45,36.0,0.0,5,1,1,0,0.85,0.03
11190,5595,2026-08-17,2026-08-17,0,North,1,45,41.0,0.0,3,1,1,0,0.85,0.03
11191,5596,2026-08-18,2026-08-17,0,South,1,45,32.0,0.0,4,1,1,0,0.85,0.03
11192,5596,2026-08-19,2026-08-17,0,West,1,45,37.0,0.0,5,1,1,0,0.85,0.03
11193,5597,2026-08-20,2026-08-17,0,Central,1,45,42.0,0.0,3,1,1,0,0.85,0.03
11194,5597,2026-08-21,2026-08-17,0,North,1,45,33.0,0.0,4,1,1,0,0.85,0.03
11195,5598,2026-08-22,2026-08-17,1,South,1,45,38.0,0.0,5,1,1,0,0.85,0.03
11196,5598,2026-08-23,2026-08-17,1,West,1,45,43.0,0.0,3,1,1,0,0.85,0.03
11197,5599,2026-08-17,2026-08-17,0,Central,1,45,34.0,0.0,4,1,1,0,0.85,0.03
11198,5599,2026-08-18,2026-08-17,0,North,1,45,39.0,0.0,5,1,1,0,0.85,0.03
11199,5600,2026-08-19,2026-08-17,0,South,1,45,44.0,0.0,3,1,1,0,0.85,0.03
11200,5600,2026-08-20,2026-08-17,0,West,1,45,35.0,0.0,4,1,1,0,0.85,0.03
11201,5601,2026-08-21,2026-08-17,0,Central,1,45,40.0,0.0,5,1,1,0,0.85,0.03
11202,5601,2026-08-22,2026-08-17,1,North,1,45,45.0,0.0,3,1,1,0,0.85,0.03
11203,5602,2026-08-23,2026-08-17,1,South,1,45,36.0,0.0,4,1,1,0,0.85,0.03
11204,5602,2026-08-17,2026-08-17,0,West,1,45,41.0,0.0,5,1,1,0,0.85,0.03
11205,5603,2026-08-18,2026-08-17,0,Central,1,45,32.0,0.0,3,1,1,0,0.85,0.03
11206,5603,2026-08-19,2026-08-17,0,North,1,45,37.0,0.0,4,1,1,0,0.85,0.03
11207,5604,2026-08-20,2026-08-17,0,South,1,45,42.0,0.0,5,1,1,0,0.85,0.03
11208,5604,2026-08-21,2026-08-17,0,West,1,45,33.0,0.0,3,1,1,0,0.85,0.03
11209,5605,2026-08-22,2026-08-17,1,Central,1,45,38.0,0.0,4,1,1,0,0.85,0.03
11210,5605,2026-08-23,2026-08-17,1,North,1,45,43.0,0.0,5,1,1,0,0.85,0.03
11211,5606,2026-08-17,2026-08-17,0,South,1,45,34.0,0.0,3,1,1,0,0.85,0.03
11212,5606,2026-08-18,2026-08-17,0,West,1,45,39.0,0.0,4,1,1,0,0.85,0.03
11213,5607,2026-08-19,2026-08-17,0,Central,1,45,44.0,0.0,5,1,1,0,0.85,0.03
11214,5607,2026-08-20,2026-08-17,0,North,1,45,35.0,0.0,3,1,1,0,0.85,0.03
11215,5608,2026-08-21,2026-08-17,0,South,1,45,40.0,0.0,4,1,1,0,0.85,0.03
11216,5608,2026-08-22,2026-08-17,1,West,1,45,45.0,0.0,5,1,1,0,0.85,0.03
11217,5609,2026-08-23,2026-08-17,1,Central,1,45,36.0,0.0,3,1,1,0,0.85,0.03
11218,5609,2026-08-17,2026-08-17,0,North,1,45,41.0,0.0,4,1,1,0,0.85,0.03
11219,5610,2026-08-18,2026-08-17,0,South,1,45,32.0,0.0,5,1,1,0,0.85,0.03
11220,5610,2026-08-19,2026-08-17,0,West,1,45,37.0,0.0,3,1,1,0,0.85,0.03
11221,5611,2026-08-20,2026-08-17,0,Central,1,45,42.0,0.0,4,1,1,0,0.85,0.03
11222,5611,2026-08-21,2026-08-17,0,North,1,45,33.0,0.0,5,1,1,0,0.85,0.03
11223,5612,2026-08-22,2026-08-17,1,South,1,45,38.0,0.0,3,1,1,0,0.85,0.03
11224,5612,2026-08-23,2026-08-17,1,West,1,45,43.0,0.0,4,1,1,0,0.85,0.03
11225,5613,2026-08-17,2026-08-17,0,Central,1,45,34.0,0.0,5,1,1,0,0.85,0.03
11226,5613,2026-08-18,2026-08-17,0,North,1,45,39.0,0.0,3,1,1,0,0.85,0.03
11227,5614,2026-08-19,2026-08-17,0,South,1,45,44.0,0.0,4,1,1,0,0.85,0.03
11228,5614,2026-08-20,2026-08-17,0,West,1,45,35.0,0.0,5,1,1,0,0.85,0.03
11229,5615,2026-08-21,2026-08-17,0,Central,1,45,40.0,0.0,3,1,1,0,0.85,0.03
11230,5615,2026-08-22,2026-08-17,1,North,1,45,45.0,0.0,4,1,1,0,0.85,0.03
11231,5616,2026-08-23,2026-08-17,1,South,1,45,36.0,0.0,5,1,1,0,0.85,0.03
11232,5616,2026-08-17,2026-08-17,0,West,1,45,41.0,0.0,3,1,1,0,0.85,0.03
11233,5617,2026-08-18,2026-08-17,0,Central,1,45,32.0,0.0,4,1,1,0,0.85,0.03
11234,5617,2026-08-19,2026-08-17,0,North,1,45,37.0,0.0,5,1,1,0,0.85,0.03
11235,5618,2026-08-20,2026-08-17,0,South,1,45,42.0,0.0,3,1,1,0,0.85,0.03
11236,5618,2026-08-21,2026-08-17,0,West,1,45,33.0,0.0,4,1,1,0,0.85,0.03
11237,5619,2026-08-22,2026-08-17,1,Central,1,45,38.0,0.0,5,1,1,0,0.85,0.03
11238,5619,2026-08-23,2026-08-17,1,North,1,45,43.0,0.0,3,1,1,0,0.85,0.03
11239,5620,2026-08-17,2026-08-17,0,South,1,45,34.0,0.0,4,1,1,0,0.85,0.03
11240,5620,2026-08-18,2026-08-17,0,West,1,45,39.0,0.0,5,1,1,0,0.85,0.03
11241,5621,2026-08-19,2026-08-17,0,Central,1,45,44.0,0.0,3,1,1,0,0.85,0.03
11242,5621,2026-08-20,2026-08-17,0,North,1,45,35.0,0.0,4,1,1,0,0.85,0.03
11243,5622,2026-08-21,2026-08-17,0,South,1,45,40.0,0.0,5,1,1,0,0.85,0.03
11244,5622,2026-08-22,2026-08-17,1,West,1,45,45.0,0.0,3,1,1,0,0.85,0.03
11245,5623,2026-08-23,2026-08-17,1,Central,1,45,36.0,0.0,4,1,1,0,0.85,0.03
11246,5623,2026-08-17,2026-08-17,0,North,1,45,41.0,0.0,5,1,1,0,0.85,0.03
11247,5624,2026-08-18,2026-08-17,0,South,1,45,32.0,0.0,3,1,1,0,0.85,0.03
11248,5624,2026-08-19,2026-08-17,0,West,1,45,37.0,0.0,4,1,1,0,0.85,0.03
11249,5625,2026-08-20,2026-08-17,0,Central,1,45,42.0,0.0,5,1,1,0,0.85,0.03
11250,5625,2026-08-21,2026-08-17,0,North,1,45,33.0,0.0,3,1,1,0,0.85,0.03
11251,5626,2026-08-22,2026-08-17,1,South,1,45,38.0,0.0,4,1,1,0,0.85,0.03
11252,5626,2026-08-23,2026-08-17,1,West,1,45,43.0,0.0,5,1,1,0,0.85,0.03
11253,5627,2026-08-17,2026-08-17,0,Central,1,45,34.0,0.0,3,1,1,0,0.85,0.03
11254,5627,2026-08-18,2026-08-17,0,North,1,45,39.0,0.0,4,1,1,0,0.85,0.03
11255,5628,2026-08-19,2026-08-17,0,South,1,45,44.0,0.0,5,1,1,0,0.85,0.03
11256,5628,2026-08-20,2026-08-17,0,West,1,45,35.0,0.0,3,1,1,0,0.85,0.03
11257,5629,2026-08-21,2026-08-17,0,Central,1,45,40.0,0.0,4,1,1,0,0.85,0.03
11258,5629,2026-08-22,2026-08-17,1,North,1,45,45.0,0.0,5,1,1,0,0.85,0.03
11259,5630,2026-08-23,2026-08-17,1,South,1,45,36.0,0.0,3,1,1,0,0.85,0.03
11260,5630,2026-08-17,2026-08-17,0,West,1,45,41.0,0.0,4,1,1,0,0.85,0.03
11261,5631,2026-08-18,2026-08-17,0,Central,1,45,32.0,0.0,5,1,1,0,0.85,0.03
11262,5631,2026-08-19,2026-08-17,0,North,1,45,37.0,0.0,3,1,1,0,0.85,0.03
11263,5632,2026-08-20,2026-08-17,0,South,1,45,42.0,0.0,4,1,1,0,0.85,0.03
11264,5632,2026-08-21,2026-08-17,0,West,1,45,33.0,0.0,5,1,1,0,0.85,0.03
11265,5633,2026-08-22,2026-08-17,1,Central,1,45,38.0,0.0,3,1,1,0,0.85,0.03
11266,5633,2026-08-23,2026-08-17,1,North,1,45,43.0,0.0,4,1,1,0,0.85,0.03
11267,5634,2026-08-17,2026-08-17,0,South,1,45,34.0,0.0,5,1,1,0,0.85,0.03
11268,5634,2026-08-18,2026-08-17,0,West,1,45,39.0,0.0,3,1,1,0,0.85,0.03
11269,5635,2026-08-19,2026-08-17,0,Central,1,45,44.0,0.0,4,1,1,0,0.85,0.03
11270,5635,2026-08-20,2026-08-17,0,North,1,45,35.0,0.0,5,1,1,0,0.85,0.03
11271,5636,2026-08-21,2026-08-17,0,South,1,45,40.0,0.0,3,1,1,0,0.85,0.03
11272,5636,2026-08-22,2026-08-17,1,West,1,45,45.0,0.0,4,1,1,0,0.85,0.03
11273,5637,2026-08-23,2026-08-17,1,Central,1,45,36.0,0.0,5,1,1,0,0.85,0.03
11274,5637,2026-08-17,2026-08-17,0,North,1,45,41.0,0.0,3,1,1,0,0.85,0.03
11275,5638,2026-08-18,2026-08-17,0,South,1,45,32.0,0.0,4,1,1,0,0.85,0.03
11276,5638,2026-08-19,2026-08-17,0,West,1,45,37.0,0.0,5,1,1,0,0.85,0.03
11277,5639,2026-08-20,2026-08-17,0,Central,1,45,42.0,0.0,3,1,1,0,0.85,0.03
11278,5639,2026-08-21,2026-08-17,0,North,1,45,33.0,0.0,4,1,1,0,0.85,0.03
11279,5640,2026-08-22,2026-08-17,1,South,1,45,38.0,0.0,5,1,1,0,0.85,0.03
11280,5640,2026-08-23,2026-08-17,1,West,1,45,43.0,0.0,3,1,1,0,0.85,0.03
11281,5641,2026-08-17,2026-08-17,0,Central,1,45,34.0,0.0,4,1,1,0,0.85,0.03
11282,5641,2026-08-18,2026-08-17,0,North,1,45,39.0,0.0,5,1,1,0,0.85,0.03
11283,5642,2026-08-19,2026-08-17,0,South,1,45,44.0,0.0,3,1,1,0,0.85,0.03
11284,5642,2026-08-20,2026-08-17,0,West,1,45,35.0,0.0,4,1,1,0,0.85,0.03
11285,5643,2026-08-21,2026-08-17,0,Central,1,45,40.0,0.0,5,1,1,0,0.85,0.03
11286,5643,2026-08-22,2026-08-17,1,North,1,45,45.0,0.0,3,1,1,0,0.85,0.03
11287,5644,2026-08-23,2026-08-17,1,South,1,45,36.0,0.0,4,1,1,0,0.85,0.03
11288,5644,2026-08-17,2026-08-17,0,West,1,45,41.0,0.0,5,1,1,0,0.85,0.03
11289,5645,2026-08-18,2026-08-17,0,Central,1,45,32.0,0.0,3,1,1,0,0.85,0.03
11290,5645,2026-08-19,2026-08-17,0,North,1,45,37.0,0.0,4,1,1,0,0.85,0.03
11291,5646,2026-08-20,2026-08-17,0,South,1,45,42.0,0.0,5,1,1,0,0.85,0.03
11292,5646,2026-08-21,2026-08-17,0,West,1,45,33.0,0.0,3,1,1,0,0.85,0.03
11293,5647,2026-08-22,2026-08-17,1,Central,1,45,38.0,0.0,4,1,1,0,0.85,0.03
11294,5647,2026-08-23,2026-08-17,1,North,1,45,43.0,0.0,5,1,1,0,0.85,0.03
11295,5648,2026-08-17,2026-08-17,0,South,1,45,34.0,0.0,3,1,1,0,0.85,0.03
11296,5648,2026-08-18,2026-08-17,0,West,1,45,39.0,0.0,4,1,1,0,0.85,0.03
11297,5649,2026-08-19,2026-08-17,0,Central,1,45,44.0,0.0,5,1,1,0,0.85,0.03
11298,5649,2026-08-20,2026-08-17,0,North,1,45,35.0,0.0,3,1,1,0,0.85,0.03
11299,5650,2026-08-21,2026-08-17,0,South,1,45,40.0,0.0,4,1,1,0,0.85,0.03
11300,5650,2026-08-22,2026-08-17,1,West,1,45,45.0,0.0,5,1,1,0,0.85,0.03
11301,5651,2026-08-23,2026-08-17,1,Central,1,45,36.0,0.0,3,1,1,0,0.85,0.03
11302,5651,2026-08-17,2026-08-17,0,North,1,45,41.0,0.0,4,1,1,0,0.85,0.03
11303,5652,2026-08-18,2026-08-17,0,South,1,45,32.0,0.0,5,1,1,0,0.85,0.03
11304,5652,2026-08-19,2026-08-17,0,West,1,45,37.0,0.0,3,1,1,0,0.85,0.03
11305,5653,2026-08-20,2026-08-17,0,Central,1,45,42.0,0.0,4,1,1,0,0.85,0.03
11306,5653,2026-08-21,2026-08-17,0,North,1,45,33.0,0.0,5,1,1,0,0.85,0.03
11307,5654,2026-08-22,2026-08-17,1,South,1,45,38.0,0.0,3,1,1,0,0.85,0.03
11308,5654,2026-08-23,2026-08-17,1,West,1,45,43.0,0.0,4,1,1,0,0.85,0.03
11309,5655,2026-08-17,2026-08-17,0,Central,1,45,34.0,0.0,5,1,1,0,0.85,0.03
11310,5655,2026-08-18,2026-08-17,0,North,1,45,39.0,0.0,3,1,1,0,0.85,0.03
11311,5656,2026-08-19,2026-08-17,0,South,1,45,44.0,0.0,4,1,1,0,0.85,0.03
11312,5656,2026-08-20,2026-08-17,0,West,1,45,35.0,0.0,5,1,1,0,0.85,0.03
11313,5657,2026-08-21,2026-08-17,0,Central,1,45,40.0,0.0,3,1,1,0,0.85,0.03
11314,5657,2026-08-22,2026-08-17,1,North,1,45,45.0,0.0,4,1,1,0,0.85,0.03
11315,5658,2026-08-23,2026-08-17,1,South,1,45,36.0,0.0,5,1,1,0,0.85,0.03
11316,5658,2026-08-17,2026-08-17,0,West,1,45,41.0,0.0,3,1,1,0,0.85,0.03
11317,5659,2026-08-18,2026-08-17,0,Central,1,45,32.0,0.0,4,1,1,0,0.85,0.03
11318,5659,2026-08-19,2026-08-17,0,North,1,45,37.0,0.0,5,1,1,0,0.85,0.03
11319,5660,2026-08-20,2026-08-17,0,South,1,45,42.0,0.0,3,1,1,0,0.85,0.03
11320,5660,2026-08-21,2026-08-17,0,West,1,45,33.0,0.0,4,1,1,0,0.85,0.03
11321,5661,2026-08-22,2026-08-17,1,Central,1,45,38.0,0.0,5,1,1,0,0.85,0.03
11322,5661,2026-08-23,2026-08-17,1,North,1,45,43.0,0.0,3,1,1,0,0.85,0.03
11323,5662,2026-08-17,2026-08-17,0,South,1,45,34.0,0.0,4,1,1,0,0.85,0.03
11324,5662,2026-08-18,2026-08-17,0,West,1,45,39.0,0.0,5,1,1,0,0.85,0.03
11325,5663,2026-08-19,2026-08-17,0,Central,1,45,44.0,0.0,3,1,1,0,0.85,0.03
11326,5663,2026-08-20,2026-08-17,0,North,1,45,35.0,0.0,4,1,1,0,0.85,0.03
11327,5664,2026-08-21,2026-08-17,0,South,1,45,40.0,0.0,5,1,1,0,0.85,0.03
11328,5664,2026-08-22,2026-08-17,1,West,1,45,45.0,0.0,3,1,1,0,0.85,0.03
11329,5665,2026-08-23,2026-08-17,1,Central,1,45,36.0,0.0,4,1,1,0,0.85,0.03
11330,5665,2026-08-17,2026-08-17,0,North,1,45,41.0,0.0,5,1,1,0,0.85,0.03
11331,5666,2026-08-18,2026-08-17,0,South,1,45,32.0,0.0,3,1,1,0,0.85,0.03
11332,5666,2026-08-19,2026-08-17,0,West,1,45,37.0,0.0,4,1,1,0,0.85,0.03
11333,5667,2026-08-20,2026-08-17,0,Central,1,45,42.0,0.0,5,1,1,0,0.85,0.03
11334,5667,2026-08-21,2026-08-17,0,North,1,45,33.0,0.0,3,1,1,0,0.85,0.03
11335,5668,2026-08-22,2026-08-17,1,South,1,45,38.0,0.0,4,1,1,0,0.85,0.03
11336,5668,2026-08-23,2026-08-17,1,West,1,45,43.0,0.0,5,1,1,0,0.85,0.03
11337,5669,2026-08-17,2026-08-17,0,Central,1,45,34.0,0.0,3,1,1,0,0.85,0.03
11338,5669,2026-08-18,2026-08-17,0,North,1,45,39.0,0.0,4,1,1,0,0.85,0.03
11339,5670,2026-08-19,2026-08-17,0,South,1,45,44.0,0.0,5,1,1,0,0.85,0.03
11340,5670,2026-08-20,2026-08-17,0,West,1,45,35.0,0.0,3,1,1,0,0.85,0.03
11341,5671,2026-08-21,2026-08-17,0,Central,1,45,40.0,0.0,4,1,1,0,0.85,0.03
11342,5671,2026-08-22,2026-08-17,1,North,1,45,45.0,0.0,5,1,1,0,0.85,0.03
11343,5672,2026-08-23,2026-08-17,1,South,1,45,36.0,0.0,3,1,1,0,0.85,0.03
11344,5672,2026-08-17,2026-08-17,0,West,1,45,41.0,0.0,4,1,1,0,0.85,0.03
11345,5673,2026-08-18,2026-08-17,0,Central,1,45,32.0,0.0,5,1,1,0,0.85,0.03
11346,5673,2026-08-19,2026-08-17,0,North,1,45,37.0,0.0,3,1,1,0,0.85,0.03
11347,5674,2026-08-20,2026-08-17,0,South,1,45,42.0,0.0,4,1,1,0,0.85,0.03
11348,5674,2026-08-21,2026-08-17,0,West,1,45,33.0,0.0,5,1,1,0,0.85,0.03
11349,5675,2026-08-22,2026-08-17,1,Central,1,45,38.0,0.0,3,1,1,0,0.85,0.03
11350,5675,2026-08-23,2026-08-17,1,North,1,45,43.0,0.0,4,1,1,0,0.85,0.03
11351,5676,2026-08-17,2026-08-17,0,South,1,45,34.0,0.0,5,1,1,0,0.85,0.03
11352,5676,2026-08-18,2026-08-17,0,West,1,45,39.0,0.0,3,1,1,0,0.85,0.03
11353,5677,2026-08-19,2026-08-17,0,Central,1,45,44.0,0.0,4,1,1,0,0.85,0.03
11354,5677,2026-08-20,2026-08-17,0,North,1,45,35.0,0.0,5,1,1,0,0.85,0.03
11355,5678,2026-08-21,2026-08-17,0,South,1,45,40.0,0.0,3,1,1,0,0.85,0.03
11356,5678,2026-08-22,2026-08-17,1,West,1,45,45.0,0.0,4,1,1,0,0.85,0.03
11357,5679,2026-08-23,2026-08-17,1,Central,1,45,36.0,0.0,5,1,1,0,0.85,0.03
11358,5679,2026-08-17,2026-08-17,0,North,1,45,41.0,0.0,3,1,1,0,0.85,0.03
11359,5680,2026-08-18,2026-08-17,0,South,1,45,32.0,0.0,4,1,1,0,0.85,0.03
11360,5680,2026-08-19,2026-08-17,0,West,1,45,37.0,0.0,5,1,1,0,0.85,0.03
11361,5681,2026-08-20,2026-08-17,0,Central,1,45,42.0,0.0,3,1,1,0,0.85,0.03
11362,5681,2026-08-21,2026-08-17,0,North,1,45,33.0,0.0,4,1,1,0,0.85,0.03
11363,5682,2026-08-22,2026-08-17,1,South,1,45,38.0,0.0,5,1,1,0,0.85,0.03
11364,5682,2026-08-23,2026-08-17,1,West,1,45,43.0,0.0,3,1,1,0,0.85,0.03
11365,5683,2026-08-17,2026-08-17,0,Central,1,45,34.0,0.0,4,1,1,0,0.85,0.03
11366,5683,2026-08-18,2026-08-17,0,North,1,45,39.0,0.0,5,1,1,0,0.85,0.03
11367,5684,2026-08-19,2026-08-17,0,South,1,45,44.0,0.0,3,1,1,0,0.85,0.03
11368,5684,2026-08-20,2026-08-17,0,West,1,45,35.0,0.0,4,1,1,0,0.85,0.03
11369,5685,2026-08-21,2026-08-17,0,Central,1,45,40.0,0.0,5,1,1,0,0.85,0.03
11370,5685,2026-08-22,2026-08-17,1,North,1,45,45.0,0.0,3,1,1,0,0.85,0.03
11371,5686,2026-08-23,2026-08-17,1,South,1,45,36.0,0.0,4,1,1,0,0.85,0.03
11372,5686,2026-08-17,2026-08-17,0,West,1,45,41.0,0.0,5,1,1,0,0.85,0.03
11373,5687,2026-08-18,2026-08-17,0,Central,1,45,32.0,0.0,3,1,1,0,0.85,0.03
11374,5687,2026-08-19,2026-08-17,0,North,1,45,37.0,0.0,4,1,1,0,0.85,0.03
11375,5688,2026-08-20,2026-08-17,0,South,1,45,42.0,0.0,5,1,1,0,0.85,0.03
11376,5688,2026-08-21,2026-08-17,0,West,1,45,33.0,0.0,3,1,1,0,0.85,0.03
11377,5689,2026-08-22,2026-08-17,1,Central,1,45,38.0,0.0,4,1,1,0,0.85,0.03
11378,5689,2026-08-23,2026-08-17,1,North,1,45,43.0,0.0,5,1,1,0,0.85,0.03
11379,5690,2026-08-17,2026-08-17,0,South,1,45,34.0,0.0,3,1,1,0,0.85,0.03
11380,5690,2026-08-18,2026-08-17,0,West,1,45,39.0,0.0,4,1,1,0,0.85,0.03
11381,5691,2026-08-19,2026-08-17,0,Central,1,45,44.0,0.0,5,1,1,0,0.85,0.03
11382,5691,2026-08-20,2026-08-17,0,North,1,45,35.0,0.0,3,1,1,0,0.85,0.03
11383,5692,2026-08-21,2026-08-17,0,South,1,45,40.0,0.0,4,1,1,0,0.85,0.03
11384,5692,2026-08-22,2026-08-17,1,West,1,45,45.0,0.0,5,1,1,0,0.85,0.03
11385,5693,2026-08-23,2026-08-17,1,Central,1,45,36.0,0.0,3,1,1,0,0.85,0.03
11386,5693,2026-08-17,2026-08-17,0,North,1,45,41.0,0.0,4,1,1,0,0.85,0.03
11387,5694,2026-08-18,2026-08-17,0,South,1,45,32.0,0.0,5,1,1,0,0.85,0.03
11388,5694,2026-08-19,2026-08-17,0,West,1,45,37.0,0.0,3,1,1,0,0.85,0.03
11389,5695,2026-08-20,2026-08-17,0,Central,1,45,42.0,0.0,4,1,1,0,0.85,0.03
11390,5695,2026-08-21,2026-08-17,0,North,1,45,33.0,0.0,5,1,1,0,0.85,0.03
11391,5696,2026-08-22,2026-08-17,1,South,1,45,38.0,0.0,3,1,1,0,0.85,0.03
11392,5696,2026-08-23,2026-08-17,1,West,1,45,43.0,0.0,4,1,1,0,0.85,0.03
11393,5697,2026-08-17,2026-08-17,0,Central,1,45,34.0,0.0,5,1,1,0,0.85,0.03
11394,5697,2026-08-18,2026-08-17,0,North,1,45,39.0,0.0,3,1,1,0,0.85,0.03
11395,5698,2026-08-19,2026-08-17,0,South,1,45,44.0,0.0,4,1,1,0,0.85,0.03
11396,5698,2026-08-20,2026-08-17,0,West,1,45,35.0,0.0,5,1,1,0,0.85,0.03
11397,5699,2026-08-21,2026-08-17,0,Central,1,45,40.0,0.0,3,1,1,0,0.85,0.03
11398,5699,2026-08-22,2026-08-17,1,North,1,45,45.0,0.0,4,1,1,0,0.85,0.03
11399,5700,2026-08-23,2026-08-17,1,South,1,45,36.0,0.0,5,1,1,0,0.85,0.03
11400,5700,2026-08-17,2026-08-17,0,West,1,45,41.0,0.0,3,1,1,0,0.85,0.03
11401,5701,2026-08-18,2026-08-17,0,Central,1,45,32.0,0.0,4,1,1,0,0.85,0.03
11402,5701,2026-08-19,2026-08-17,0,North,1,45,37.0,0.0,5,1,1,0,0.85,0.03
11403,5702,2026-08-20,2026-08-17,0,South,1,45,42.0,0.0,3,1,1,0,0.85,0.03
11404,5702,2026-08-21,2026-08-17,0,West,1,45,33.0,0.0,4,1,1,0,0.85,0.03
11405,5703,2026-08-22,2026-08-17,1,Central,1,45,38.0,0.0,5,1,1,0,0.85,0.03
11406,5703,2026-08-23,2026-08-17,1,North,1,45,43.0,0.0,3,1,1,0,0.85,0.03
11407,5704,2026-08-17,2026-08-17,0,South,1,45,34.0,0.0,4,1,1,0,0.85,0.03
11408,5704,2026-08-18,2026-08-17,0,West,1,45,39.0,0.0,5,1,1,0,0.85,0.03
11409,5705,2026-08-19,2026-08-17,0,Central,1,45,44.0,0.0,3,1,1,0,0.85,0.03
11410,5705,2026-08-20,2026-08-17,0,North,1,45,35.0,0.0,4,1,1,0,0.85,0.03
11411,5706,2026-08-21,2026-08-17,0,South,1,45,40.0,0.0,5,1,1,0,0.85,0.03
11412,5706,2026-08-22,2026-08-17,1,West,1,45,45.0,0.0,3,1,1,0,0.85,0.03
11413,5707,2026-08-23,2026-08-17,1,Central,1,45,36.0,0.0,4,1,1,0,0.85,0.03
11414,5707,2026-08-17,2026-08-17,0,North,1,45,41.0,0.0,5,1,1,0,0.85,0.03
11415,5708,2026-08-18,2026-08-17,0,South,1,45,32.0,0.0,3,1,1,0,0.85,0.03
11416,5708,2026-08-19,2026-08-17,0,West,1,45,37.0,0.0,4,1,1,0,0.85,0.03
11417,5709,2026-08-20,2026-08-17,0,Central,1,45,42.0,0.0,5,1,1,0,0.85,0.03
11418,5709,2026-08-21,2026-08-17,0,North,1,45,33.0,0.0,3,1,1,0,0.85,0.03
11419,5710,2026-08-22,2026-08-17,1,South,1,45,38.0,0.0,4,1,1,0,0.85,0.03
11420,5710,2026-08-23,2026-08-17,1,West,1,45,43.0,0.0,5,1,1,0,0.85,0.03
11421,5711,2026-08-17,2026-08-17,0,Central,1,45,34.0,0.0,3,1,1,0,0.85,0.03
11422,5711,2026-08-18,2026-08-17,0,North,1,45,39.0,0.0,4,1,1,0,0.85,0.03
11423,5712,2026-08-19,2026-08-17,0,South,1,45,44.0,0.0,5,1,1,0,0.85,0.03
11424,5712,2026-08-20,2026-08-17,0,West,1,45,35.0,0.0,3,1,1,0,0.85,0.03
11425,5713,2026-08-21,2026-08-17,0,Central,1,45,40.0,0.0,4,1,1,0,0.85,0.03
11426,5713,2026-08-22,2026-08-17,1,North,1,45,45.0,0.0,5,1,1,0,0.85,0.03
11427,5714,2026-08-23,2026-08-17,1,South,1,45,36.0,0.0,3,1,1,0,0.85,0.03
11428,5714,2026-08-17,2026-08-17,0,West,1,45,41.0,0.0,4,1,1,0,0.85,0.03
11429,5715,2026-08-18,2026-08-17,0,Central,1,45,32.0,0.0,5,1,1,0,0.85,0.03
11430,5715,2026-08-19,2026-08-17,0,North,1,45,37.0,0.0,3,1,1,0,0.85,0.03
11431,5716,2026-08-20,2026-08-17,0,South,1,45,42.0,0.0,4,1,1,0,0.85,0.03
11432,5716,2026-08-21,2026-08-17,0,West,1,45,33.0,0.0,5,1,1,0,0.85,0.03
11433,5717,2026-08-22,2026-08-17,1,Central,1,45,38.0,0.0,3,1,1,0,0.85,0.03
11434,5717,2026-08-23,2026-08-17,1,North,1,45,43.0,0.0,4,1,1,0,0.85,0.03
11435,5718,2026-08-17,2026-08-17,0,South,1,45,34.0,0.0,5,1,1,0,0.85,0.03
11436,5718,2026-08-18,2026-08-17,0,West,1,45,39.0,0.0,3,1,1,0,0.85,0.03
11437,5719,2026-08-19,2026-08-17,0,Central,1,45,44.0,0.0,4,1,1,0,0.85,0.03
11438,5719,2026-08-20,2026-08-17,0,North,1,45,35.0,0.0,5,1,1,0,0.85,0.03
11439,5720,2026-08-21,2026-08-17,0,South,1,45,40.0,0.0,3,1,1,0,0.85,0.03
11440,5720,2026-08-22,2026-08-17,1,West,1,45,45.0,0.0,4,1,1,0,0.85,0.03
11441,5721,2026-08-23,2026-08-17,1,Central,1,45,36.0,0.0,5,1,1,0,0.85,0.03
11442,5721,2026-08-17,2026-08-17,0,North,1,45,41.0,0.0,3,1,1,0,0.85,0.03
11443,5722,2026-08-18,2026-08-17,0,South,1,45,32.0,0.0,4,1,1,0,0.85,0.03
11444,5722,2026-08-19,2026-08-17,0,West,1,45,37.0,0.0,5,1,1,0,0.85,0.03
11445,5723,2026-08-20,2026-08-17,0,Central,1,45,42.0,0.0,3,1,1,0,0.85,0.03
11446,5723,2026-08-21,2026-08-17,0,North,1,45,33.0,0.0,4,1,1,0,0.85,0.03
11447,5724,2026-08-22,2026-08-17,1,South,1,45,38.0,0.0,5,1,1,0,0.85,0.03
11448,5724,2026-08-23,2026-08-17,1,West,1,45,43.0,0.0,3,1,1,0,0.85,0.03
11449,5725,2026-08-17,2026-08-17,0,Central,1,45,34.0,0.0,4,1,1,0,0.85,0.03
11450,5725,2026-08-18,2026-08-17,0,North,1,45,39.0,0.0,5,1,1,0,0.85,0.03
11451,5726,2026-08-19,2026-08-17,0,South,1,45,44.0,0.0,3,1,1,0,0.85,0.03
11452,5726,2026-08-20,2026-08-17,0,West,1,45,35.0,0.0,4,1,1,0,0.85,0.03
11453,5727,2026-08-21,2026-08-17,0,Central,1,45,40.0,0.0,5,1,1,0,0.85,0.03
11454,5727,2026-08-22,2026-08-17,1,North,1,45,45.0,0.0,3,1,1,0,0.85,0.03
11455,5728,2026-08-23,2026-08-17,1,South,1,45,36.0,0.0,4,1,1,0,0.85,0.03
11456,5728,2026-08-17,2026-08-17,0,West,1,45,41.0,0.0,5,1,1,0,0.85,0.03
11457,5729,2026-08-18,2026-08-17,0,Central,1,45,32.0,0.0,3,1,1,0,0.85,0.03
11458,5729,2026-08-19,2026-08-17,0,North,1,45,37.0,0.0,4,1,1,0,0.85,0.03
11459,5730,2026-08-20,2026-08-17,0,South,1,45,42.0,0.0,5,1,1,0,0.85,0.03
11460,5730,2026-08-21,2026-08-17,0,West,1,45,33.0,0.0,3,1,1,0,0.85,0.03
11461,5731,2026-08-22,2026-08-17,1,Central,1,45,38.0,0.0,4,1,1,0,0.85,0.03
11462,5731,2026-08-23,2026-08-17,1,North,1,45,43.0,0.0,5,1,1,0,0.85,0.03
11463,5732,2026-08-17,2026-08-17,0,South,1,45,34.0,0.0,3,1,1,0,0.85,0.03
11464,5732,2026-08-18,2026-08-17,0,West,1,45,39.0,0.0,4,1,1,0,0.85,0.03
11465,5733,2026-08-19,2026-08-17,0,Central,1,45,44.0,0.0,5,1,1,0,0.85,0.03
11466,5733,2026-08-20,2026-08-17,0,North,1,45,35.0,0.0,3,1,1,0,0.85,0.03
11467,5734,2026-08-21,2026-08-17,0,South,1,45,40.0,0.0,4,1,1,0,0.85,0.03
11468,5734,2026-08-22,2026-08-17,1,West,1,45,45.0,0.0,5,1,1,0,0.85,0.03
11469,5735,2026-08-23,2026-08-17,1,Central,1,45,36.0,0.0,3,1,1,0,0.85,0.03
11470,5735,2026-08-17,2026-08-17,0,North,1,45,41.0,0.0,4,1,1,0,0.85,0.03
11471,5736,2026-08-18,2026-08-17,0,South,1,45,32.0,0.0,5,1,1,0,0.85,0.03
11472,5736,2026-08-19,2026-08-17,0,West,1,45,37.0,0.0,3,1,1,0,0.85,0.03
11473,5737,2026-08-20,2026-08-17,0,Central,1,45,42.0,0.0,4,1,1,0,0.85,0.03
11474,5737,2026-08-21,2026-08-17,0,North,1,45,33.0,0.0,5,1,1,0,0.85,0.03
11475,5738,2026-08-22,2026-08-17,1,South,1,45,38.0,0.0,3,1,1,0,0.85,0.03
11476,5738,2026-08-23,2026-08-17,1,West,1,45,43.0,0.0,4,1,1,0,0.85,0.03
11477,5739,2026-08-17,2026-08-17,0,Central,1,45,34.0,0.0,5,1,1,0,0.85,0.03
11478,5739,2026-08-18,2026-08-17,0,North,1,45,39.0,0.0,3,1,1,0,0.85,0.03
11479,5740,2026-08-19,2026-08-17,0,South,1,45,44.0,0.0,4,1,1,0,0.85,0.03
11480,5740,2026-08-20,2026-08-17,0,West,1,45,35.0,0.0,5,1,1,0,0.85,0.03
11481,5741,2026-08-21,2026-08-17,0,Central,1,45,40.0,0.0,3,1,1,0,0.85,0.03
11482,5741,2026-08-22,2026-08-17,1,North,1,45,45.0,0.0,4,1,1,0,0.85,0.03
11483,5742,2026-08-23,2026-08-17,1,South,1,45,36.0,0.0,5,1,1,0,0.85,0.03
11484,5742,2026-08-17,2026-08-17,0,West,1,45,41.0,0.0,3,1,1,0,0.85,0.03
11485,5743,2026-08-18,2026-08-17,0,Central,1,45,32.0,0.0,4,1,1,0,0.85,0.03
11486,5743,2026-08-19,2026-08-17,0,North,1,45,37.0,0.0,5,1,1,0,0.85,0.03
11487,5744,2026-08-20,2026-08-17,0,South,1,45,42.0,0.0,3,1,1,0,0.85,0.03
11488,5744,2026-08-21,2026-08-17,0,West,1,45,33.0,0.0,4,1,1,0,0.85,0.03
11489,5745,2026-08-22,2026-08-17,1,Central,1,45,38.0,0.0,5,1,1,0,0.85,0.03
11490,5745,2026-08-23,2026-08-17,1,North,1,45,43.0,0.0,3,1,1,0,0.85,0.03
11491,5746,2026-08-17,2026-08-17,0,South,1,45,34.0,0.0,4,1,1,0,0.85,0.03
11492,5746,2026-08-18,2026-08-17,0,West,1,45,39.0,0.0,5,1,1,0,0.85,0.03
11493,5747,2026-08-19,2026-08-17,0,Central,1,45,44.0,0.0,3,1,1,0,0.85,0.03
11494,5747,2026-08-20,2026-08-17,0,North,1,45,35.0,0.0,4,1,1,0,0.85,0.03
11495,5748,2026-08-21,2026-08-17,0,South,1,45,40.0,0.0,5,1,1,0,0.85,0.03
11496,5748,2026-08-22,2026-08-17,1,West,1,45,45.0,0.0,3,1,1,0,0.85,0.03
11497,5749,2026-08-23,2026-08-17,1,Central,1,45,36.0,0.0,4,1,1,0,0.85,0.03
11498,5749,2026-08-17,2026-08-17,0,North,1,45,41.0,0.0,5,1,1,0,0.85,0.03
11499,5750,2026-08-18,2026-08-17,0,South,1,45,32.0,0.0,3,1,1,0,0.85,0.03
11500,5750,2026-08-19,2026-08-17,0,West,1,45,37.0,0.0,4,1,1,0,0.85,0.03
11501,5751,2026-08-24,2026-08-24,0,Central,3,45,47.0,2.0,1,1,0,1,0.85,0.03
11502,5751,2026-08-25,2026-08-24,0,North,3,45,47.0,2.0,1,1,0,1,0.85,0.03
11503,5752,2026-08-26,2026-08-24,0,South,3,45,47.0,2.0,1,1,0,1,0.85,0.03
11504,5752,2026-08-27,2026-08-24,0,West,3,45,47.0,2.0,1,1,0,1,0.85,0.03
11505,5753,2026-08-28,2026-08-24,0,Central,3,45,47.0,2.0,1,1,0,1,0.85,0.03
11506,5753,2026-08-29,2026-08-24,1,North,3,45,47.0,2.0,1,1,0,1,0.85,0.03
11507,5754,2026-08-30,2026-08-24,1,South,3,45,47.0,2.0,1,1,0,1,0.85,0.03
11508,5754,2026-08-24,2026-08-24,0,West,3,45,47.0,2.0,1,1,0,1,0.85,0.03
11509,5755,2026-08-25,2026-08-24,0,Central,3,45,47.0,2.0,1,1,0,1,0.85,0.03
11510,5755,2026-08-26,2026-08-24,0,North,3,45,47.0,2.0,1,1,0,1,0.85,0.03
11511,5756,2026-08-27,2026-08-24,0,South,3,45,47.0,2.0,1,1,0,1,0.85,0.03
11512,5756,2026-08-28,2026-08-24,0,West,3,45,47.0,2.0,1,1,0,1,0.85,0.03
11513,5757,2026-08-29,2026-08-24,1,Central,3,45,47.0,2.0,1,1,0,1,0.85,0.03
11514,5757,2026-08-30,2026-08-24,1,North,3,45,47.0,2.0,1,1,0,1,0.85,0.03
11515,5758,2026-08-24,2026-08-24,0,South,3,45,47.0,2.0,2,1,0,0,0.85,0.03
11516,5758,2026-08-25,2026-08-24,0,West,3,45,47.0,2.0,2,1,0,0,0.85,0.03
11517,5759,2026-08-26,2026-08-24,0,Central,3,45,47.0,2.0,2,1,0,0,0.85,0.03
11518,5759,2026-08-27,2026-08-24,0,North,3,45,47.0,2.0,2,1,0,0,0.85,0.03
11519,5760,2026-08-28,2026-08-24,0,South,3,45,47.0,2.0,2,1,0,0,0.85,0.03
11520,5760,2026-08-29,2026-08-24,1,West,3,45,47.0,2.0,2,1,0,0,0.85,0.03
11521,5761,2026-08-30,2026-08-24,1,Central,3,45,52.0,7.0,2,1,0,0,0.85,0.03
11522,5761,2026-08-24,2026-08-24,0,North,3,45,52.0,7.0,2,1,0,0,0.85,0.03
11523,5762,2026-08-25,2026-08-24,0,South,3,45,52.0,7.0,2,1,0,0,0.85,0.03
11524,5762,2026-08-26,2026-08-24,0,West,3,45,52.0,7.0,2,1,0,0,0.85,0.03
11525,5763,2026-08-27,2026-08-24,0,Central,3,45,52.0,7.0,2,1,0,0,0.85,0.03
11526,5763,2026-08-28,2026-08-24,0,North,3,45,52.0,7.0,2,1,0,0,0.85,0.03
11527,5764,2026-08-29,2026-08-24,1,South,3,45,52.0,7.0,2,1,0,0,0.85,0.03
11528,5764,2026-08-30,2026-08-24,1,West,3,45,52.0,7.0,2,1,0,0,0.85,0.03
11529,5765,2026-08-24,2026-08-24,0,Central,3,45,52.0,7.0,2,1,0,0,0.85,0.03
11530,5765,2026-08-25,2026-08-24,0,North,3,45,52.0,7.0,2,1,0,0,0.85,0.03
11531,5766,2026-08-26,2026-08-24,0,South,3,45,52.0,7.0,2,1,0,0,0.85,0.03
11532,5766,2026-08-27,2026-08-24,0,West,3,45,52.0,7.0,2,1,0,0,0.85,0.03
11533,5767,2026-08-28,2026-08-24,0,Central,3,45,52.0,7.0,2,1,0,0,0.85,0.03
11534,5767,2026-08-29,2026-08-24,1,North,3,45,52.0,7.0,2,1,0,0,0.85,0.03
11535,5768,2026-08-30,2026-08-24,1,South,3,45,52.0,7.0,2,1,0,0,0.85,0.03
11536,5768,2026-08-24,2026-08-24,0,West,3,45,52.0,7.0,2,1,0,0,0.85,0.03
11537,5769,2026-08-25,2026-08-24,0,Central,3,45,52.0,7.0,2,1,0,0,0.85,0.03
11538,5769,2026-08-26,2026-08-24,0,North,3,45,52.0,7.0,2,1,0,0,0.85,0.03
11539,5770,2026-08-27,2026-08-24,0,South,3,45,52.0,7.0,2,1,0,0,0.85,0.03
11540,5770,2026-08-28,2026-08-24,0,West,3,45,52.0,7.0,2,1,0,0,0.85,0.03
11541,5771,2026-08-29,2026-08-24,1,Central,3,45,52.0,7.0,2,1,0,0,0.85,0.03
11542,5771,2026-08-30,2026-08-24,1,North,3,45,52.0,7.0,2,1,0,0,0.85,0.03
11543,5772,2026-08-24,2026-08-24,0,South,3,45,52.0,7.0,2,1,0,0,0.85,0.03
11544,5772,2026-08-25,2026-08-24,0,West,3,45,52.0,7.0,2,1,0,0,0.85,0.03
11545,5773,2026-08-26,2026-08-24,0,Central,3,45,52.0,7.0,2,1,0,0,0.85,0.03
11546,5773,2026-08-27,2026-08-24,0,North,3,45,52.0,7.0,2,1,0,0,0.85,0.03
11547,5774,2026-08-28,2026-08-24,0,South,3,45,52.0,7.0,2,1,0,0,0.85,0.03
11548,5774,2026-08-29,2026-08-24,1,West,3,45,52.0,7.0,2,1,0,0,0.85,0.03
11549,5775,2026-08-30,2026-08-24,1,Central,3,45,52.0,7.0,2,1,0,0,0.85,0.03
11550,5775,2026-08-24,2026-08-24,0,North,3,45,52.0,7.0,2,1,0,0,0.85,0.03
11551,5776,2026-08-25,2026-08-24,0,South,3,45,52.0,7.0,2,1,0,0,0.85,0.03
11552,5776,2026-08-26,2026-08-24,0,West,3,45,52.0,7.0,2,1,0,0,0.85,0.03
11553,5777,2026-08-27,2026-08-24,0,Central,1,45,43.0,0.0,4,1,1,0,0.85,0.03
11554,5777,2026-08-28,2026-08-24,0,North,1,45,34.0,0.0,5,1,1,0,0.85,0.03
11555,5778,2026-08-29,2026-08-24,1,South,3,45,52.0,7.0,2,1,0,0,0.85,0.03
11556,5778,2026-08-30,2026-08-24,1,West,3,45,52.0,7.0,2,1,0,0,0.85,0.03
11557,5779,2026-08-24,2026-08-24,0,Central,1,45,35.0,0.0,5,1,1,0,0.85,0.03
11558,5779,2026-08-25,2026-08-24,0,North,1,45,40.0,0.0,3,1,1,0,0.85,0.03
11559,5780,2026-08-26,2026-08-24,0,South,1,45,45.0,0.0,4,1,1,0,0.85,0.03
11560,5780,2026-08-27,2026-08-24,0,West,1,45,36.0,0.0,5,1,1,0,0.85,0.03
11561,5781,2026-08-28,2026-08-24,0,Central,1,45,41.0,0.0,3,1,1,0,0.85,0.03
11562,5781,2026-08-29,2026-08-24,1,North,3,45,52.0,7.0,2,1,0,0,0.85,0.03
11563,5782,2026-08-30,2026-08-24,1,South,3,45,57.0,12.0,2,1,0,0,0.85,0.03
11564,5782,2026-08-24,2026-08-24,0,West,1,45,42.0,0.0,3,1,1,0,0.85,0.03
11565,5783,2026-08-25,2026-08-24,0,Central,1,45,33.0,0.0,4,1,1,0,0.85,0.03
11566,5783,2026-08-26,2026-08-24,0,North,1,45,38.0,0.0,5,1,1,0,0.85,0.03
11567,5784,2026-08-27,2026-08-24,0,South,1,45,43.0,0.0,3,1,1,0,0.85,0.03
11568,5784,2026-08-28,2026-08-24,0,West,1,45,34.0,0.0,4,1,1,0,0.85,0.03
11569,5785,2026-08-29,2026-08-24,1,Central,3,45,57.0,12.0,2,1,0,0,0.85,0.03
11570,5785,2026-08-30,2026-08-24,1,North,3,45,57.0,12.0,2,1,0,0,0.85,0.03
11571,5786,2026-08-24,2026-08-24,0,South,1,45,35.0,0.0,4,1,1,0,0.85,0.03
11572,5786,2026-08-25,2026-08-24,0,West,1,45,40.0,0.0,5,1,1,0,0.85,0.03
11573,5787,2026-08-26,2026-08-24,0,Central,1,45,45.0,0.0,3,1,1,0,0.85,0.03
11574,5787,2026-08-27,2026-08-24,0,North,1,45,36.0,0.0,4,1,1,0,0.85,0.03
11575,5788,2026-08-28,2026-08-24,0,South,1,45,41.0,0.0,5,1,1,0,0.85,0.03
11576,5788,2026-08-29,2026-08-24,1,West,3,45,57.0,12.0,2,1,0,0,0.85,0.03
11577,5789,2026-08-30,2026-08-24,1,Central,3,45,57.0,12.0,2,1,0,0,0.85,0.03
11578,5789,2026-08-24,2026-08-24,0,North,1,45,42.0,0.0,5,1,1,0,0.85,0.03
11579,5790,2026-08-25,2026-08-24,0,South,1,45,33.0,0.0,3,1,1,0,0.85,0.03
11580,5790,2026-08-26,2026-08-24,0,West,1,45,38.0,0.0,4,1,1,0,0.85,0.03
11581,5791,2026-08-27,2026-08-24,0,Central,1,45,43.0,0.0,5,1,1,0,0.85,0.03
11582,5791,2026-08-28,2026-08-24,0,North,1,45,34.0,0.0,3,1,1,0,0.85,0.03
11583,5792,2026-08-29,2026-08-24,1,South,3,45,57.0,12.0,2,1,0,0,0.85,0.03
11584,5792,2026-08-30,2026-08-24,1,West,3,45,57.0,12.0,2,1,0,0,0.85,0.03
11585,5793,2026-08-24,2026-08-24,0,Central,1,45,35.0,0.0,3,1,1,0,0.85,0.03
11586,5793,2026-08-25,2026-08-24,0,North,1,45,40.0,0.0,4,1,1,0,0.85,0.03
11587,5794,2026-08-26,2026-08-24,0,South,1,45,45.0,0.0,5,1,1,0,0.85,0.03
11588,5794,2026-08-27,2026-08-24,0,West,1,45,36.0,0.0,3,1,1,0,0.85,0.03
11589,5795,2026-08-28,2026-08-24,0,Central,1,45,41.0,0.0,4,1,1,0,0.85,0.03
11590,5795,2026-08-29,2026-08-24,1,North,3,45,57.0,12.0,2,1,0,0,0.85,0.03
11591,5796,2026-08-30,2026-08-24,1,South,3,45,57.0,12.0,2,1,0,0,0.85,0.03
11592,5796,2026-08-24,2026-08-24,0,West,1,45,42.0,0.0,4,1,1,0,0.85,0.03
11593,5797,2026-08-25,2026-08-24,0,Central,1,45,33.0,0.0,5,1,1,0,0.85,0.03
11594,5797,2026-08-26,2026-08-24,0,North,1,45,38.0,0.0,3,1,1,0,0.85,0.03
11595,5798,2026-08-27,2026-08-24,0,South,1,45,43.0,0.0,4,1,1,0,0.85,0.03
11596,5798,2026-08-28,2026-08-24,0,West,1,45,34.0,0.0,5,1,1,0,0.85,0.03
11597,5799,2026-08-29,2026-08-24,1,Central,3,45,57.0,12.0,2,1,0,0,0.85,0.03
11598,5799,2026-08-30,2026-08-24,1,North,3,45,57.0,12.0,2,1,0,0,0.85,0.03
11599,5800,2026-08-24,2026-08-24,0,South,1,45,35.0,0.0,5,1,1,0,0.85,0.03
11600,5800,2026-08-25,2026-08-24,0,West,1,45,40.0,0.0,3,1,1,0,0.85,0.03
11601,5801,2026-08-26,2026-08-24,0,Central,1,45,45.0,0.0,4,1,1,0,0.85,0.03
11602,5801,2026-08-27,2026-08-24,0,North,1,45,36.0,0.0,5,1,1,0,0.85,0.03
11603,5802,2026-08-28,2026-08-24,0,South,1,45,41.0,0.0,3,1,1,0,0.85,0.03
11604,5802,2026-08-29,2026-08-24,1,West,3,45,57.0,12.0,2,1,0,0,0.85,0.03
11605,5803,2026-08-30,2026-08-24,1,Central,3,45,57.0,12.0,2,1,0,0,0.85,0.03
11606,5803,2026-08-24,2026-08-24,0,North,1,45,42.0,0.0,3,1,1,0,0.85,0.03
11607,5804,2026-08-25,2026-08-24,0,South,1,45,33.0,0.0,4,1,1,0,0.85,0.03
11608,5804,2026-08-26,2026-08-24,0,West,1,45,38.0,0.0,5,1,1,0,0.85,0.03
11609,5805,2026-08-27,2026-08-24,0,Central,1,45,43.0,0.0,3,1,1,0,0.85,0.03
11610,5805,2026-08-28,2026-08-24,0,North,1,45,34.0,0.0,4,1,1,0,0.85,0.03
11611,5806,2026-08-29,2026-08-24,1,South,3,45,57.0,12.0,2,1,0,0,0.85,0.03
11612,5806,2026-08-30,2026-08-24,1,West,3,45,57.0,12.0,2,1,0,0,0.85,0.03
11613,5807,2026-08-24,2026-08-24,0,Central,1,45,35.0,0.0,4,1,1,0,0.85,0.03
11614,5807,2026-08-25,2026-08-24,0,North,1,45,40.0,0.0,5,1,1,0,0.85,0.03
11615,5808,2026-08-26,2026-08-24,0,South,1,45,45.0,0.0,3,1,1,0,0.85,0.03
11616,5808,2026-08-27,2026-08-24,0,West,1,45,36.0,0.0,4,1,1,0,0.85,0.03
11617,5809,2026-08-28,2026-08-24,0,Central,1,45,41.0,0.0,5,1,1,0,0.85,0.03
11618,5809,2026-08-29,2026-08-24,1,North,3,45,57.0,12.0,2,1,0,0,0.85,0.03
11619,5810,2026-08-30,2026-08-24,1,South,3,45,57.0,12.0,2,1,0,0,0.85,0.03
11620,5810,2026-08-24,2026-08-24,0,West,1,45,42.0,0.0,5,1,1,0,0.85,0.03
11621,5811,2026-08-25,2026-08-24,0,Central,1,45,33.0,0.0,3,1,1,0,0.85,0.03
11622,5811,2026-08-26,2026-08-24,0,North,1,45,38.0,0.0,4,1,1,0,0.85,0.03
11623,5812,2026-08-27,2026-08-24,0,South,1,45,43.0,0.0,5,1,1,0,0.85,0.03
11624,5812,2026-08-28,2026-08-24,0,West,1,45,34.0,0.0,3,1,1,0,0.85,0.03
11625,5813,2026-08-29,2026-08-24,1,Central,3,45,57.0,12.0,2,1,0,0,0.85,0.03
11626,5813,2026-08-30,2026-08-24,1,North,3,45,57.0,12.0,2,1,0,0,0.85,0.03
11627,5814,2026-08-24,2026-08-24,0,South,1,45,35.0,0.0,3,1,1,0,0.85,0.03
11628,5814,2026-08-25,2026-08-24,0,West,1,45,40.0,0.0,4,1,1,0,0.85,0.03
11629,5815,2026-08-26,2026-08-24,0,Central,1,45,45.0,0.0,5,1,1,0,0.85,0.03
11630,5815,2026-08-27,2026-08-24,0,North,1,45,36.0,0.0,3,1,1,0,0.85,0.03
11631,5816,2026-08-28,2026-08-24,0,South,1,45,41.0,0.0,4,1,1,0,0.85,0.03
11632,5816,2026-08-29,2026-08-24,1,West,3,45,57.0,12.0,2,1,0,0,0.85,0.03
11633,5817,2026-08-30,2026-08-24,1,Central,3,45,57.0,12.0,2,1,0,0,0.85,0.03
11634,5817,2026-08-24,2026-08-24,0,North,1,45,42.0,0.0,4,1,1,0,0.85,0.03
11635,5818,2026-08-25,2026-08-24,0,South,1,45,33.0,0.0,5,1,1,0,0.85,0.03
11636,5818,2026-08-26,2026-08-24,0,West,1,45,38.0,0.0,3,1,1,0,0.85,0.03
11637,5819,2026-08-27,2026-08-24,0,Central,1,45,43.0,0.0,4,1,1,0,0.85,0.03
11638,5819,2026-08-28,2026-08-24,0,North,1,45,34.0,0.0,5,1,1,0,0.85,0.03
11639,5820,2026-08-29,2026-08-24,1,South,3,45,57.0,12.0,2,1,0,0,0.85,0.03
11640,5820,2026-08-30,2026-08-24,1,West,3,45,57.0,12.0,2,1,0,0,0.85,0.03
11641,5821,2026-08-24,2026-08-24,0,Central,1,45,35.0,0.0,5,1,1,0,0.85,0.03
11642,5821,2026-08-25,2026-08-24,0,North,1,45,40.0,0.0,3,1,1,0,0.85,0.03
11643,5822,2026-08-26,2026-08-24,0,South,1,45,45.0,0.0,4,1,1,0,0.85,0.03
11644,5822,2026-08-27,2026-08-24,0,West,1,45,36.0,0.0,5,1,1,0,0.85,0.03
11645,5823,2026-08-28,2026-08-24,0,Central,1,45,41.0,0.0,3,1,1,0,0.85,0.03
11646,5823,2026-08-29,2026-08-24,1,North,3,45,57.0,12.0,2,1,0,0,0.85,0.03
11647,5824,2026-08-30,2026-08-24,1,South,3,45,57.0,12.0,2,1,0,0,0.85,0.03
11648,5824,2026-08-24,2026-08-24,0,West,1,45,42.0,0.0,3,1,1,0,0.85,0.03
11649,5825,2026-08-25,2026-08-24,0,Central,1,45,33.0,0.0,4,1,1,0,0.85,0.03
11650,5825,2026-08-26,2026-08-24,0,North,1,45,38.0,0.0,5,1,1,0,0.85,0.03
11651,5826,2026-08-27,2026-08-24,0,South,1,45,43.0,0.0,3,1,1,0,0.85,0.03
11652,5826,2026-08-28,2026-08-24,0,West,1,45,34.0,0.0,4,1,1,0,0.85,0.03
11653,5827,2026-08-29,2026-08-24,1,Central,3,45,57.0,12.0,2,1,0,0,0.85,0.03
11654,5827,2026-08-30,2026-08-24,1,North,3,45,57.0,12.0,2,1,0,0,0.85,0.03
11655,5828,2026-08-24,2026-08-24,0,South,1,45,35.0,0.0,4,1,1,0,0.85,0.03
11656,5828,2026-08-25,2026-08-24,0,West,1,45,40.0,0.0,5,1,1,0,0.85,0.03
11657,5829,2026-08-26,2026-08-24,0,Central,1,45,45.0,0.0,3,1,1,0,0.85,0.03
11658,5829,2026-08-27,2026-08-24,0,North,1,45,36.0,0.0,4,1,1,0,0.85,0.03
11659,5830,2026-08-28,2026-08-24,0,South,1,45,41.0,0.0,5,1,1,0,0.85,0.03
11660,5830,2026-08-29,2026-08-24,1,West,3,45,57.0,12.0,2,1,0,0,0.85,0.03
11661,5831,2026-08-30,2026-08-24,1,Central,3,45,57.0,12.0,2,1,0,0,0.85,0.03
11662,5831,2026-08-24,2026-08-24,0,North,1,45,42.0,0.0,5,1,1,0,0.85,0.03
11663,5832,2026-08-25,2026-08-24,0,South,1,45,33.0,0.0,3,1,1,0,0.85,0.03
11664,5832,2026-08-26,2026-08-24,0,West,1,45,38.0,0.0,4,1,1,0,0.85,0.03
11665,5833,2026-08-27,2026-08-24,0,Central,1,45,43.0,0.0,5,1,1,0,0.85,0.03
11666,5833,2026-08-28,2026-08-24,0,North,1,45,34.0,0.0,3,1,1,0,0.85,0.03
11667,5834,2026-08-29,2026-08-24,1,South,3,45,57.0,12.0,2,1,0,0,0.85,0.03
11668,5834,2026-08-30,2026-08-24,1,West,3,45,57.0,12.0,2,1,0,0,0.85,0.03
11669,5835,2026-08-24,2026-08-24,0,Central,1,45,35.0,0.0,3,1,1,0,0.85,0.03
11670,5835,2026-08-25,2026-08-24,0,North,1,45,40.0,0.0,4,1,1,0,0.85,0.03
11671,5836,2026-08-26,2026-08-24,0,South,1,45,45.0,0.0,5,1,1,0,0.85,0.03
11672,5836,2026-08-27,2026-08-24,0,West,1,45,36.0,0.0,3,1,1,0,0.85,0.03
11673,5837,2026-08-28,2026-08-24,0,Central,1,45,41.0,0.0,4,1,1,0,0.85,0.03
11674,5837,2026-08-29,2026-08-24,1,North,3,45,57.0,12.0,2,1,0,0,0.85,0.03
11675,5838,2026-08-30,2026-08-24,1,South,3,45,57.0,12.0,2,1,0,0,0.85,0.03
11676,5838,2026-08-24,2026-08-24,0,West,1,45,42.0,0.0,4,1,1,0,0.85,0.03
11677,5839,2026-08-25,2026-08-24,0,Central,1,45,33.0,0.0,5,1,1,0,0.85,0.03
11678,5839,2026-08-26,2026-08-24,0,North,1,45,38.0,0.0,3,1,1,0,0.85,0.03
11679,5840,2026-08-27,2026-08-24,0,South,1,45,43.0,0.0,4,1,1,0,0.85,0.03
11680,5840,2026-08-28,2026-08-24,0,West,1,45,34.0,0.0,5,1,1,0,0.85,0.03
11681,5841,2026-08-29,2026-08-24,1,Central,3,45,57.0,12.0,2,1,0,0,0.85,0.03
11682,5841,2026-08-30,2026-08-24,1,North,3,45,57.0,12.0,2,1,0,0,0.85,0.03
11683,5842,2026-08-24,2026-08-24,0,South,1,45,35.0,0.0,5,1,1,0,0.85,0.03
11684,5842,2026-08-25,2026-08-24,0,West,1,45,40.0,0.0,3,1,1,0,0.85,0.03
11685,5843,2026-08-26,2026-08-24,0,Central,1,45,45.0,0.0,4,1,1,0,0.85,0.03
11686,5843,2026-08-27,2026-08-24,0,North,1,45,36.0,0.0,5,1,1,0,0.85,0.03
11687,5844,2026-08-28,2026-08-24,0,South,1,45,41.0,0.0,3,1,1,0,0.85,0.03
11688,5844,2026-08-29,2026-08-24,1,West,3,45,57.0,12.0,2,1,0,0,0.85,0.03
11689,5845,2026-08-30,2026-08-24,1,Central,3,45,57.0,12.0,2,1,0,0,0.85,0.03
11690,5845,2026-08-24,2026-08-24,0,North,1,45,42.0,0.0,3,1,1,0,0.85,0.03
11691,5846,2026-08-25,2026-08-24,0,South,1,45,33.0,0.0,4,1,1,0,0.85,0.03
11692,5846,2026-08-26,2026-08-24,0,West,1,45,38.0,0.0,5,1,1,0,0.85,0.03
11693,5847,2026-08-27,2026-08-24,0,Central,1,45,43.0,0.0,3,1,1,0,0.85,0.03
11694,5847,2026-08-28,2026-08-24,0,North,1,45,34.0,0.0,4,1,1,0,0.85,0.03
11695,5848,2026-08-29,2026-08-24,1,South,3,45,57.0,12.0,2,1,0,0,0.85,0.03
11696,5848,2026-08-30,2026-08-24,1,West,3,45,57.0,12.0,2,1,0,0,0.85,0.03
11697,5849,2026-08-24,2026-08-24,0,Central,1,45,35.0,0.0,4,1,1,0,0.85,0.03
11698,5849,2026-08-25,2026-08-24,0,North,1,45,40.0,0.0,5,1,1,0,0.85,0.03
11699,5850,2026-08-26,2026-08-24,0,South,1,45,45.0,0.0,3,1,1,0,0.85,0.03
11700,5850,2026-08-27,2026-08-24,0,West,1,45,36.0,0.0,4,1,1,0,0.85,0.03
11701,5851,2026-08-28,2026-08-24,0,Central,1,45,41.0,0.0,5,1,1,0,0.85,0.03
11702,5851,2026-08-29,2026-08-24,1,North,3,45,57.0,12.0,2,1,0,0,0.85,0.03
11703,5852,2026-08-30,2026-08-24,1,South,3,45,57.0,12.0,2,1,0,0,0.85,0.03
11704,5852,2026-08-24,2026-08-24,0,West,1,45,42.0,0.0,5,1,1,0,0.85,0.03
11705,5853,2026-08-25,2026-08-24,0,Central,1,45,33.0,0.0,3,1,1,0,0.85,0.03
11706,5853,2026-08-26,2026-08-24,0,North,1,45,38.0,0.0,4,1,1,0,0.85,0.03
11707,5854,2026-08-27,2026-08-24,0,South,1,45,43.0,0.0,5,1,1,0,0.85,0.03
11708,5854,2026-08-28,2026-08-24,0,West,1,45,34.0,0.0,3,1,1,0,0.85,0.03
11709,5855,2026-08-29,2026-08-24,1,Central,3,45,76.0,31.0,2,1,0,0,0.85,0.03
11710,5855,2026-08-30,2026-08-24,1,North,3,45,76.0,31.0,2,1,0,0,0.85,0.03
11711,5856,2026-08-24,2026-08-24,0,South,1,45,35.0,0.0,3,1,1,0,0.85,0.03
11712,5856,2026-08-25,2026-08-24,0,West,1,45,40.0,0.0,4,1,1,0,0.85,0.03
11713,5857,2026-08-26,2026-08-24,0,Central,1,45,45.0,0.0,5,1,1,0,0.85,0.03
11714,5857,2026-08-27,2026-08-24,0,North,1,45,36.0,0.0,3,1,1,0,0.85,0.03
11715,5858,2026-08-28,2026-08-24,0,South,1,45,41.0,0.0,4,1,1,0,0.85,0.03
11716,5858,2026-08-29,2026-08-24,1,West,3,45,95.0,50.0,2,1,0,0,0.85,0.03
11717,5859,2026-08-30,2026-08-24,1,Central,3,45,95.0,50.0,2,1,0,0,0.85,0.03
11718,5859,2026-08-24,2026-08-24,0,North,1,45,42.0,0.0,4,1,1,0,0.85,0.03
11719,5860,2026-08-25,2026-08-24,0,South,1,45,33.0,0.0,5,1,1,0,0.85,0.03
11720,5860,2026-08-26,2026-08-24,0,West,1,45,38.0,0.0,3,1,1,0,0.85,0.03
11721,5861,2026-08-27,2026-08-24,0,Central,1,45,43.0,0.0,4,1,1,0,0.85,0.03
11722,5861,2026-08-28,2026-08-24,0,North,1,45,34.0,0.0,5,1,1,0,0.85,0.03
11723,5862,2026-08-29,2026-08-24,1,South,3,45,95.0,50.0,2,1,0,0,0.85,0.03
11724,5862,2026-08-30,2026-08-24,1,West,3,45,95.0,50.0,2,1,0,0,0.85,0.03
11725,5863,2026-08-24,2026-08-24,0,Central,1,45,35.0,0.0,5,1,1,0,0.85,0.03
11726,5863,2026-08-25,2026-08-24,0,North,1,45,40.0,0.0,3,1,1,0,0.85,0.03
11727,5864,2026-08-26,2026-08-24,0,South,1,45,45.0,0.0,4,1,1,0,0.85,0.03
11728,5864,2026-08-27,2026-08-24,0,West,1,45,36.0,0.0,5,1,1,0,0.85,0.03
11729,5865,2026-08-28,2026-08-24,0,Central,1,45,41.0,0.0,3,1,1,0,0.85,0.03
11730,5865,2026-08-29,2026-08-24,1,North,3,45,95.0,50.0,2,1,0,0,0.85,0.03
11731,5866,2026-08-30,2026-08-24,1,South,3,45,95.0,50.0,2,1,0,0,0.85,0.03
11732,5866,2026-08-24,2026-08-24,0,West,1,45,42.0,0.0,3,1,1,0,0.85,0.03
11733,5867,2026-08-25,2026-08-24,0,Central,1,45,33.0,0.0,4,1,1,0,0.85,0.03
11734,5867,2026-08-26,2026-08-24,0,North,1,45,38.0,0.0,5,1,1,0,0.85,0.03
11735,5868,2026-08-27,2026-08-24,0,South,1,45,43.0,0.0,3,1,1,0,0.85,0.03
11736,5868,2026-08-28,2026-08-24,0,West,1,45,34.0,0.0,4,1,1,0,0.85,0.03
11737,5869,2026-08-29,2026-08-24,1,Central,3,45,95.0,50.0,2,1,0,0,0.85,0.03
11738,5869,2026-08-30,2026-08-24,1,North,3,45,95.0,50.0,2,1,0,0,0.85,0.03
11739,5870,2026-08-24,2026-08-24,0,South,1,45,35.0,0.0,4,1,1,0,0.85,0.03
11740,5870,2026-08-25,2026-08-24,0,West,1,45,40.0,0.0,5,1,1,0,0.85,0.03
11741,5871,2026-08-26,2026-08-24,0,Central,1,45,45.0,0.0,3,1,1,0,0.85,0.03
11742,5871,2026-08-27,2026-08-24,0,North,1,45,36.0,0.0,4,1,1,0,0.85,0.03
11743,5872,2026-08-28,2026-08-24,0,South,1,45,41.0,0.0,5,1,1,0,0.85,0.03
11744,5872,2026-08-29,2026-08-24,1,West,3,45,95.0,50.0,2,1,0,0,0.85,0.03
11745,5873,2026-08-30,2026-08-24,1,Central,3,45,95.2,50.2,2,1,0,0,0.85,0.03
11746,5873,2026-08-24,2026-08-24,0,North,1,45,42.0,0.0,5,1,1,0,0.85,0.03
11747,5874,2026-08-25,2026-08-24,0,South,1,45,33.0,0.0,3,1,1,0,0.85,0.03
11748,5874,2026-08-26,2026-08-24,0,West,1,45,38.0,0.0,4,1,1,0,0.85,0.03
11749,5875,2026-08-27,2026-08-24,0,Central,1,45,43.0,0.0,5,1,1,0,0.85,0.03
11750,5875,2026-08-28,2026-08-24,0,North,1,45,34.0,0.0,3,1,1,0,0.85,0.03
11751,5876,2026-08-29,2026-08-24,1,South,1,45,39.0,0.0,4,1,1,0,0.85,0.03
11752,5876,2026-08-30,2026-08-24,1,West,1,45,44.0,0.0,5,1,1,0,0.85,0.03
11753,5877,2026-08-24,2026-08-24,0,Central,1,45,35.0,0.0,3,1,1,0,0.85,0.03
11754,5877,2026-08-25,2026-08-24,0,North,1,45,40.0,0.0,4,1,1,0,0.85,0.03
11755,5878,2026-08-26,2026-08-24,0,South,1,45,45.0,0.0,5,1,1,0,0.85,0.03
11756,5878,2026-08-27,2026-08-24,0,West,1,45,36.0,0.0,3,1,1,0,0.85,0.03
11757,5879,2026-08-28,2026-08-24,0,Central,1,45,41.0,0.0,4,1,1,0,0.85,0.03
11758,5879,2026-08-29,2026-08-24,1,North,1,45,32.0,0.0,5,1,1,0,0.85,0.03
11759,5880,2026-08-30,2026-08-24,1,South,1,45,37.0,0.0,3,1,1,0,0.85,0.03
11760,5880,2026-08-24,2026-08-24,0,West,1,45,42.0,0.0,4,1,1,0,0.85,0.03
11761,5881,2026-08-25,2026-08-24,0,Central,1,45,33.0,0.0,5,1,1,0,0.85,0.03
11762,5881,2026-08-26,2026-08-24,0,North,1,45,38.0,0.0,3,1,1,0,0.85,0.03
11763,5882,2026-08-27,2026-08-24,0,South,1,45,43.0,0.0,4,1,1,0,0.85,0.03
11764,5882,2026-08-28,2026-08-24,0,West,1,45,34.0,0.0,5,1,1,0,0.85,0.03
11765,5883,2026-08-29,2026-08-24,1,Central,1,45,39.0,0.0,3,1,1,0,0.85,0.03
11766,5883,2026-08-30,2026-08-24,1,North,1,45,44.0,0.0,4,1,1,0,0.85,0.03
11767,5884,2026-08-24,2026-08-24,0,South,1,45,35.0,0.0,5,1,1,0,0.85,0.03
11768,5884,2026-08-25,2026-08-24,0,West,1,45,40.0,0.0,3,1,1,0,0.85,0.03
11769,5885,2026-08-26,2026-08-24,0,Central,1,45,45.0,0.0,4,1,1,0,0.85,0.03
11770,5885,2026-08-27,2026-08-24,0,North,1,45,36.0,0.0,5,1,1,0,0.85,0.03
11771,5886,2026-08-28,2026-08-24,0,South,1,45,41.0,0.0,3,1,1,0,0.85,0.03
11772,5886,2026-08-29,2026-08-24,1,West,1,45,32.0,0.0,4,1,1,0,0.85,0.03
11773,5887,2026-08-30,2026-08-24,1,Central,1,45,37.0,0.0,5,1,1,0,0.85,0.03
11774,5887,2026-08-24,2026-08-24,0,North,1,45,42.0,0.0,3,1,1,0,0.85,0.03
11775,5888,2026-08-25,2026-08-24,0,South,1,45,33.0,0.0,4,1,1,0,0.85,0.03
11776,5888,2026-08-26,2026-08-24,0,West,1,45,38.0,0.0,5,1,1,0,0.85,0.03
11777,5889,2026-08-27,2026-08-24,0,Central,1,45,43.0,0.0,3,1,1,0,0.85,0.03
11778,5889,2026-08-28,2026-08-24,0,North,1,45,34.0,0.0,4,1,1,0,0.85,0.03
11779,5890,2026-08-29,2026-08-24,1,South,1,45,39.0,0.0,5,1,1,0,0.85,0.03
11780,5890,2026-08-30,2026-08-24,1,West,1,45,44.0,0.0,3,1,1,0,0.85,0.03
11781,5891,2026-08-24,2026-08-24,0,Central,1,45,35.0,0.0,4,1,1,0,0.85,0.03
11782,5891,2026-08-25,2026-08-24,0,North,1,45,40.0,0.0,5,1,1,0,0.85,0.03
11783,5892,2026-08-26,2026-08-24,0,South,1,45,45.0,0.0,3,1,1,0,0.85,0.03
11784,5892,2026-08-27,2026-08-24,0,West,1,45,36.0,0.0,4,1,1,0,0.85,0.03
11785,5893,2026-08-28,2026-08-24,0,Central,1,45,41.0,0.0,5,1,1,0,0.85,0.03
11786,5893,2026-08-29,2026-08-24,1,North,1,45,32.0,0.0,3,1,1,0,0.85,0.03
11787,5894,2026-08-30,2026-08-24,1,South,1,45,37.0,0.0,4,1,1,0,0.85,0.03
11788,5894,2026-08-24,2026-08-24,0,West,1,45,42.0,0.0,5,1,1,0,0.85,0.03
11789,5895,2026-08-25,2026-08-24,0,Central,1,45,33.0,0.0,3,1,1,0,0.85,0.03
11790,5895,2026-08-26,2026-08-24,0,North,1,45,38.0,0.0,4,1,1,0,0.85,0.03
11791,5896,2026-08-27,2026-08-24,0,South,1,45,43.0,0.0,5,1,1,0,0.85,0.03
11792,5896,2026-08-28,2026-08-24,0,West,1,45,34.0,0.0,3,1,1,0,0.85,0.03
11793,5897,2026-08-29,2026-08-24,1,Central,1,45,39.0,0.0,4,1,1,0,0.85,0.03
11794,5897,2026-08-30,2026-08-24,1,North,1,45,44.0,0.0,5,1,1,0,0.85,0.03
11795,5898,2026-08-24,2026-08-24,0,South,1,45,35.0,0.0,3,1,1,0,0.85,0.03
11796,5898,2026-08-25,2026-08-24,0,West,1,45,40.0,0.0,4,1,1,0,0.85,0.03
11797,5899,2026-08-26,2026-08-24,0,Central,1,45,45.0,0.0,5,1,1,0,0.85,0.03
11798,5899,2026-08-27,2026-08-24,0,North,1,45,36.0,0.0,3,1,1,0,0.85,0.03
11799,5900,2026-08-28,2026-08-24,0,South,1,45,41.0,0.0,4,1,1,0,0.85,0.03
11800,5900,2026-08-29,2026-08-24,1,West,1,45,32.0,0.0,5,1,1,0,0.85,0.03
11801,5901,2026-08-30,2026-08-24,1,Central,1,45,37.0,0.0,3,1,1,0,0.85,0.03
11802,5901,2026-08-24,2026-08-24,0,North,1,45,42.0,0.0,4,1,1,0,0.85,0.03
11803,5902,2026-08-25,2026-08-24,0,South,1,45,33.0,0.0,5,1,1,0,0.85,0.03
11804,5902,2026-08-26,2026-08-24,0,West,1,45,38.0,0.0,3,1,1,0,0.85,0.03
11805,5903,2026-08-27,2026-08-24,0,Central,1,45,43.0,0.0,4,1,1,0,0.85,0.03
11806,5903,2026-08-28,2026-08-24,0,North,1,45,34.0,0.0,5,1,1,0,0.85,0.03
11807,5904,2026-08-29,2026-08-24,1,South,1,45,39.0,0.0,3,1,1,0,0.85,0.03
11808,5904,2026-08-30,2026-08-24,1,West,1,45,44.0,0.0,4,1,1,0,0.85,0.03
11809,5905,2026-08-24,2026-08-24,0,Central,1,45,35.0,0.0,5,1,1,0,0.85,0.03
11810,5905,2026-08-25,2026-08-24,0,North,1,45,40.0,0.0,3,1,1,0,0.85,0.03
11811,5906,2026-08-26,2026-08-24,0,South,1,45,45.0,0.0,4,1,1,0,0.85,0.03
11812,5906,2026-08-27,2026-08-24,0,West,1,45,36.0,0.0,5,1,1,0,0.85,0.03
11813,5907,2026-08-28,2026-08-24,0,Central,1,45,41.0,0.0,3,1,1,0,0.85,0.03
11814,5907,2026-08-29,2026-08-24,1,North,1,45,32.0,0.0,4,1,1,0,0.85,0.03
11815,5908,2026-08-30,2026-08-24,1,South,1,45,37.0,0.0,5,1,1,0,0.85,0.03
11816,5908,2026-08-24,2026-08-24,0,West,1,45,42.0,0.0,3,1,1,0,0.85,0.03
11817,5909,2026-08-25,2026-08-24,0,Central,1,45,33.0,0.0,4,1,1,0,0.85,0.03
11818,5909,2026-08-26,2026-08-24,0,North,1,45,38.0,0.0,5,1,1,0,0.85,0.03
11819,5910,2026-08-27,2026-08-24,0,South,1,45,43.0,0.0,3,1,1,0,0.85,0.03
11820,5910,2026-08-28,2026-08-24,0,West,1,45,34.0,0.0,4,1,1,0,0.85,0.03
11821,5911,2026-08-29,2026-08-24,1,Central,1,45,39.0,0.0,5,1,1,0,0.85,0.03
11822,5911,2026-08-30,2026-08-24,1,North,1,45,44.0,0.0,3,1,1,0,0.85,0.03
11823,5912,2026-08-24,2026-08-24,0,South,1,45,35.0,0.0,4,1,1,0,0.85,0.03
11824,5912,2026-08-25,2026-08-24,0,West,1,45,40.0,0.0,5,1,1,0,0.85,0.03
11825,5913,2026-08-26,2026-08-24,0,Central,1,45,45.0,0.0,3,1,1,0,0.85,0.03
11826,5913,2026-08-27,2026-08-24,0,North,1,45,36.0,0.0,4,1,1,0,0.85,0.03
11827,5914,2026-08-28,2026-08-24,0,South,1,45,41.0,0.0,5,1,1,0,0.85,0.03
11828,5914,2026-08-29,2026-08-24,1,West,1,45,32.0,0.0,3,1,1,0,0.85,0.03
11829,5915,2026-08-30,2026-08-24,1,Central,1,45,37.0,0.0,4,1,1,0,0.85,0.03
11830,5915,2026-08-24,2026-08-24,0,North,1,45,42.0,0.0,5,1,1,0,0.85,0.03
11831,5916,2026-08-25,2026-08-24,0,South,1,45,33.0,0.0,3,1,1,0,0.85,0.03
11832,5916,2026-08-26,2026-08-24,0,West,1,45,38.0,0.0,4,1,1,0,0.85,0.03
11833,5917,2026-08-27,2026-08-24,0,Central,1,45,43.0,0.0,5,1,1,0,0.85,0.03
11834,5917,2026-08-28,2026-08-24,0,North,1,45,34.0,0.0,3,1,1,0,0.85,0.03
11835,5918,2026-08-29,2026-08-24,1,South,1,45,39.0,0.0,4,1,1,0,0.85,0.03
11836,5918,2026-08-30,2026-08-24,1,West,1,45,44.0,0.0,5,1,1,0,0.85,0.03
11837,5919,2026-08-24,2026-08-24,0,Central,1,45,35.0,0.0,3,1,1,0,0.85,0.03
11838,5919,2026-08-25,2026-08-24,0,North,1,45,40.0,0.0,4,1,1,0,0.85,0.03
11839,5920,2026-08-26,2026-08-24,0,South,1,45,45.0,0.0,5,1,1,0,0.85,0.03
11840,5920,2026-08-27,2026-08-24,0,West,1,45,36.0,0.0,3,1,1,0,0.85,0.03
11841,5921,2026-08-28,2026-08-24,0,Central,1,45,41.0,0.0,4,1,1,0,0.85,0.03
11842,5921,2026-08-29,2026-08-24,1,North,1,45,32.0,0.0,5,1,1,0,0.85,0.03
11843,5922,2026-08-30,2026-08-24,1,South,1,45,37.0,0.0,3,1,1,0,0.85,0.03
11844,5922,2026-08-24,2026-08-24,0,West,1,45,42.0,0.0,4,1,1,0,0.85,0.03
11845,5923,2026-08-25,2026-08-24,0,Central,1,45,33.0,0.0,5,1,1,0,0.85,0.03
11846,5923,2026-08-26,2026-08-24,0,North,1,45,38.0,0.0,3,1,1,0,0.85,0.03
11847,5924,2026-08-27,2026-08-24,0,South,1,45,43.0,0.0,4,1,1,0,0.85,0.03
11848,5924,2026-08-28,2026-08-24,0,West,1,45,34.0,0.0,5,1,1,0,0.85,0.03
11849,5925,2026-08-29,2026-08-24,1,Central,1,45,39.0,0.0,3,1,1,0,0.85,0.03
11850,5925,2026-08-30,2026-08-24,1,North,1,45,44.0,0.0,4,1,1,0,0.85,0.03
11851,5926,2026-08-24,2026-08-24,0,South,1,45,35.0,0.0,5,1,1,0,0.85,0.03
11852,5926,2026-08-25,2026-08-24,0,West,1,45,40.0,0.0,3,1,1,0,0.85,0.03
11853,5927,2026-08-26,2026-08-24,0,Central,1,45,45.0,0.0,4,1,1,0,0.85,0.03
11854,5927,2026-08-27,2026-08-24,0,North,1,45,36.0,0.0,5,1,1,0,0.85,0.03
11855,5928,2026-08-28,2026-08-24,0,South,1,45,41.0,0.0,3,1,1,0,0.85,0.03
11856,5928,2026-08-29,2026-08-24,1,West,1,45,32.0,0.0,4,1,1,0,0.85,0.03
11857,5929,2026-08-30,2026-08-24,1,Central,1,45,37.0,0.0,5,1,1,0,0.85,0.03
11858,5929,2026-08-24,2026-08-24,0,North,1,45,42.0,0.0,3,1,1,0,0.85,0.03
11859,5930,2026-08-25,2026-08-24,0,South,1,45,33.0,0.0,4,1,1,0,0.85,0.03
11860,5930,2026-08-26,2026-08-24,0,West,1,45,38.0,0.0,5,1,1,0,0.85,0.03
11861,5931,2026-08-27,2026-08-24,0,Central,1,45,43.0,0.0,3,1,1,0,0.85,0.03
11862,5931,2026-08-28,2026-08-24,0,North,1,45,34.0,0.0,4,1,1,0,0.85,0.03
11863,5932,2026-08-29,2026-08-24,1,South,1,45,39.0,0.0,5,1,1,0,0.85,0.03
11864,5932,2026-08-30,2026-08-24,1,West,1,45,44.0,0.0,3,1,1,0,0.85,0.03
11865,5933,2026-08-24,2026-08-24,0,Central,1,45,35.0,0.0,4,1,1,0,0.85,0.03
11866,5933,2026-08-25,2026-08-24,0,North,1,45,40.0,0.0,5,1,1,0,0.85,0.03
11867,5934,2026-08-26,2026-08-24,0,South,1,45,45.0,0.0,3,1,1,0,0.85,0.03
11868,5934,2026-08-27,2026-08-24,0,West,1,45,36.0,0.0,4,1,1,0,0.85,0.03
11869,5935,2026-08-28,2026-08-24,0,Central,1,45,41.0,0.0,5,1,1,0,0.85,0.03
11870,5935,2026-08-29,2026-08-24,1,North,1,45,32.0,0.0,3,1,1,0,0.85,0.03
11871,5936,2026-08-30,2026-08-24,1,South,1,45,37.0,0.0,4,1,1,0,0.85,0.03
11872,5936,2026-08-24,2026-08-24,0,West,1,45,42.0,0.0,5,1,1,0,0.85,0.03
11873,5937,2026-08-25,2026-08-24,0,Central,1,45,33.0,0.0,3,1,1,0,0.85,0.03
11874,5937,2026-08-26,2026-08-24,0,North,1,45,38.0,0.0,4,1,1,0,0.85,0.03
11875,5938,2026-08-27,2026-08-24,0,South,1,45,43.0,0.0,5,1,1,0,0.85,0.03
11876,5938,2026-08-28,2026-08-24,0,West,1,45,34.0,0.0,3,1,1,0,0.85,0.03
11877,5939,2026-08-29,2026-08-24,1,Central,1,45,39.0,0.0,4,1,1,0,0.85,0.03
11878,5939,2026-08-30,2026-08-24,1,North,1,45,44.0,0.0,5,1,1,0,0.85,0.03
11879,5940,2026-08-24,2026-08-24,0,South,1,45,35.0,0.0,3,1,1,0,0.85,0.03
11880,5940,2026-08-25,2026-08-24,0,West,1,45,40.0,0.0,4,1,1,0,0.85,0.03
11881,5941,2026-08-26,2026-08-24,0,Central,1,45,45.0,0.0,5,1,1,0,0.85,0.03
11882,5941,2026-08-27,2026-08-24,0,North,1,45,36.0,0.0,3,1,1,0,0.85,0.03
11883,5942,2026-08-28,2026-08-24,0,South,1,45,41.0,0.0,4,1,1,0,0.85,0.03
11884,5942,2026-08-29,2026-08-24,1,West,1,45,32.0,0.0,5,1,1,0,0.85,0.03
11885,5943,2026-08-30,2026-08-24,1,Central,1,45,37.0,0.0,3,1,1,0,0.85,0.03
11886,5943,2026-08-24,2026-08-24,0,North,1,45,42.0,0.0,4,1,1,0,0.85,0.03
11887,5944,2026-08-25,2026-08-24,0,South,1,45,33.0,0.0,5,1,1,0,0.85,0.03
11888,5944,2026-08-26,2026-08-24,0,West,1,45,38.0,0.0,3,1,1,0,0.85,0.03
11889,5945,2026-08-27,2026-08-24,0,Central,1,45,43.0,0.0,4,1,1,0,0.85,0.03
11890,5945,2026-08-28,2026-08-24,0,North,1,45,34.0,0.0,5,1,1,0,0.85,0.03
11891,5946,2026-08-29,2026-08-24,1,South,1,45,39.0,0.0,3,1,1,0,0.85,0.03
11892,5946,2026-08-30,2026-08-24,1,West,1,45,44.0,0.0,4,1,1,0,0.85,0.03
11893,5947,2026-08-24,2026-08-24,0,Central,1,45,35.0,0.0,5,1,1,0,0.85,0.03
11894,5947,2026-08-25,2026-08-24,0,North,1,45,40.0,0.0,3,1,1,0,0.85,0.03
11895,5948,2026-08-26,2026-08-24,0,South,1,45,45.0,0.0,4,1,1,0,0.85,0.03
11896,5948,2026-08-27,2026-08-24,0,West,1,45,36.0,0.0,5,1,1,0,0.85,0.03
11897,5949,2026-08-28,2026-08-24,0,Central,1,45,41.0,0.0,3,1,1,0,0.85,0.03
11898,5949,2026-08-29,2026-08-24,1,North,1,45,32.0,0.0,4,1,1,0,0.85,0.03
11899,5950,2026-08-30,2026-08-24,1,South,1,45,37.0,0.0,5,1,1,0,0.85,0.03
11900,5950,2026-08-24,2026-08-24,0,West,1,45,42.0,0.0,3,1,1,0,0.85,0.03
11901,5951,2026-08-25,2026-08-24,0,Central,1,45,33.0,0.0,4,1,1,0,0.85,0.03
11902,5951,2026-08-26,2026-08-24,0,North,1,45,38.0,0.0,5,1,1,0,0.85,0.03
11903,5952,2026-08-27,2026-08-24,0,South,1,45,43.0,0.0,3,1,1,0,0.85,0.03
11904,5952,2026-08-28,2026-08-24,0,West,1,45,34.0,0.0,4,1,1,0,0.85,0.03
11905,5953,2026-08-29,2026-08-24,1,Central,1,45,39.0,0.0,5,1,1,0,0.85,0.03
11906,5953,2026-08-30,2026-08-24,1,North,1,45,44.0,0.0,3,1,1,0,0.85,0.03
11907,5954,2026-08-24,2026-08-24,0,South,1,45,35.0,0.0,4,1,1,0,0.85,0.03
11908,5954,2026-08-25,2026-08-24,0,West,1,45,40.0,0.0,5,1,1,0,0.85,0.03
11909,5955,2026-08-26,2026-08-24,0,Central,1,45,45.0,0.0,3,1,1,0,0.85,0.03
11910,5955,2026-08-27,2026-08-24,0,North,1,45,36.0,0.0,4,1,1,0,0.85,0.03
11911,5956,2026-08-28,2026-08-24,0,South,1,45,41.0,0.0,5,1,1,0,0.85,0.03
11912,5956,2026-08-29,2026-08-24,1,West,1,45,32.0,0.0,3,1,1,0,0.85,0.03
11913,5957,2026-08-30,2026-08-24,1,Central,1,45,37.0,0.0,4,1,1,0,0.85,0.03
11914,5957,2026-08-24,2026-08-24,0,North,1,45,42.0,0.0,5,1,1,0,0.85,0.03
11915,5958,2026-08-25,2026-08-24,0,South,1,45,33.0,0.0,3,1,1,0,0.85,0.03
11916,5958,2026-08-26,2026-08-24,0,West,1,45,38.0,0.0,4,1,1,0,0.85,0.03
11917,5959,2026-08-27,2026-08-24,0,Central,1,45,43.0,0.0,5,1,1,0,0.85,0.03
11918,5959,2026-08-28,2026-08-24,0,North,1,45,34.0,0.0,3,1,1,0,0.85,0.03
11919,5960,2026-08-29,2026-08-24,1,South,1,45,39.0,0.0,4,1,1,0,0.85,0.03
11920,5960,2026-08-30,2026-08-24,1,West,1,45,44.0,0.0,5,1,1,0,0.85,0.03
11921,5961,2026-08-24,2026-08-24,0,Central,1,45,35.0,0.0,3,1,1,0,0.85,0.03
11922,5961,2026-08-25,2026-08-24,0,North,1,45,40.0,0.0,4,1,1,0,0.85,0.03
11923,5962,2026-08-26,2026-08-24,0,South,1,45,45.0,0.0,5,1,1,0,0.85,0.03
11924,5962,2026-08-27,2026-08-24,0,West,1,45,36.0,0.0,3,1,1,0,0.85,0.03
11925,5963,2026-08-28,2026-08-24,0,Central,1,45,41.0,0.0,4,1,1,0,0.85,0.03
11926,5963,2026-08-29,2026-08-24,1,North,1,45,32.0,0.0,5,1,1,0,0.85,0.03
11927,5964,2026-08-30,2026-08-24,1,South,1,45,37.0,0.0,3,1,1,0,0.85,0.03
11928,5964,2026-08-24,2026-08-24,0,West,1,45,42.0,0.0,4,1,1,0,0.85,0.03
11929,5965,2026-08-25,2026-08-24,0,Central,1,45,33.0,0.0,5,1,1,0,0.85,0.03
11930,5965,2026-08-26,2026-08-24,0,North,1,45,38.0,0.0,3,1,1,0,0.85,0.03
11931,5966,2026-08-27,2026-08-24,0,South,1,45,43.0,0.0,4,1,1,0,0.85,0.03
11932,5966,2026-08-28,2026-08-24,0,West,1,45,34.0,0.0,5,1,1,0,0.85,0.03
11933,5967,2026-08-29,2026-08-24,1,Central,1,45,39.0,0.0,3,1,1,0,0.85,0.03
11934,5967,2026-08-30,2026-08-24,1,North,1,45,44.0,0.0,4,1,1,0,0.85,0.03
11935,5968,2026-08-24,2026-08-24,0,South,1,45,35.0,0.0,5,1,1,0,0.85,0.03
11936,5968,2026-08-25,2026-08-24,0,West,1,45,40.0,0.0,3,1,1,0,0.85,0.03
11937,5969,2026-08-26,2026-08-24,0,Central,1,45,45.0,0.0,4,1,1,0,0.85,0.03
11938,5969,2026-08-27,2026-08-24,0,North,1,45,36.0,0.0,5,1,1,0,0.85,0.03
11939,5970,2026-08-28,2026-08-24,0,South,1,45,41.0,0.0,3,1,1,0,0.85,0.03
11940,5970,2026-08-29,2026-08-24,1,West,1,45,32.0,0.0,4,1,1,0,0.85,0.03
11941,5971,2026-08-30,2026-08-24,1,Central,1,45,37.0,0.0,5,1,1,0,0.85,0.03
11942,5971,2026-08-24,2026-08-24,0,North,1,45,42.0,0.0,3,1,1,0,0.85,0.03
11943,5972,2026-08-25,2026-08-24,0,South,1,45,33.0,0.0,4,1,1,0,0.85,0.03
11944,5972,2026-08-26,2026-08-24,0,West,1,45,38.0,0.0,5,1,1,0,0.85,0.03
11945,5973,2026-08-27,2026-08-24,0,Central,1,45,43.0,0.0,3,1,1,0,0.85,0.03
11946,5973,2026-08-28,2026-08-24,0,North,1,45,34.0,0.0,4,1,1,0,0.85,0.03
11947,5974,2026-08-29,2026-08-24,1,South,1,45,39.0,0.0,5,1,1,0,0.85,0.03
11948,5974,2026-08-30,2026-08-24,1,West,1,45,44.0,0.0,3,1,1,0,0.85,0.03
11949,5975,2026-08-24,2026-08-24,0,Central,1,45,35.0,0.0,4,1,1,0,0.85,0.03
11950,5975,2026-08-25,2026-08-24,0,North,1,45,40.0,0.0,5,1,1,0,0.85,0.03
11951,5976,2026-08-26,2026-08-24,0,South,1,45,45.0,0.0,3,1,1,0,0.85,0.03
11952,5976,2026-08-27,2026-08-24,0,West,1,45,36.0,0.0,4,1,1,0,0.85,0.03
11953,5977,2026-08-28,2026-08-24,0,Central,1,45,41.0,0.0,5,1,1,0,0.85,0.03
11954,5977,2026-08-29,2026-08-24,1,North,1,45,32.0,0.0,3,1,1,0,0.85,0.03
11955,5978,2026-08-30,2026-08-24,1,South,1,45,37.0,0.0,4,1,1,0,0.85,0.03
11956,5978,2026-08-24,2026-08-24,0,West,1,45,42.0,0.0,5,1,1,0,0.85,0.03
11957,5979,2026-08-25,2026-08-24,0,Central,1,45,33.0,0.0,3,1,1,0,0.85,0.03
11958,5979,2026-08-26,2026-08-24,0,North,1,45,38.0,0.0,4,1,1,0,0.85,0.03
11959,5980,2026-08-27,2026-08-24,0,South,1,45,43.0,0.0,5,1,1,0,0.85,0.03
11960,5980,2026-08-28,2026-08-24,0,West,1,45,34.0,0.0,3,1,1,0,0.85,0.03
11961,5981,2026-08-29,2026-08-24,1,Central,1,45,39.0,0.0,4,1,1,0,0.85,0.03
11962,5981,2026-08-30,2026-08-24,1,North,1,45,44.0,0.0,5,1,1,0,0.85,0.03
11963,5982,2026-08-24,2026-08-24,0,South,1,45,35.0,0.0,3,1,1,0,0.85,0.03
11964,5982,2026-08-25,2026-08-24,0,West,1,45,40.0,0.0,4,1,1,0,0.85,0.03
11965,5983,2026-08-26,2026-08-24,0,Central,1,45,45.0,0.0,5,1,1,0,0.85,0.03
11966,5983,2026-08-27,2026-08-24,0,North,1,45,36.0,0.0,3,1,1,0,0.85,0.03
11967,5984,2026-08-28,2026-08-24,0,South,1,45,41.0,0.0,4,1,1,0,0.85,0.03
11968,5984,2026-08-29,2026-08-24,1,West,1,45,32.0,0.0,5,1,1,0,0.85,0.03
11969,5985,2026-08-30,2026-08-24,1,Central,1,45,37.0,0.0,3,1,1,0,0.85,0.03
11970,5985,2026-08-24,2026-08-24,0,North,1,45,42.0,0.0,4,1,1,0,0.85,0.03
11971,5986,2026-08-25,2026-08-24,0,South,1,45,33.0,0.0,5,1,1,0,0.85,0.03
11972,5986,2026-08-26,2026-08-24,0,West,1,45,38.0,0.0,3,1,1,0,0.85,0.03
11973,5987,2026-08-27,2026-08-24,0,Central,1,45,43.0,0.0,4,1,1,0,0.85,0.03
11974,5987,2026-08-28,2026-08-24,0,North,1,45,34.0,0.0,5,1,1,0,0.85,0.03
11975,5988,2026-08-29,2026-08-24,1,South,1,45,39.0,0.0,3,1,1,0,0.85,0.03
11976,5988,2026-08-30,2026-08-24,1,West,1,45,44.0,0.0,4,1,1,0,0.85,0.03
11977,5989,2026-08-24,2026-08-24,0,Central,1,45,35.0,0.0,5,1,1,0,0.85,0.03
11978,5989,2026-08-25,2026-08-24,0,North,1,45,40.0,0.0,3,1,1,0,0.85,0.03
11979,5990,2026-08-26,2026-08-24,0,South,1,45,45.0,0.0,4,1,1,0,0.85,0.03
11980,5990,2026-08-27,2026-08-24,0,West,1,45,36.0,0.0,5,1,1,0,0.85,0.03
11981,5991,2026-08-28,2026-08-24,0,Central,1,45,41.0,0.0,3,1,1,0,0.85,0.03
11982,5991,2026-08-29,2026-08-24,1,North,1,45,32.0,0.0,4,1,1,0,0.85,0.03
11983,5992,2026-08-30,2026-08-24,1,South,1,45,37.0,0.0,5,1,1,0,0.85,0.03
11984,5992,2026-08-24,2026-08-24,0,West,1,45,42.0,0.0,3,1,1,0,0.85,0.03
11985,5993,2026-08-25,2026-08-24,0,Central,1,45,33.0,0.0,4,1,1,0,0.85,0.03
11986,5993,2026-08-26,2026-08-24,0,North,1,45,38.0,0.0,5,1,1,0,0.85,0.03
11987,5994,2026-08-27,2026-08-24,0,South,1,45,43.0,0.0,3,1,1,0,0.85,0.03
11988,5994,2026-08-28,2026-08-24,0,West,1,45,34.0,0.0,4,1,1,0,0.85,0.03
11989,5995,2026-08-29,2026-08-24,1,Central,1,45,39.0,0.0,5,1,1,0,0.85,0.03
11990,5995,2026-08-30,2026-08-24,1,North,1,45,44.0,0.0,3,1,1,0,0.85,0.03
11991,5996,2026-08-24,2026-08-24,0,South,1,45,35.0,0.0,4,1,1,0,0.85,0.03
11992,5996,2026-08-25,2026-08-24,0,West,1,45,40.0,0.0,5,1,1,0,0.85,0.03
11993,5997,2026-08-26,2026-08-24,0,Central,1,45,45.0,0.0,3,1,1,0,0.85,0.03
11994,5997,2026-08-27,2026-08-24,0,North,1,45,36.0,0.0,4,1,1,0,0.85,0.03
11995,5998,2026-08-28,2026-08-24,0,South,1,45,41.0,0.0,5,1,1,0,0.85,0.03
11996,5998,2026-08-29,2026-08-24,1,West,1,45,32.0,0.0,3,1,1,0,0.85,0.03
11997,5999,2026-08-30,2026-08-24,1,Central,1,45,37.0,0.0,4,1,1,0,0.85,0.03
11998,5999,2026-08-24,2026-08-24,0,North,1,45,42.0,0.0,5,1,1,0,0.85,0.03
11999,6000,2026-08-25,2026-08-24,0,South,1,45,33.0,0.0,3,1,1,0,0.85,0.03
12000,6000,2026-08-26,2026-08-24,0,West,1,45,38.0,0.0,4,1,1,0,0.85,0.03
